{"cause":{"commonWireVersion":0,"compatible":true,"heartbeatFrequencyMS":10000,"localThresholdMS":15,"logicalSessionTimeoutMinutes":null,"maxElectionId":null,"maxSetVersion":null,"servers":{"localhost:27017":{"$clusterTime":null,"address":"localhost:27017","arbiters":[],"electionId":null,"error":{"beforeHandshake":false,"errorLabelSet":{}},"hosts":[],"iscryptd":false,"lastUpdateTime":395860505,"lastWriteDate":0,"logicalSessionTimeoutMinutes":null,"maxBsonObjectSize":null,"maxMessageSizeBytes":null,"maxWireVersion":0,"maxWriteBatchSize":null,"me":null,"minRoundTripTime":0,"minWireVersion":0,"passives":[],"primary":null,"roundTripTime":-1,"setName":null,"setVersion":null,"tags":{},"topologyVersion":null,"type":"Unknown"}},"setName":null,"stale":false,"type":"Unknown"},"errorLabelSet":{},"level":"error","message":"connect ECONNREFUSED ::1:27017, connect ECONNREFUSED 127.0.0.1:27017","reason":{"commonWireVersion":0,"compatible":true,"heartbeatFrequencyMS":10000,"localThresholdMS":15,"logicalSessionTimeoutMinutes":null,"maxElectionId":null,"maxSetVersion":null,"servers":{"localhost:27017":{"$clusterTime":null,"address":"localhost:27017","arbiters":[],"electionId":null,"error":{"beforeHandshake":false,"errorLabelSet":{}},"hosts":[],"iscryptd":false,"lastUpdateTime":395860505,"lastWriteDate":0,"logicalSessionTimeoutMinutes":null,"maxBsonObjectSize":null,"maxMessageSizeBytes":null,"maxWireVersion":0,"maxWriteBatchSize":null,"me":null,"minRoundTripTime":0,"minWireVersion":0,"passives":[],"primary":null,"roundTripTime":-1,"setName":null,"setVersion":null,"tags":{},"topologyVersion":null,"type":"Unknown"}},"setName":null,"stale":false,"type":"Unknown"},"service":"zolvex-backend","stack":"MongooseServerSelectionError: connect ECONNREFUSED ::1:27017, connect ECONNREFUSED 127.0.0.1:27017\n    at _handleConnectionErrors (/Users/rrejin/Downloads/zolvex-deepclean/server/node_modules/mongoose/lib/connection.js:1169:11)\n    at NativeConnection.openUri (/Users/rrejin/Downloads/zolvex-deepclean/server/node_modules/mongoose/lib/connection.js:1100:11)\n    at async connectDB (/Users/rrejin/Downloads/zolvex-deepclean/server/src/database/connect.js:7:18)\n    at async startServer (/Users/rrejin/Downloads/zolvex-deepclean/server/src/server.js:10:3)","timestamp":"2026-07-30 00:05:04"}
{"cause":{"commonWireVersion":0,"compatible":true,"heartbeatFrequencyMS":10000,"localThresholdMS":15,"logicalSessionTimeoutMinutes":null,"maxElectionId":null,"maxSetVersion":null,"servers":{"localhost:27017":{"$clusterTime":null,"address":"localhost:27017","arbiters":[],"electionId":null,"error":{"beforeHandshake":false,"errorLabelSet":{}},"hosts":[],"iscryptd":false,"lastUpdateTime":395883900,"lastWriteDate":0,"logicalSessionTimeoutMinutes":null,"maxBsonObjectSize":null,"maxMessageSizeBytes":null,"maxWireVersion":0,"maxWriteBatchSize":null,"me":null,"minRoundTripTime":0,"minWireVersion":0,"passives":[],"primary":null,"roundTripTime":-1,"setName":null,"setVersion":null,"tags":{},"topologyVersion":null,"type":"Unknown"}},"setName":null,"stale":false,"type":"Unknown"},"errorLabelSet":{},"level":"error","message":"connect ECONNREFUSED ::1:27017, connect ECONNREFUSED 127.0.0.1:27017","reason":{"commonWireVersion":0,"compatible":true,"heartbeatFrequencyMS":10000,"localThresholdMS":15,"logicalSessionTimeoutMinutes":null,"maxElectionId":null,"maxSetVersion":null,"servers":{"localhost:27017":{"$clusterTime":null,"address":"localhost:27017","arbiters":[],"electionId":null,"error":{"beforeHandshake":false,"errorLabelSet":{}},"hosts":[],"iscryptd":false,"lastUpdateTime":395883900,"lastWriteDate":0,"logicalSessionTimeoutMinutes":null,"maxBsonObjectSize":null,"maxMessageSizeBytes":null,"maxWireVersion":0,"maxWriteBatchSize":null,"me":null,"minRoundTripTime":0,"minWireVersion":0,"passives":[],"primary":null,"roundTripTime":-1,"setName":null,"setVersion":null,"tags":{},"topologyVersion":null,"type":"Unknown"}},"setName":null,"stale":false,"type":"Unknown"},"service":"zolvex-backend","stack":"MongooseServerSelectionError: connect ECONNREFUSED ::1:27017, connect ECONNREFUSED 127.0.0.1:27017\n    at _handleConnectionErrors (/Users/rrejin/Downloads/zolvex-deepclean/server/node_modules/mongoose/lib/connection.js:1169:11)\n    at NativeConnection.openUri (/Users/rrejin/Downloads/zolvex-deepclean/server/node_modules/mongoose/lib/connection.js:1100:11)\n    at async connectDB (/Users/rrejin/Downloads/zolvex-deepclean/server/src/database/connect.js:7:18)\n    at async startServer (/Users/rrejin/Downloads/zolvex-deepclean/server/src/server.js:10:3)","timestamp":"2026-07-30 00:05:28"}
{"level":"warn","message":"⚠️ MongoDB daemon not detected at mongodb://localhost:27017/zolvex_deepclean. Running backend with in-memory fallback mode.","service":"zolvex-backend","timestamp":"2026-07-30 00:05:57"}
{"level":"warn","message":"⚠️ MongoDB daemon not detected at mongodb://localhost:27017/zolvex_deepclean. Running backend with in-memory fallback mode.","service":"zolvex-backend","timestamp":"2026-07-30 00:06:57"}
{"level":"info","message":"🚀 Zolvex Enterprise Backend running in [development] on http://localhost:5002","service":"zolvex-backend","timestamp":"2026-07-30 00:06:57"}
{"level":"info","message":"📡 Health Check: http://localhost:5002/api/v1/health","service":"zolvex-backend","timestamp":"2026-07-30 00:06:57"}
{"level":"info","message":"📚 Swagger Docs: http://localhost:5002/api/v1/docs","service":"zolvex-backend","timestamp":"2026-07-30 00:06:57"}
{"ip":"::1","level":"error","message":"[POST] /api/v1/bookings - 500: Operation `auditlogs.insertOne()` buffering timed out after 10000ms","service":"zolvex-backend","stack":"MongooseError: Operation `auditlogs.insertOne()` buffering timed out after 10000ms\n    at Timeout.<anonymous> (/Users/rrejin/Downloads/zolvex-deepclean/server/node_modules/mongoose/lib/drivers/node-mongodb-native/collection.js:187:23)\n    at listOnTimeout (node:internal/timers:605:17)\n    at process.processTimers (node:internal/timers:541:7)","timestamp":"2026-07-30 00:07:30"}
{"level":"warn","message":"⚠️ MongoDB daemon not detected at mongodb://localhost:27017/zolvex_deepclean. Running backend with in-memory fallback mode.","service":"zolvex-backend","timestamp":"2026-07-30 00:07:45"}
{"level":"warn","message":"⚠️ MongoDB daemon not detected at mongodb://localhost:27017/zolvex_deepclean. Running backend with in-memory fallback mode.","service":"zolvex-backend","timestamp":"2026-07-30 00:07:55"}
{"level":"info","message":"🚀 Zolvex Enterprise Backend running in [development] on http://localhost:5002","service":"zolvex-backend","timestamp":"2026-07-30 00:07:55"}
{"level":"info","message":"📡 Health Check: http://localhost:5002/api/v1/health","service":"zolvex-backend","timestamp":"2026-07-30 00:07:55"}
{"level":"info","message":"📚 Swagger Docs: http://localhost:5002/api/v1/docs","service":"zolvex-backend","timestamp":"2026-07-30 00:07:55"}
{"level":"warn","message":"⚠️ MongoDB daemon not detected at mongodb://localhost:27017/zolvex_deepclean. Running backend with in-memory fallback mode.","service":"zolvex-backend","timestamp":"2026-07-30 00:26:31"}
{"level":"info","message":"🚀 Zolvex Enterprise Backend running in [development] on http://localhost:5002","service":"zolvex-backend","timestamp":"2026-07-30 00:26:31"}
{"level":"info","message":"📡 Health Check: http://localhost:5002/api/v1/health","service":"zolvex-backend","timestamp":"2026-07-30 00:26:31"}
{"level":"info","message":"📚 Swagger Docs: http://localhost:5002/api/v1/docs","service":"zolvex-backend","timestamp":"2026-07-30 00:26:31"}
{"ip":"::1","level":"error","message":"[GET] /favicon.ico - 404: Cannot find endpoint /favicon.ico on this server","service":"zolvex-backend","stack":"Error: Cannot find endpoint /favicon.ico on this server\n    at notFound (/Users/rrejin/Downloads/zolvex-deepclean/server/src/middleware/notFound.js:4:8)\n    at Layer.handle [as handle_request] (/Users/rrejin/Downloads/zolvex-deepclean/server/node_modules/express/lib/router/layer.js:95:5)\n    at trim_prefix (/Users/rrejin/Downloads/zolvex-deepclean/server/node_modules/express/lib/router/index.js:328:13)\n    at /Users/rrejin/Downloads/zolvex-deepclean/server/node_modules/express/lib/router/index.js:286:9\n    at router.process_params (/Users/rrejin/Downloads/zolvex-deepclean/server/node_modules/express/lib/router/index.js:346:12)\n    at next (/Users/rrejin/Downloads/zolvex-deepclean/server/node_modules/express/lib/router/index.js:280:10)\n    at logger (/Users/rrejin/Downloads/zolvex-deepclean/server/node_modules/morgan/index.js:170:5)\n    at Layer.handle [as handle_request] (/Users/rrejin/Downloads/zolvex-deepclean/server/node_modules/express/lib/router/layer.js:95:5)\n    at trim_prefix (/Users/rrejin/Downloads/zolvex-deepclean/server/node_modules/express/lib/router/index.js:328:13)\n    at /Users/rrejin/Downloads/zolvex-deepclean/server/node_modules/express/lib/router/index.js:286:9","timestamp":"2026-07-30 00:29:02"}
{"level":"warn","message":"⚠️ MongoDB daemon not detected at mongodb://localhost:27017/zolvex_deepclean. Running backend with in-memory fallback mode.","service":"zolvex-backend","timestamp":"2026-07-30 00:33:46"}
{"level":"info","message":"🚀 Zolvex Enterprise Backend running in [development] on http://localhost:5002","service":"zolvex-backend","timestamp":"2026-07-30 00:33:46"}
{"level":"info","message":"📡 Health Check: http://localhost:5002/api/v1/health","service":"zolvex-backend","timestamp":"2026-07-30 00:33:46"}
{"level":"info","message":"📚 Swagger Docs: http://localhost:5002/api/v1/docs","service":"zolvex-backend","timestamp":"2026-07-30 00:33:46"}
{"level":"warn","message":"⚠️ MongoDB daemon not detected at mongodb://localhost:27017/zolvex_deepclean. Running backend with in-memory fallback mode.","service":"zolvex-backend","timestamp":"2026-07-30 00:46:51"}
{"level":"info","message":"🚀 Zolvex Enterprise Backend running in [development] on http://localhost:5002","service":"zolvex-backend","timestamp":"2026-07-30 00:46:51"}
{"level":"info","message":"📡 Health Check: http://localhost:5002/api/v1/health","service":"zolvex-backend","timestamp":"2026-07-30 00:46:51"}
{"level":"info","message":"📚 Swagger Docs: http://localhost:5002/api/v1/docs","service":"zolvex-backend","timestamp":"2026-07-30 00:46:51"}
{"level":"warn","message":"⚠️ MongoDB daemon not detected at mongodb://localhost:27017/zolvex_deepclean. Running backend with in-memory fallback mode.","service":"zolvex-backend","timestamp":"2026-07-30 00:46:54"}
{"level":"info","message":"🚀 Zolvex Enterprise Backend running in [development] on http://localhost:5002","service":"zolvex-backend","timestamp":"2026-07-30 00:46:54"}
{"level":"info","message":"📡 Health Check: http://localhost:5002/api/v1/health","service":"zolvex-backend","timestamp":"2026-07-30 00:46:54"}
{"level":"info","message":"📚 Swagger Docs: http://localhost:5002/api/v1/docs","service":"zolvex-backend","timestamp":"2026-07-30 00:46:54"}
{"level":"warn","message":"⚠️ MongoDB daemon not detected at mongodb://localhost:27017/zolvex_deepclean. Running backend with in-memory fallback mode.","service":"zolvex-backend","timestamp":"2026-07-30 00:46:57"}
{"level":"info","message":"🚀 Zolvex Enterprise Backend running in [development] on http://localhost:5002","service":"zolvex-backend","timestamp":"2026-07-30 00:46:57"}
{"level":"info","message":"📡 Health Check: http://localhost:5002/api/v1/health","service":"zolvex-backend","timestamp":"2026-07-30 00:46:57"}
{"level":"info","message":"📚 Swagger Docs: http://localhost:5002/api/v1/docs","service":"zolvex-backend","timestamp":"2026-07-30 00:46:57"}
{"level":"warn","message":"⚠️ MongoDB daemon not detected at mongodb://localhost:27017/zolvex_deepclean. Running backend with in-memory fallback mode.","service":"zolvex-backend","timestamp":"2026-07-30 00:47:01"}
{"level":"info","message":"🚀 Zolvex Enterprise Backend running in [development] on http://localhost:5002","service":"zolvex-backend","timestamp":"2026-07-30 00:47:01"}
{"level":"info","message":"📡 Health Check: http://localhost:5002/api/v1/health","service":"zolvex-backend","timestamp":"2026-07-30 00:47:01"}
{"level":"info","message":"📚 Swagger Docs: http://localhost:5002/api/v1/docs","service":"zolvex-backend","timestamp":"2026-07-30 00:47:01"}
{"level":"warn","message":"⚠️ MongoDB daemon not detected at mongodb://localhost:27017/zolvex_deepclean. Running backend with in-memory fallback mode.","service":"zolvex-backend","timestamp":"2026-07-30 00:47:03"}
{"level":"info","message":"🚀 Zolvex Enterprise Backend running in [development] on http://localhost:5002","service":"zolvex-backend","timestamp":"2026-07-30 00:47:03"}
{"level":"info","message":"📡 Health Check: http://localhost:5002/api/v1/health","service":"zolvex-backend","timestamp":"2026-07-30 00:47:03"}
{"level":"info","message":"📚 Swagger Docs: http://localhost:5002/api/v1/docs","service":"zolvex-backend","timestamp":"2026-07-30 00:47:03"}
{"level":"warn","message":"⚠️ MongoDB daemon not detected at mongodb://localhost:27017/zolvex_deepclean. Running backend with in-memory fallback mode.","service":"zolvex-backend","timestamp":"2026-07-30 00:47:08"}
{"level":"info","message":"🚀 Zolvex Enterprise Backend running in [development] on http://localhost:5002","service":"zolvex-backend","timestamp":"2026-07-30 00:47:08"}
{"level":"info","message":"📡 Health Check: http://localhost:5002/api/v1/health","service":"zolvex-backend","timestamp":"2026-07-30 00:47:08"}
{"level":"info","message":"📚 Swagger Docs: http://localhost:5002/api/v1/docs","service":"zolvex-backend","timestamp":"2026-07-30 00:47:08"}
{"level":"warn","message":"⚠️ MongoDB daemon not detected at mongodb://localhost:27017/zolvex_deepclean. Running backend with in-memory fallback mode.","service":"zolvex-backend","timestamp":"2026-07-30 00:47:11"}
{"level":"info","message":"🚀 Zolvex Enterprise Backend running in [development] on http://localhost:5002","service":"zolvex-backend","timestamp":"2026-07-30 00:47:11"}
{"level":"info","message":"📡 Health Check: http://localhost:5002/api/v1/health","service":"zolvex-backend","timestamp":"2026-07-30 00:47:11"}
{"level":"info","message":"📚 Swagger Docs: http://localhost:5002/api/v1/docs","service":"zolvex-backend","timestamp":"2026-07-30 00:47:11"}
{"level":"warn","message":"⚠️ MongoDB daemon not detected at mongodb://localhost:27017/zolvex_deepclean. Running backend with in-memory fallback mode.","service":"zolvex-backend","timestamp":"2026-07-30 00:47:14"}
{"level":"info","message":"🚀 Zolvex Enterprise Backend running in [development] on http://localhost:5002","service":"zolvex-backend","timestamp":"2026-07-30 00:47:14"}
{"level":"info","message":"📡 Health Check: http://localhost:5002/api/v1/health","service":"zolvex-backend","timestamp":"2026-07-30 00:47:14"}
{"level":"info","message":"📚 Swagger Docs: http://localhost:5002/api/v1/docs","service":"zolvex-backend","timestamp":"2026-07-30 00:47:14"}
{"level":"warn","message":"⚠️ MongoDB daemon not detected at mongodb://localhost:27017/zolvex_deepclean. Running backend with in-memory fallback mode.","service":"zolvex-backend","timestamp":"2026-07-30 00:47:21"}
{"level":"info","message":"🚀 Zolvex Enterprise Backend running in [development] on http://localhost:5002","service":"zolvex-backend","timestamp":"2026-07-30 00:47:21"}
{"level":"info","message":"📡 Health Check: http://localhost:5002/api/v1/health","service":"zolvex-backend","timestamp":"2026-07-30 00:47:21"}
{"level":"info","message":"📚 Swagger Docs: http://localhost:5002/api/v1/docs","service":"zolvex-backend","timestamp":"2026-07-30 00:47:21"}
{"level":"warn","message":"⚠️ MongoDB daemon not detected at mongodb://localhost:27017/zolvex_deepclean. Running backend with in-memory fallback mode.","service":"zolvex-backend","timestamp":"2026-07-30 00:58:50"}
{"level":"info","message":"🚀 Zolvex Enterprise Backend running in [development] on http://localhost:5002","service":"zolvex-backend","timestamp":"2026-07-30 00:58:50"}
{"level":"info","message":"📡 Health Check: http://localhost:5002/api/v1/health","service":"zolvex-backend","timestamp":"2026-07-30 00:58:50"}
{"level":"info","message":"📚 Swagger Docs: http://localhost:5002/api/v1/docs","service":"zolvex-backend","timestamp":"2026-07-30 00:58:50"}
{"level":"warn","message":"⚠️ MongoDB daemon not detected at mongodb://localhost:27017/zolvex_deepclean. Running backend with in-memory fallback mode.","service":"zolvex-backend","timestamp":"2026-07-30 00:58:55"}
{"level":"info","message":"🚀 Zolvex Enterprise Backend running in [development] on http://localhost:5002","service":"zolvex-backend","timestamp":"2026-07-30 00:58:55"}
{"level":"info","message":"📡 Health Check: http://localhost:5002/api/v1/health","service":"zolvex-backend","timestamp":"2026-07-30 00:58:55"}
{"level":"info","message":"📚 Swagger Docs: http://localhost:5002/api/v1/docs","service":"zolvex-backend","timestamp":"2026-07-30 00:58:55"}
{"level":"warn","message":"⚠️ MongoDB daemon not detected at mongodb://localhost:27017/zolvex_deepclean. Running backend with in-memory fallback mode.","service":"zolvex-backend","timestamp":"2026-07-30 00:58:59"}
{"level":"info","message":"🚀 Zolvex Enterprise Backend running in [development] on http://localhost:5002","service":"zolvex-backend","timestamp":"2026-07-30 00:58:59"}
{"level":"info","message":"📡 Health Check: http://localhost:5002/api/v1/health","service":"zolvex-backend","timestamp":"2026-07-30 00:58:59"}
{"level":"info","message":"📚 Swagger Docs: http://localhost:5002/api/v1/docs","service":"zolvex-backend","timestamp":"2026-07-30 00:58:59"}
{"level":"warn","message":"⚠️ MongoDB daemon not detected at mongodb://localhost:27017/zolvex_deepclean. Running backend with in-memory fallback mode.","service":"zolvex-backend","timestamp":"2026-07-30 00:59:05"}
{"level":"info","message":"🚀 Zolvex Enterprise Backend running in [development] on http://localhost:5002","service":"zolvex-backend","timestamp":"2026-07-30 00:59:05"}
{"level":"info","message":"📡 Health Check: http://localhost:5002/api/v1/health","service":"zolvex-backend","timestamp":"2026-07-30 00:59:05"}
{"level":"info","message":"📚 Swagger Docs: http://localhost:5002/api/v1/docs","service":"zolvex-backend","timestamp":"2026-07-30 00:59:05"}
{"level":"warn","message":"⚠️ MongoDB daemon not detected at mongodb://localhost:27017/zolvex_deepclean. Running backend with in-memory fallback mode.","service":"zolvex-backend","timestamp":"2026-07-30 00:59:12"}
{"level":"info","message":"🚀 Zolvex Enterprise Backend running in [development] on http://localhost:5002","service":"zolvex-backend","timestamp":"2026-07-30 00:59:12"}
{"level":"info","message":"📡 Health Check: http://localhost:5002/api/v1/health","service":"zolvex-backend","timestamp":"2026-07-30 00:59:12"}
{"level":"info","message":"📚 Swagger Docs: http://localhost:5002/api/v1/docs","service":"zolvex-backend","timestamp":"2026-07-30 00:59:12"}
{"level":"warn","message":"⚠️ MongoDB daemon not detected at mongodb://localhost:27017/zolvex_deepclean. Running backend with in-memory fallback mode.","service":"zolvex-backend","timestamp":"2026-07-30 00:59:17"}
{"level":"info","message":"🚀 Zolvex Enterprise Backend running in [development] on http://localhost:5002","service":"zolvex-backend","timestamp":"2026-07-30 00:59:17"}
{"level":"info","message":"📡 Health Check: http://localhost:5002/api/v1/health","service":"zolvex-backend","timestamp":"2026-07-30 00:59:17"}
{"level":"info","message":"📚 Swagger Docs: http://localhost:5002/api/v1/docs","service":"zolvex-backend","timestamp":"2026-07-30 00:59:17"}
{"level":"warn","message":"⚠️ MongoDB daemon not detected at mongodb://localhost:27017/zolvex_deepclean. Running backend with in-memory fallback mode.","service":"zolvex-backend","timestamp":"2026-07-30 01:07:54"}
{"level":"info","message":"🚀 Zolvex Enterprise Backend running in [development] on http://localhost:5002","service":"zolvex-backend","timestamp":"2026-07-30 01:07:54"}
{"level":"info","message":"📡 Health Check: http://localhost:5002/api/v1/health","service":"zolvex-backend","timestamp":"2026-07-30 01:07:54"}
{"level":"info","message":"📚 Swagger Docs: http://localhost:5002/api/v1/docs","service":"zolvex-backend","timestamp":"2026-07-30 01:07:54"}
{"level":"warn","message":"⚠️ MongoDB daemon not detected at mongodb://localhost:27017/zolvex_deepclean. Running backend with in-memory fallback mode.","service":"zolvex-backend","timestamp":"2026-07-30 01:10:48"}
{"level":"info","message":"🚀 Zolvex Enterprise Backend running in [development] on http://localhost:5002","service":"zolvex-backend","timestamp":"2026-07-30 01:10:48"}
{"level":"info","message":"📡 Health Check: http://localhost:5002/api/v1/health","service":"zolvex-backend","timestamp":"2026-07-30 01:10:48"}
{"level":"info","message":"📚 Swagger Docs: http://localhost:5002/api/v1/docs","service":"zolvex-backend","timestamp":"2026-07-30 01:10:48"}
{"level":"warn","message":"⚠️ MongoDB daemon not detected at mongodb://localhost:27017/zolvex_deepclean. Running backend with in-memory fallback mode.","service":"zolvex-backend","timestamp":"2026-07-30 01:17:03"}
{"level":"info","message":"🚀 Zolvex Enterprise Backend running in [development] on http://localhost:5002","service":"zolvex-backend","timestamp":"2026-07-30 01:17:03"}
{"level":"info","message":"📡 Health Check: http://localhost:5002/api/v1/health","service":"zolvex-backend","timestamp":"2026-07-30 01:17:03"}
{"level":"info","message":"📚 Swagger Docs: http://localhost:5002/api/v1/docs","service":"zolvex-backend","timestamp":"2026-07-30 01:17:03"}
{"level":"warn","message":"⚠️ MongoDB daemon not detected at mongodb://localhost:27017/zolvex_deepclean. Running backend with in-memory fallback mode.","service":"zolvex-backend","timestamp":"2026-07-30 01:31:29"}
{"level":"warn","message":"⚠️ MongoDB daemon not detected at mongodb://localhost:27017/zolvex_deepclean. Running backend with in-memory fallback mode.","service":"zolvex-backend","timestamp":"2026-07-30 01:31:38"}
{"level":"info","message":"🚀 Zolvex Enterprise Backend running in [development] on http://localhost:5002","service":"zolvex-backend","timestamp":"2026-07-30 01:31:38"}
{"level":"info","message":"📡 Health Check: http://localhost:5002/api/v1/health","service":"zolvex-backend","timestamp":"2026-07-30 01:31:38"}
{"level":"info","message":"📚 Swagger Docs: http://localhost:5002/api/v1/docs","service":"zolvex-backend","timestamp":"2026-07-30 01:31:38"}
{"level":"warn","message":"⚠️ MongoDB daemon not detected at mongodb://localhost:27017/zolvex_deepclean. Running backend with in-memory fallback mode.","service":"zolvex-backend","timestamp":"2026-07-30 01:41:26"}
{"level":"info","message":"🍃 MongoDB Connected: localhost/zolvex_deepclean","service":"zolvex-backend","timestamp":"2026-07-30 02:02:30"}
{"level":"info","message":"🚀 Zolvex Enterprise Backend running in [development] on http://localhost:5002","service":"zolvex-backend","timestamp":"2026-07-30 02:02:30"}
{"level":"info","message":"📡 Health Check: http://localhost:5002/api/v1/health","service":"zolvex-backend","timestamp":"2026-07-30 02:02:30"}
{"level":"info","message":"📚 Swagger Docs: http://localhost:5002/api/v1/docs","service":"zolvex-backend","timestamp":"2026-07-30 02:02:30"}
{"level":"info","message":"🍃 MongoDB Connected: localhost/zolvex_deepclean","service":"zolvex-backend","timestamp":"2026-07-30 02:17:10"}
{"level":"info","message":"🚀 Zolvex Enterprise Backend running in [development] on http://localhost:5002","service":"zolvex-backend","timestamp":"2026-07-30 02:17:10"}
{"level":"info","message":"📡 Health Check: http://localhost:5002/api/v1/health","service":"zolvex-backend","timestamp":"2026-07-30 02:17:10"}
{"level":"info","message":"📚 Swagger Docs: http://localhost:5002/api/v1/docs","service":"zolvex-backend","timestamp":"2026-07-30 02:17:10"}
{"level":"info","message":"🍃 MongoDB Connected: localhost/zolvex_deepclean","service":"zolvex-backend","timestamp":"2026-07-30 02:17:17"}
{"level":"info","message":"🚀 Zolvex Enterprise Backend running in [development] on http://localhost:5002","service":"zolvex-backend","timestamp":"2026-07-30 02:17:17"}
{"level":"info","message":"📡 Health Check: http://localhost:5002/api/v1/health","service":"zolvex-backend","timestamp":"2026-07-30 02:17:17"}
{"level":"info","message":"📚 Swagger Docs: http://localhost:5002/api/v1/docs","service":"zolvex-backend","timestamp":"2026-07-30 02:17:17"}
{"level":"info","message":"🍃 MongoDB Connected: localhost/zolvex_deepclean","service":"zolvex-backend","timestamp":"2026-07-30 02:17:23"}
{"level":"info","message":"🚀 Zolvex Enterprise Backend running in [development] on http://localhost:5002","service":"zolvex-backend","timestamp":"2026-07-30 02:17:23"}
{"level":"info","message":"📡 Health Check: http://localhost:5002/api/v1/health","service":"zolvex-backend","timestamp":"2026-07-30 02:17:23"}
{"level":"info","message":"📚 Swagger Docs: http://localhost:5002/api/v1/docs","service":"zolvex-backend","timestamp":"2026-07-30 02:17:23"}
{"level":"info","message":"🍃 MongoDB Connected: localhost/zolvex_deepclean","service":"zolvex-backend","timestamp":"2026-07-30 02:17:28"}
{"level":"info","message":"🚀 Zolvex Enterprise Backend running in [development] on http://localhost:5002","service":"zolvex-backend","timestamp":"2026-07-30 02:17:28"}
{"level":"info","message":"📡 Health Check: http://localhost:5002/api/v1/health","service":"zolvex-backend","timestamp":"2026-07-30 02:17:28"}
{"level":"info","message":"📚 Swagger Docs: http://localhost:5002/api/v1/docs","service":"zolvex-backend","timestamp":"2026-07-30 02:17:28"}
{"level":"info","message":"🍃 MongoDB Connected: localhost/zolvex_deepclean","service":"zolvex-backend","timestamp":"2026-07-30 02:17:38"}
{"level":"info","message":"🚀 Zolvex Enterprise Backend running in [development] on http://localhost:5002","service":"zolvex-backend","timestamp":"2026-07-30 02:17:38"}
{"level":"info","message":"📡 Health Check: http://localhost:5002/api/v1/health","service":"zolvex-backend","timestamp":"2026-07-30 02:17:38"}
{"level":"info","message":"📚 Swagger Docs: http://localhost:5002/api/v1/docs","service":"zolvex-backend","timestamp":"2026-07-30 02:17:38"}
{"level":"info","message":"🍃 MongoDB Connected: localhost/zolvex_deepclean","service":"zolvex-backend","timestamp":"2026-07-30 02:17:41"}
{"level":"info","message":"🚀 Zolvex Enterprise Backend running in [development] on http://localhost:5002","service":"zolvex-backend","timestamp":"2026-07-30 02:17:41"}
{"level":"info","message":"📡 Health Check: http://localhost:5002/api/v1/health","service":"zolvex-backend","timestamp":"2026-07-30 02:17:41"}
{"level":"info","message":"📚 Swagger Docs: http://localhost:5002/api/v1/docs","service":"zolvex-backend","timestamp":"2026-07-30 02:17:41"}
{"level":"info","message":"🍃 MongoDB Connected: localhost/zolvex_deepclean","service":"zolvex-backend","timestamp":"2026-07-30 02:32:17"}
{"level":"info","message":"🍃 MongoDB Connected: localhost/zolvex_deepclean","service":"zolvex-backend","timestamp":"2026-07-30 02:32:26"}
{"level":"info","message":"🚀 Zolvex Enterprise Backend running in [development] on http://localhost:5002","service":"zolvex-backend","timestamp":"2026-07-30 02:32:26"}
{"level":"info","message":"📡 Health Check: http://localhost:5002/api/v1/health","service":"zolvex-backend","timestamp":"2026-07-30 02:32:26"}
{"level":"info","message":"📚 Swagger Docs: http://localhost:5002/api/v1/docs","service":"zolvex-backend","timestamp":"2026-07-30 02:32:26"}
{"level":"info","message":"Received SIGINT. Shutting down gracefully...","service":"zolvex-backend","timestamp":"2026-07-30 02:35:08"}
{"level":"info","message":"🍃 MongoDB Connected: localhost/zolvex_deepclean","service":"zolvex-backend","timestamp":"2026-07-30 02:36:55"}
{"level":"info","message":"🚀 Zolvex Enterprise Backend running in [development] on http://localhost:5002","service":"zolvex-backend","timestamp":"2026-07-30 02:36:55"}
{"level":"info","message":"📡 Health Check: http://localhost:5002/api/v1/health","service":"zolvex-backend","timestamp":"2026-07-30 02:36:55"}
{"level":"info","message":"📚 Swagger Docs: http://localhost:5002/api/v1/docs","service":"zolvex-backend","timestamp":"2026-07-30 02:36:55"}
{"level":"info","message":"🍃 MongoDB Connected: localhost/zolvex_deepclean","service":"zolvex-backend","timestamp":"2026-07-30 02:41:50"}
{"level":"info","message":"🚀 Zolvex Enterprise Backend running in [development] on http://localhost:5002","service":"zolvex-backend","timestamp":"2026-07-30 02:41:50"}
{"level":"info","message":"📡 Health Check: http://localhost:5002/api/v1/health","service":"zolvex-backend","timestamp":"2026-07-30 02:41:50"}
{"level":"info","message":"📚 Swagger Docs: http://localhost:5002/api/v1/docs","service":"zolvex-backend","timestamp":"2026-07-30 02:41:50"}
{"level":"info","message":"Received SIGINT. Shutting down gracefully...","service":"zolvex-backend","timestamp":"2026-07-30 02:45:19"}
{"level":"info","message":"🍃 MongoDB Connected: localhost/zolvex_deepclean","service":"zolvex-backend","timestamp":"2026-07-30 02:45:26"}
{"level":"info","message":"🚀 Zolvex Enterprise Backend running in [development] on http://localhost:5002","service":"zolvex-backend","timestamp":"2026-07-30 02:45:26"}
{"level":"info","message":"📡 Health Check: http://localhost:5002/api/v1/health","service":"zolvex-backend","timestamp":"2026-07-30 02:45:26"}
{"level":"info","message":"📚 Swagger Docs: http://localhost:5002/api/v1/docs","service":"zolvex-backend","timestamp":"2026-07-30 02:45:26"}
{"level":"info","message":"🍃 MongoDB Connected: localhost/zolvex_deepclean","service":"zolvex-backend","timestamp":"2026-07-30 02:47:00"}
{"level":"info","message":"🚀 Zolvex Enterprise Backend running in [development] on http://localhost:5002","service":"zolvex-backend","timestamp":"2026-07-30 02:47:00"}
{"level":"info","message":"📡 Health Check: http://localhost:5002/api/v1/health","service":"zolvex-backend","timestamp":"2026-07-30 02:47:00"}
{"level":"info","message":"📚 Swagger Docs: http://localhost:5002/api/v1/docs","service":"zolvex-backend","timestamp":"2026-07-30 02:47:00"}
{"level":"info","message":"Received SIGINT. Shutting down gracefully...","service":"zolvex-backend","timestamp":"2026-07-30 02:47:21"}
{"level":"info","message":"🍃 MongoDB Connected: localhost/zolvex_deepclean","service":"zolvex-backend","timestamp":"2026-07-30 02:47:30"}
{"level":"info","message":"🚀 Zolvex Enterprise Backend running in [development] on http://localhost:5002","service":"zolvex-backend","timestamp":"2026-07-30 02:47:30"}
{"level":"info","message":"📡 Health Check: http://localhost:5002/api/v1/health","service":"zolvex-backend","timestamp":"2026-07-30 02:47:30"}
{"level":"info","message":"📚 Swagger Docs: http://localhost:5002/api/v1/docs","service":"zolvex-backend","timestamp":"2026-07-30 02:47:30"}
{"level":"info","message":"Received SIGINT. Shutting down gracefully...","service":"zolvex-backend","timestamp":"2026-07-30 02:50:46"}
{"level":"info","message":"🍃 MongoDB Connected: localhost/zolvex_deepclean","service":"zolvex-backend","timestamp":"2026-07-30 02:53:47"}
{"level":"info","message":"🚀 Zolvex Enterprise Backend running in [development] on http://localhost:5002","service":"zolvex-backend","timestamp":"2026-07-30 02:53:47"}
{"level":"info","message":"📡 Health Check: http://localhost:5002/api/v1/health","service":"zolvex-backend","timestamp":"2026-07-30 02:53:47"}
{"level":"info","message":"📚 Swagger Docs: http://localhost:5002/api/v1/docs","service":"zolvex-backend","timestamp":"2026-07-30 02:53:47"}
{"level":"info","message":"Received SIGINT. Shutting down gracefully...","service":"zolvex-backend","timestamp":"2026-07-30 02:55:34"}
{"level":"info","message":"🍃 MongoDB Connected: localhost/zolvex_deepclean","service":"zolvex-backend","timestamp":"2026-07-30 02:55:36"}
{"level":"info","message":"🚀 Zolvex Enterprise Backend running in [development] on http://localhost:5002","service":"zolvex-backend","timestamp":"2026-07-30 02:55:36"}
{"level":"info","message":"📡 Health Check: http://localhost:5002/api/v1/health","service":"zolvex-backend","timestamp":"2026-07-30 02:55:36"}
{"level":"info","message":"📚 Swagger Docs: http://localhost:5002/api/v1/docs","service":"zolvex-backend","timestamp":"2026-07-30 02:55:36"}
{"level":"info","message":"Received SIGINT. Shutting down gracefully...","service":"zolvex-backend","timestamp":"2026-07-30 02:56:33"}
{"level":"info","message":"🍃 MongoDB Connected: localhost/zolvex_deepclean","service":"zolvex-backend","timestamp":"2026-07-30 02:57:38"}
{"level":"info","message":"🚀 Zolvex Enterprise Backend running in [development] on http://localhost:5002","service":"zolvex-backend","timestamp":"2026-07-30 02:57:38"}
{"level":"info","message":"📡 Health Check: http://localhost:5002/api/v1/health","service":"zolvex-backend","timestamp":"2026-07-30 02:57:38"}
{"level":"info","message":"📚 Swagger Docs: http://localhost:5002/api/v1/docs","service":"zolvex-backend","timestamp":"2026-07-30 02:57:38"}
{"level":"info","message":"🍃 MongoDB Connected: localhost/zolvex_deepclean","service":"zolvex-backend","timestamp":"2026-07-30 02:59:16"}
{"level":"info","message":"🚀 Zolvex Enterprise Backend running in [development] on http://0.0.0.0:5002","service":"zolvex-backend","timestamp":"2026-07-30 02:59:16"}
{"level":"info","message":"📡 Health Check: http://localhost:5002/api/v1/health","service":"zolvex-backend","timestamp":"2026-07-30 02:59:16"}
{"level":"info","message":"📚 Swagger Docs: http://localhost:5002/api/v1/docs","service":"zolvex-backend","timestamp":"2026-07-30 02:59:16"}
{"level":"info","message":"🍃 MongoDB Connected: localhost/zolvex_deepclean","service":"zolvex-backend","timestamp":"2026-07-30 03:10:28"}
{"level":"info","message":"🚀 Zolvex Enterprise Backend running in [development] on http://0.0.0.0:5002","service":"zolvex-backend","timestamp":"2026-07-30 03:10:28"}
{"level":"info","message":"📡 Health Check: http://localhost:5002/api/v1/health","service":"zolvex-backend","timestamp":"2026-07-30 03:10:28"}
{"level":"info","message":"📚 Swagger Docs: http://localhost:5002/api/v1/docs","service":"zolvex-backend","timestamp":"2026-07-30 03:10:28"}
{"level":"info","message":"🍃 MongoDB Connected: localhost/zolvex_deepclean","service":"zolvex-backend","timestamp":"2026-07-30 03:10:34"}
{"level":"info","message":"🚀 Zolvex Enterprise Backend running in [development] on http://0.0.0.0:5002","service":"zolvex-backend","timestamp":"2026-07-30 03:10:34"}
{"level":"info","message":"📡 Health Check: http://localhost:5002/api/v1/health","service":"zolvex-backend","timestamp":"2026-07-30 03:10:34"}
{"level":"info","message":"📚 Swagger Docs: http://localhost:5002/api/v1/docs","service":"zolvex-backend","timestamp":"2026-07-30 03:10:34"}
{"level":"info","message":"🍃 MongoDB Connected: localhost/zolvex_deepclean","service":"zolvex-backend","timestamp":"2026-07-30 03:10:40"}
{"level":"info","message":"🚀 Zolvex Enterprise Backend running in [development] on http://0.0.0.0:5002","service":"zolvex-backend","timestamp":"2026-07-30 03:10:40"}
{"level":"info","message":"📡 Health Check: http://localhost:5002/api/v1/health","service":"zolvex-backend","timestamp":"2026-07-30 03:10:40"}
{"level":"info","message":"📚 Swagger Docs: http://localhost:5002/api/v1/docs","service":"zolvex-backend","timestamp":"2026-07-30 03:10:40"}
{"level":"info","message":"🍃 MongoDB Connected: localhost/zolvex_deepclean","service":"zolvex-backend","timestamp":"2026-07-30 03:10:46"}
{"level":"info","message":"🚀 Zolvex Enterprise Backend running in [development] on http://0.0.0.0:5002","service":"zolvex-backend","timestamp":"2026-07-30 03:10:46"}
{"level":"info","message":"📡 Health Check: http://localhost:5002/api/v1/health","service":"zolvex-backend","timestamp":"2026-07-30 03:10:46"}
{"level":"info","message":"📚 Swagger Docs: http://localhost:5002/api/v1/docs","service":"zolvex-backend","timestamp":"2026-07-30 03:10:46"}
{"ip":"127.0.0.1","level":"error","message":"[GET] /api/v1/services/admin - 404: Service not found","service":"zolvex-backend","stack":"Error: Service not found\n    at ServiceService.getServiceBySlugOrId (/Users/rrejin/Downloads/zolvex-deepclean/server/src/services/serviceService.js:13:13)\n    at process.processTicksAndRejections (node:internal/process/task_queues:104:5)\n    at async /Users/rrejin/Downloads/zolvex-deepclean/server/src/controllers/serviceController.js:12:19","timestamp":"2026-07-30 03:12:31"}
{"ip":"127.0.0.1","level":"error","message":"[GET] /api/v1/services/admins - 404: Service not found","service":"zolvex-backend","stack":"Error: Service not found\n    at ServiceService.getServiceBySlugOrId (/Users/rrejin/Downloads/zolvex-deepclean/server/src/services/serviceService.js:13:13)\n    at process.processTicksAndRejections (node:internal/process/task_queues:104:5)\n    at async /Users/rrejin/Downloads/zolvex-deepclean/server/src/controllers/serviceController.js:12:19","timestamp":"2026-07-30 03:12:38"}
{"ip":"192.168.1.5","level":"error","message":"[PUT] /api/v1/admin/services/srv-003 - 500: Cast to ObjectId failed for value \"srv-003\" (type string) at path \"_id\" for model \"Service\"","service":"zolvex-backend","stack":"CastError: Cast to ObjectId failed for value \"srv-003\" (type string) at path \"_id\" for model \"Service\"\n    at SchemaObjectId.cast (/Users/rrejin/Downloads/zolvex-deepclean/server/node_modules/mongoose/lib/schema/objectId.js:253:11)\n    at SchemaType.applySetters (/Users/rrejin/Downloads/zolvex-deepclean/server/node_modules/mongoose/lib/schemaType.js:1288:12)\n    at SchemaType.castForQuery (/Users/rrejin/Downloads/zolvex-deepclean/server/node_modules/mongoose/lib/schemaType.js:1718:17)\n    at cast (/Users/rrejin/Downloads/zolvex-deepclean/server/node_modules/mongoose/lib/cast.js:390:32)\n    at Query.cast (/Users/rrejin/Downloads/zolvex-deepclean/server/node_modules/mongoose/lib/query.js:5060:12)\n    at Query._castConditions (/Users/rrejin/Downloads/zolvex-deepclean/server/node_modules/mongoose/lib/query.js:2374:10)\n    at model.Query._findOneAndUpdate (/Users/rrejin/Downloads/zolvex-deepclean/server/node_modules/mongoose/lib/query.js:3477:8)\n    at model.Query.exec (/Users/rrejin/Downloads/zolvex-deepclean/server/node_modules/mongoose/lib/query.js:4627:80)\n    at process.processTicksAndRejections (node:internal/process/task_queues:104:5)\n    at async /Users/rrejin/Downloads/zolvex-deepclean/server/src/controllers/serviceController.js:32:19","timestamp":"2026-07-30 03:19:51"}
{"ip":"192.168.1.5","level":"error","message":"[POST] /api/v1/auth/mfa/setup - 401: Invalid or expired access token","service":"zolvex-backend","stack":"Error: Invalid or expired access token\n    at authenticate (/Users/rrejin/Downloads/zolvex-deepclean/server/src/middleware/auth.js:21:13)\n    at Layer.handle [as handle_request] (/Users/rrejin/Downloads/zolvex-deepclean/server/node_modules/express/lib/router/layer.js:95:5)\n    at next (/Users/rrejin/Downloads/zolvex-deepclean/server/node_modules/express/lib/router/route.js:149:13)\n    at Route.dispatch (/Users/rrejin/Downloads/zolvex-deepclean/server/node_modules/express/lib/router/route.js:119:3)\n    at Layer.handle [as handle_request] (/Users/rrejin/Downloads/zolvex-deepclean/server/node_modules/express/lib/router/layer.js:95:5)\n    at /Users/rrejin/Downloads/zolvex-deepclean/server/node_modules/express/lib/router/index.js:284:15\n    at router.process_params (/Users/rrejin/Downloads/zolvex-deepclean/server/node_modules/express/lib/router/index.js:346:12)\n    at next (/Users/rrejin/Downloads/zolvex-deepclean/server/node_modules/express/lib/router/index.js:280:10)\n    at router.handle (/Users/rrejin/Downloads/zolvex-deepclean/server/node_modules/express/lib/router/index.js:175:3)\n    at router (/Users/rrejin/Downloads/zolvex-deepclean/server/node_modules/express/lib/router/index.js:47:12)","timestamp":"2026-07-30 03:20:12"}
{"ip":"192.168.1.5","level":"error","message":"[POST] /api/v1/auth/mfa/setup - 401: Invalid or expired access token","service":"zolvex-backend","stack":"Error: Invalid or expired access token\n    at authenticate (/Users/rrejin/Downloads/zolvex-deepclean/server/src/middleware/auth.js:21:13)\n    at Layer.handle [as handle_request] (/Users/rrejin/Downloads/zolvex-deepclean/server/node_modules/express/lib/router/layer.js:95:5)\n    at next (/Users/rrejin/Downloads/zolvex-deepclean/server/node_modules/express/lib/router/route.js:149:13)\n    at Route.dispatch (/Users/rrejin/Downloads/zolvex-deepclean/server/node_modules/express/lib/router/route.js:119:3)\n    at Layer.handle [as handle_request] (/Users/rrejin/Downloads/zolvex-deepclean/server/node_modules/express/lib/router/layer.js:95:5)\n    at /Users/rrejin/Downloads/zolvex-deepclean/server/node_modules/express/lib/router/index.js:284:15\n    at router.process_params (/Users/rrejin/Downloads/zolvex-deepclean/server/node_modules/express/lib/router/index.js:346:12)\n    at next (/Users/rrejin/Downloads/zolvex-deepclean/server/node_modules/express/lib/router/index.js:280:10)\n    at router.handle (/Users/rrejin/Downloads/zolvex-deepclean/server/node_modules/express/lib/router/index.js:175:3)\n    at router (/Users/rrejin/Downloads/zolvex-deepclean/server/node_modules/express/lib/router/index.js:47:12)","timestamp":"2026-07-30 03:20:14"}
{"ip":"192.168.1.5","level":"error","message":"[POST] /api/v1/auth/mfa/setup - 401: Invalid or expired access token","service":"zolvex-backend","stack":"Error: Invalid or expired access token\n    at authenticate (/Users/rrejin/Downloads/zolvex-deepclean/server/src/middleware/auth.js:21:13)\n    at Layer.handle [as handle_request] (/Users/rrejin/Downloads/zolvex-deepclean/server/node_modules/express/lib/router/layer.js:95:5)\n    at next (/Users/rrejin/Downloads/zolvex-deepclean/server/node_modules/express/lib/router/route.js:149:13)\n    at Route.dispatch (/Users/rrejin/Downloads/zolvex-deepclean/server/node_modules/express/lib/router/route.js:119:3)\n    at Layer.handle [as handle_request] (/Users/rrejin/Downloads/zolvex-deepclean/server/node_modules/express/lib/router/layer.js:95:5)\n    at /Users/rrejin/Downloads/zolvex-deepclean/server/node_modules/express/lib/router/index.js:284:15\n    at router.process_params (/Users/rrejin/Downloads/zolvex-deepclean/server/node_modules/express/lib/router/index.js:346:12)\n    at next (/Users/rrejin/Downloads/zolvex-deepclean/server/node_modules/express/lib/router/index.js:280:10)\n    at router.handle (/Users/rrejin/Downloads/zolvex-deepclean/server/node_modules/express/lib/router/index.js:175:3)\n    at router (/Users/rrejin/Downloads/zolvex-deepclean/server/node_modules/express/lib/router/index.js:47:12)","timestamp":"2026-07-30 03:20:29"}
{"level":"info","message":"::ffff:127.0.0.1 - - [30/Jul/2026:04:17:46 +0000] \"GET /api/v1/health HTTP/1.1\" 200 326 \"-\" \"-\"","service":"zolvex-backend","timestamp":"2026-07-30 09:47:46"}
{"level":"info","message":"::ffff:127.0.0.1 - - [30/Jul/2026:04:17:46 +0000] \"GET /api/v1/services HTTP/1.1\" 200 4915 \"-\" \"-\"","service":"zolvex-backend","timestamp":"2026-07-30 09:47:46"}
{"level":"info","message":"::ffff:127.0.0.1 - - [30/Jul/2026:04:17:46 +0000] \"GET /api/v1/services HTTP/1.1\" 200 4915 \"-\" \"-\"","service":"zolvex-backend","timestamp":"2026-07-30 09:47:46"}
{"level":"info","message":"::ffff:127.0.0.1 - - [30/Jul/2026:04:17:46 +0000] \"GET /api/v1/services/deep-cleaning HTTP/1.1\" 200 1217 \"-\" \"-\"","service":"zolvex-backend","timestamp":"2026-07-30 09:47:46"}
{"level":"info","message":"::ffff:127.0.0.1 - - [30/Jul/2026:04:17:46 +0000] \"POST /api/v1/price/calculate HTTP/1.1\" 200 209 \"-\" \"-\"","service":"zolvex-backend","timestamp":"2026-07-30 09:47:46"}
{"level":"info","message":"::ffff:127.0.0.1 - - [30/Jul/2026:04:17:46 +0000] \"POST /api/v1/bookings HTTP/1.1\" 201 747 \"-\" \"-\"","service":"zolvex-backend","timestamp":"2026-07-30 09:47:46"}
{"level":"info","message":"::ffff:127.0.0.1 - - [30/Jul/2026:04:17:46 +0000] \"GET /api/v1/bookings/track/ZLV-2026-6281 HTTP/1.1\" 200 743 \"-\" \"-\"","service":"zolvex-backend","timestamp":"2026-07-30 09:47:46"}
{"ip":"::ffff:127.0.0.1","level":"error","message":"[GET] /api/v1/admin/audit-logs - 404: Cannot find endpoint /api/v1/admin/audit-logs on this server","service":"zolvex-backend","stack":"Error: Cannot find endpoint /api/v1/admin/audit-logs on this server\n    at notFound (/Users/rrejin/Downloads/zolvex-deepclean/server/src/middleware/notFound.js:4:8)\n    at Layer.handle [as handle_request] (/Users/rrejin/Downloads/zolvex-deepclean/server/node_modules/express/lib/router/layer.js:95:5)\n    at trim_prefix (/Users/rrejin/Downloads/zolvex-deepclean/server/node_modules/express/lib/router/index.js:328:13)\n    at /Users/rrejin/Downloads/zolvex-deepclean/server/node_modules/express/lib/router/index.js:286:9\n    at router.process_params (/Users/rrejin/Downloads/zolvex-deepclean/server/node_modules/express/lib/router/index.js:346:12)\n    at Immediate.next (/Users/rrejin/Downloads/zolvex-deepclean/server/node_modules/express/lib/router/index.js:280:10)\n    at Immediate._onImmediate (/Users/rrejin/Downloads/zolvex-deepclean/server/node_modules/express/lib/router/index.js:646:15)\n    at processImmediate (node:internal/timers:536:21)","timestamp":"2026-07-30 09:47:46"}
{"level":"info","message":"::ffff:127.0.0.1 - - [30/Jul/2026:04:17:46 +0000] \"GET /api/v1/admin/audit-logs HTTP/1.1\" 404 114 \"-\" \"-\"","service":"zolvex-backend","timestamp":"2026-07-30 09:47:46"}
{"level":"info","message":"::ffff:127.0.0.1 - - [30/Jul/2026:04:18:10 +0000] \"GET /api/v1/health HTTP/1.1\" 200 326 \"-\" \"-\"","service":"zolvex-backend","timestamp":"2026-07-30 09:48:10"}
{"level":"info","message":"::ffff:127.0.0.1 - - [30/Jul/2026:04:18:10 +0000] \"GET /api/v1/services HTTP/1.1\" 200 4915 \"-\" \"-\"","service":"zolvex-backend","timestamp":"2026-07-30 09:48:10"}
{"level":"info","message":"::ffff:127.0.0.1 - - [30/Jul/2026:04:18:10 +0000] \"GET /api/v1/services HTTP/1.1\" 200 4915 \"-\" \"-\"","service":"zolvex-backend","timestamp":"2026-07-30 09:48:10"}
{"level":"info","message":"::ffff:127.0.0.1 - - [30/Jul/2026:04:18:10 +0000] \"GET /api/v1/services/deep-cleaning HTTP/1.1\" 200 1217 \"-\" \"-\"","service":"zolvex-backend","timestamp":"2026-07-30 09:48:10"}
{"level":"info","message":"::ffff:127.0.0.1 - - [30/Jul/2026:04:18:10 +0000] \"POST /api/v1/price/calculate HTTP/1.1\" 200 209 \"-\" \"-\"","service":"zolvex-backend","timestamp":"2026-07-30 09:48:10"}
{"level":"info","message":"::ffff:127.0.0.1 - - [30/Jul/2026:04:18:10 +0000] \"POST /api/v1/bookings HTTP/1.1\" 201 747 \"-\" \"-\"","service":"zolvex-backend","timestamp":"2026-07-30 09:48:10"}
{"level":"info","message":"::ffff:127.0.0.1 - - [30/Jul/2026:04:18:10 +0000] \"GET /api/v1/bookings/track/ZLV-2026-6657 HTTP/1.1\" 200 743 \"-\" \"-\"","service":"zolvex-backend","timestamp":"2026-07-30 09:48:10"}
{"level":"info","message":"::ffff:127.0.0.1 - - [30/Jul/2026:04:18:10 +0000] \"GET /api/v1/admin/bookings HTTP/1.1\" 200 798 \"-\" \"-\"","service":"zolvex-backend","timestamp":"2026-07-30 09:48:10"}
{"level":"info","message":"::ffff:127.0.0.1 - - [30/Jul/2026:04:18:39 +0000] \"GET /api/v1/health HTTP/1.1\" 200 326 \"-\" \"-\"","service":"zolvex-backend","timestamp":"2026-07-30 09:48:39"}
{"level":"info","message":"::ffff:127.0.0.1 - - [30/Jul/2026:04:18:39 +0000] \"GET /api/v1/services HTTP/1.1\" 200 4915 \"-\" \"-\"","service":"zolvex-backend","timestamp":"2026-07-30 09:48:39"}
{"level":"info","message":"::ffff:127.0.0.1 - - [30/Jul/2026:04:18:39 +0000] \"GET /api/v1/services HTTP/1.1\" 200 4915 \"-\" \"-\"","service":"zolvex-backend","timestamp":"2026-07-30 09:48:39"}
{"level":"info","message":"::ffff:127.0.0.1 - - [30/Jul/2026:04:18:39 +0000] \"GET /api/v1/services/deep-cleaning HTTP/1.1\" 200 1217 \"-\" \"-\"","service":"zolvex-backend","timestamp":"2026-07-30 09:48:39"}
{"level":"info","message":"::ffff:127.0.0.1 - - [30/Jul/2026:04:18:39 +0000] \"POST /api/v1/price/calculate HTTP/1.1\" 200 209 \"-\" \"-\"","service":"zolvex-backend","timestamp":"2026-07-30 09:48:39"}
{"level":"info","message":"::ffff:127.0.0.1 - - [30/Jul/2026:04:18:39 +0000] \"POST /api/v1/bookings HTTP/1.1\" 201 747 \"-\" \"-\"","service":"zolvex-backend","timestamp":"2026-07-30 09:48:39"}
{"level":"info","message":"::ffff:127.0.0.1 - - [30/Jul/2026:04:18:39 +0000] \"GET /api/v1/bookings/track/ZLV-2026-3566 HTTP/1.1\" 200 743 \"-\" \"-\"","service":"zolvex-backend","timestamp":"2026-07-30 09:48:39"}
{"ip":"::ffff:127.0.0.1","level":"error","message":"[GET] /api/v1/auth/me - 401: Authentication required. Please log in.","service":"zolvex-backend","stack":"Error: Authentication required. Please log in.\n    at authenticate (/Users/rrejin/Downloads/zolvex-deepclean/server/src/middleware/auth.js:16:13)\n    at Layer.handle [as handle_request] (/Users/rrejin/Downloads/zolvex-deepclean/server/node_modules/express/lib/router/layer.js:95:5)\n    at next (/Users/rrejin/Downloads/zolvex-deepclean/server/node_modules/express/lib/router/route.js:149:13)\n    at Route.dispatch (/Users/rrejin/Downloads/zolvex-deepclean/server/node_modules/express/lib/router/route.js:119:3)\n    at Layer.handle [as handle_request] (/Users/rrejin/Downloads/zolvex-deepclean/server/node_modules/express/lib/router/layer.js:95:5)\n    at /Users/rrejin/Downloads/zolvex-deepclean/server/node_modules/express/lib/router/index.js:284:15\n    at router.process_params (/Users/rrejin/Downloads/zolvex-deepclean/server/node_modules/express/lib/router/index.js:346:12)\n    at next (/Users/rrejin/Downloads/zolvex-deepclean/server/node_modules/express/lib/router/index.js:280:10)\n    at router.handle (/Users/rrejin/Downloads/zolvex-deepclean/server/node_modules/express/lib/router/index.js:175:3)\n    at router (/Users/rrejin/Downloads/zolvex-deepclean/server/node_modules/express/lib/router/index.js:47:12)\n    at Layer.handle [as handle_request] (/Users/rrejin/Downloads/zolvex-deepclean/server/node_modules/express/lib/router/layer.js:95:5)\n    at trim_prefix (/Users/rrejin/Downloads/zolvex-deepclean/server/node_modules/express/lib/router/index.js:328:13)\n    at /Users/rrejin/Downloads/zolvex-deepclean/server/node_modules/express/lib/router/index.js:286:9\n    at router.process_params (/Users/rrejin/Downloads/zolvex-deepclean/server/node_modules/express/lib/router/index.js:346:12)\n    at next (/Users/rrejin/Downloads/zolvex-deepclean/server/node_modules/express/lib/router/index.js:280:10)\n    at /Users/rrejin/Downloads/zolvex-deepclean/server/node_modules/express/lib/router/index.js:646:15\n    at next (/Users/rrejin/Downloads/zolvex-deepclean/server/node_modules/express/lib/router/index.js:265:14)\n    at router.handle (/Users/rrejin/Downloads/zolvex-deepclean/server/node_modules/express/lib/router/index.js:175:3)\n    at router (/Users/rrejin/Downloads/zolvex-deepclean/server/node_modules/express/lib/router/index.js:47:12)\n    at Layer.handle [as handle_request] (/Users/rrejin/Downloads/zolvex-deepclean/server/node_modules/express/lib/router/layer.js:95:5)\n    at trim_prefix (/Users/rrejin/Downloads/zolvex-deepclean/server/node_modules/express/lib/router/index.js:328:13)\n    at /Users/rrejin/Downloads/zolvex-deepclean/server/node_modules/express/lib/router/index.js:286:9\n    at router.process_params (/Users/rrejin/Downloads/zolvex-deepclean/server/node_modules/express/lib/router/index.js:346:12)\n    at next (/Users/rrejin/Downloads/zolvex-deepclean/server/node_modules/express/lib/router/index.js:280:10)\n    at router.handle (/Users/rrejin/Downloads/zolvex-deepclean/server/node_modules/express/lib/router/index.js:175:3)\n    at router (/Users/rrejin/Downloads/zolvex-deepclean/server/node_modules/express/lib/router/index.js:47:12)\n    at Layer.handle [as handle_request] (/Users/rrejin/Downloads/zolvex-deepclean/server/node_modules/express/lib/router/layer.js:95:5)\n    at trim_prefix (/Users/rrejin/Downloads/zolvex-deepclean/server/node_modules/express/lib/router/index.js:328:13)\n    at /Users/rrejin/Downloads/zolvex-deepclean/server/node_modules/express/lib/router/index.js:286:9\n    at router.process_params (/Users/rrejin/Downloads/zolvex-deepclean/server/node_modules/express/lib/router/index.js:346:12)\n    at next (/Users/rrejin/Downloads/zolvex-deepclean/server/node_modules/express/lib/router/index.js:280:10)\n    at /Users/rrejin/Downloads/zolvex-deepclean/server/node_modules/express-rate-limit/dist/index.cjs:807:7\n    at processTicksAndRejections (node:internal/process/task_queues:104:5)\n    at /Users/rrejin/Downloads/zolvex-deepclean/server/node_modules/express-rate-limit/dist/index.cjs:691:5","timestamp":"2026-07-30 09:48:39"}
{"level":"info","message":"::ffff:127.0.0.1 - - [30/Jul/2026:04:18:39 +0000] \"GET /api/v1/auth/me HTTP/1.1\" 401 93 \"-\" \"-\"","service":"zolvex-backend","timestamp":"2026-07-30 09:48:39"}
{"level":"info","message":"🍃 MongoDB Connected: localhost/zolvex_deepclean","service":"zolvex-backend","timestamp":"2026-07-30 09:50:47"}
{"level":"info","message":"🚀 Zolvex Enterprise Backend running in [development] on http://0.0.0.0:5002","service":"zolvex-backend","timestamp":"2026-07-30 09:50:47"}
{"level":"info","message":"📡 Health Check: http://localhost:5002/api/v1/health","service":"zolvex-backend","timestamp":"2026-07-30 09:50:47"}
{"level":"info","message":"📚 Swagger Docs: http://localhost:5002/api/v1/docs","service":"zolvex-backend","timestamp":"2026-07-30 09:50:47"}
{"level":"info","message":"🍃 MongoDB Connected: localhost/zolvex_deepclean","service":"zolvex-backend","timestamp":"2026-07-30 09:53:54"}
{"level":"info","message":"🚀 Zolvex Enterprise Backend running in [development] on http://0.0.0.0:5002","service":"zolvex-backend","timestamp":"2026-07-30 09:53:54"}
{"level":"info","message":"📡 Health Check: http://localhost:5002/api/v1/health","service":"zolvex-backend","timestamp":"2026-07-30 09:53:54"}
{"level":"info","message":"📚 Swagger Docs: http://localhost:5002/api/v1/docs","service":"zolvex-backend","timestamp":"2026-07-30 09:53:54"}
{"level":"info","message":"🍃 MongoDB Connected: localhost/zolvex_deepclean","service":"zolvex-backend","timestamp":"2026-07-30 09:54:13"}
{"level":"info","message":"🚀 Zolvex Enterprise Backend running in [development] on http://0.0.0.0:5002","service":"zolvex-backend","timestamp":"2026-07-30 09:54:13"}
{"level":"info","message":"📡 Health Check: http://localhost:5002/api/v1/health","service":"zolvex-backend","timestamp":"2026-07-30 09:54:13"}
{"level":"info","message":"📚 Swagger Docs: http://localhost:5002/api/v1/docs","service":"zolvex-backend","timestamp":"2026-07-30 09:54:13"}
{"level":"info","message":"🍃 MongoDB Connected: localhost/zolvex_deepclean","service":"zolvex-backend","timestamp":"2026-07-30 09:54:19"}
{"level":"info","message":"🚀 Zolvex Enterprise Backend running in [development] on http://0.0.0.0:5002","service":"zolvex-backend","timestamp":"2026-07-30 09:54:19"}
{"level":"info","message":"📡 Health Check: http://localhost:5002/api/v1/health","service":"zolvex-backend","timestamp":"2026-07-30 09:54:19"}
{"level":"info","message":"📚 Swagger Docs: http://localhost:5002/api/v1/docs","service":"zolvex-backend","timestamp":"2026-07-30 09:54:19"}
{"level":"info","message":"🍃 MongoDB Connected: localhost/zolvex_deepclean","service":"zolvex-backend","timestamp":"2026-07-30 09:54:26"}
{"level":"info","message":"🚀 Zolvex Enterprise Backend running in [development] on http://0.0.0.0:5002","service":"zolvex-backend","timestamp":"2026-07-30 09:54:26"}
{"level":"info","message":"📡 Health Check: http://localhost:5002/api/v1/health","service":"zolvex-backend","timestamp":"2026-07-30 09:54:26"}
{"level":"info","message":"📚 Swagger Docs: http://localhost:5002/api/v1/docs","service":"zolvex-backend","timestamp":"2026-07-30 09:54:26"}
{"level":"info","message":"🍃 MongoDB Connected: localhost/zolvex_deepclean","service":"zolvex-backend","timestamp":"2026-07-30 09:54:52"}
{"level":"info","message":"🚀 Zolvex Enterprise Backend running in [development] on http://0.0.0.0:5002","service":"zolvex-backend","timestamp":"2026-07-30 09:54:52"}
{"level":"info","message":"📡 Health Check: http://localhost:5002/api/v1/health","service":"zolvex-backend","timestamp":"2026-07-30 09:54:52"}
{"level":"info","message":"📚 Swagger Docs: http://localhost:5002/api/v1/docs","service":"zolvex-backend","timestamp":"2026-07-30 09:54:52"}
{"level":"info","message":"::ffff:127.0.0.1 - - [30/Jul/2026:04:25:19 +0000] \"GET /api/v1/health HTTP/1.1\" 200 327 \"-\" \"-\"","service":"zolvex-backend","timestamp":"2026-07-30 09:55:19"}
{"level":"info","message":"::ffff:127.0.0.1 - - [30/Jul/2026:04:25:19 +0000] \"GET /api/v1/services HTTP/1.1\" 200 4915 \"-\" \"-\"","service":"zolvex-backend","timestamp":"2026-07-30 09:55:19"}
{"level":"info","message":"::ffff:127.0.0.1 - - [30/Jul/2026:04:25:20 +0000] \"GET /api/v1/services HTTP/1.1\" 200 4915 \"-\" \"-\"","service":"zolvex-backend","timestamp":"2026-07-30 09:55:20"}
{"level":"info","message":"::ffff:127.0.0.1 - - [30/Jul/2026:04:25:20 +0000] \"GET /api/v1/services/deep-cleaning HTTP/1.1\" 200 1217 \"-\" \"-\"","service":"zolvex-backend","timestamp":"2026-07-30 09:55:20"}
{"level":"info","message":"::ffff:127.0.0.1 - - [30/Jul/2026:04:25:20 +0000] \"POST /api/v1/price/calculate HTTP/1.1\" 200 209 \"-\" \"-\"","service":"zolvex-backend","timestamp":"2026-07-30 09:55:20"}
{"level":"info","message":"::ffff:127.0.0.1 - - [30/Jul/2026:04:25:20 +0000] \"POST /api/v1/bookings HTTP/1.1\" 201 747 \"-\" \"-\"","service":"zolvex-backend","timestamp":"2026-07-30 09:55:20"}
{"level":"info","message":"::ffff:127.0.0.1 - - [30/Jul/2026:04:25:20 +0000] \"GET /api/v1/bookings/track/ZLV-2026-3807 HTTP/1.1\" 200 743 \"-\" \"-\"","service":"zolvex-backend","timestamp":"2026-07-30 09:55:20"}
{"ip":"::ffff:127.0.0.1","level":"error","message":"[GET] /api/v1/admin/bookings - 401: Authentication required. Please log in.","service":"zolvex-backend","stack":"Error: Authentication required. Please log in.\n    at authenticate (/Users/rrejin/Downloads/zolvex-deepclean/server/src/middleware/auth.js:29:13)\n    at Layer.handle [as handle_request] (/Users/rrejin/Downloads/zolvex-deepclean/server/node_modules/express/lib/router/layer.js:95:5)\n    at next (/Users/rrejin/Downloads/zolvex-deepclean/server/node_modules/express/lib/router/route.js:149:13)\n    at Route.dispatch (/Users/rrejin/Downloads/zolvex-deepclean/server/node_modules/express/lib/router/route.js:119:3)\n    at Layer.handle [as handle_request] (/Users/rrejin/Downloads/zolvex-deepclean/server/node_modules/express/lib/router/layer.js:95:5)\n    at /Users/rrejin/Downloads/zolvex-deepclean/server/node_modules/express/lib/router/index.js:284:15\n    at router.process_params (/Users/rrejin/Downloads/zolvex-deepclean/server/node_modules/express/lib/router/index.js:346:12)\n    at next (/Users/rrejin/Downloads/zolvex-deepclean/server/node_modules/express/lib/router/index.js:280:10)\n    at router.handle (/Users/rrejin/Downloads/zolvex-deepclean/server/node_modules/express/lib/router/index.js:175:3)\n    at router (/Users/rrejin/Downloads/zolvex-deepclean/server/node_modules/express/lib/router/index.js:47:12)\n    at Layer.handle [as handle_request] (/Users/rrejin/Downloads/zolvex-deepclean/server/node_modules/express/lib/router/layer.js:95:5)\n    at trim_prefix (/Users/rrejin/Downloads/zolvex-deepclean/server/node_modules/express/lib/router/index.js:328:13)\n    at /Users/rrejin/Downloads/zolvex-deepclean/server/node_modules/express/lib/router/index.js:286:9\n    at router.process_params (/Users/rrejin/Downloads/zolvex-deepclean/server/node_modules/express/lib/router/index.js:346:12)\n    at next (/Users/rrejin/Downloads/zolvex-deepclean/server/node_modules/express/lib/router/index.js:280:10)\n    at /Users/rrejin/Downloads/zolvex-deepclean/server/node_modules/express/lib/router/index.js:646:15\n    at next (/Users/rrejin/Downloads/zolvex-deepclean/server/node_modules/express/lib/router/index.js:265:14)\n    at router.handle (/Users/rrejin/Downloads/zolvex-deepclean/server/node_modules/express/lib/router/index.js:175:3)\n    at router (/Users/rrejin/Downloads/zolvex-deepclean/server/node_modules/express/lib/router/index.js:47:12)\n    at Layer.handle [as handle_request] (/Users/rrejin/Downloads/zolvex-deepclean/server/node_modules/express/lib/router/layer.js:95:5)\n    at trim_prefix (/Users/rrejin/Downloads/zolvex-deepclean/server/node_modules/express/lib/router/index.js:328:13)\n    at /Users/rrejin/Downloads/zolvex-deepclean/server/node_modules/express/lib/router/index.js:286:9\n    at router.process_params (/Users/rrejin/Downloads/zolvex-deepclean/server/node_modules/express/lib/router/index.js:346:12)\n    at next (/Users/rrejin/Downloads/zolvex-deepclean/server/node_modules/express/lib/router/index.js:280:10)\n    at /Users/rrejin/Downloads/zolvex-deepclean/server/node_modules/express/lib/router/index.js:646:15\n    at next (/Users/rrejin/Downloads/zolvex-deepclean/server/node_modules/express/lib/router/index.js:265:14)\n    at router.handle (/Users/rrejin/Downloads/zolvex-deepclean/server/node_modules/express/lib/router/index.js:175:3)\n    at router (/Users/rrejin/Downloads/zolvex-deepclean/server/node_modules/express/lib/router/index.js:47:12)\n    at Layer.handle [as handle_request] (/Users/rrejin/Downloads/zolvex-deepclean/server/node_modules/express/lib/router/layer.js:95:5)\n    at trim_prefix (/Users/rrejin/Downloads/zolvex-deepclean/server/node_modules/express/lib/router/index.js:328:13)\n    at /Users/rrejin/Downloads/zolvex-deepclean/server/node_modules/express/lib/router/index.js:286:9\n    at router.process_params (/Users/rrejin/Downloads/zolvex-deepclean/server/node_modules/express/lib/router/index.js:346:12)\n    at next (/Users/rrejin/Downloads/zolvex-deepclean/server/node_modules/express/lib/router/index.js:280:10)\n    at /Users/rrejin/Downloads/zolvex-deepclean/server/node_modules/express/lib/router/index.js:646:15\n    at next (/Users/rrejin/Downloads/zolvex-deepclean/server/node_modules/express/lib/router/index.js:265:14)\n    at router.handle (/Users/rrejin/Downloads/zolvex-deepclean/server/node_modules/express/lib/router/index.js:175:3)\n    at router (/Users/rrejin/Downloads/zolvex-deepclean/server/node_modules/express/lib/router/index.js:47:12)\n    at Layer.handle [as handle_request] (/Users/rrejin/Downloads/zolvex-deepclean/server/node_modules/express/lib/router/layer.js:95:5)\n    at trim_prefix (/Users/rrejin/Downloads/zolvex-deepclean/server/node_modules/express/lib/router/index.js:328:13)\n    at /Users/rrejin/Downloads/zolvex-deepclean/server/node_modules/express/lib/router/index.js:286:9\n    at router.process_params (/Users/rrejin/Downloads/zolvex-deepclean/server/node_modules/express/lib/router/index.js:346:12)\n    at next (/Users/rrejin/Downloads/zolvex-deepclean/server/node_modules/express/lib/router/index.js:280:10)\n    at router.handle (/Users/rrejin/Downloads/zolvex-deepclean/server/node_modules/express/lib/router/index.js:175:3)\n    at router (/Users/rrejin/Downloads/zolvex-deepclean/server/node_modules/express/lib/router/index.js:47:12)\n    at Layer.handle [as handle_request] (/Users/rrejin/Downloads/zolvex-deepclean/server/node_modules/express/lib/router/layer.js:95:5)\n    at trim_prefix (/Users/rrejin/Downloads/zolvex-deepclean/server/node_modules/express/lib/router/index.js:328:13)\n    at /Users/rrejin/Downloads/zolvex-deepclean/server/node_modules/express/lib/router/index.js:286:9\n    at router.process_params (/Users/rrejin/Downloads/zolvex-deepclean/server/node_modules/express/lib/router/index.js:346:12)\n    at next (/Users/rrejin/Downloads/zolvex-deepclean/server/node_modules/express/lib/router/index.js:280:10)\n    at /Users/rrejin/Downloads/zolvex-deepclean/server/node_modules/express-rate-limit/dist/index.cjs:807:7\n    at processTicksAndRejections (node:internal/process/task_queues:104:5)\n    at /Users/rrejin/Downloads/zolvex-deepclean/server/node_modules/express-rate-limit/dist/index.cjs:691:5","timestamp":"2026-07-30 09:55:20"}
{"level":"info","message":"::ffff:127.0.0.1 - - [30/Jul/2026:04:25:20 +0000] \"GET /api/v1/admin/bookings HTTP/1.1\" 401 93 \"-\" \"-\"","service":"zolvex-backend","timestamp":"2026-07-30 09:55:20"}
{"ip":"::ffff:127.0.0.1","level":"error","message":"[GET] /api/v1/admin/services - 401: Authentication required. Please log in.","service":"zolvex-backend","stack":"Error: Authentication required. Please log in.\n    at authenticate (/Users/rrejin/Downloads/zolvex-deepclean/server/src/middleware/auth.js:29:13)\n    at Layer.handle [as handle_request] (/Users/rrejin/Downloads/zolvex-deepclean/server/node_modules/express/lib/router/layer.js:95:5)\n    at next (/Users/rrejin/Downloads/zolvex-deepclean/server/node_modules/express/lib/router/route.js:149:13)\n    at Route.dispatch (/Users/rrejin/Downloads/zolvex-deepclean/server/node_modules/express/lib/router/route.js:119:3)\n    at Layer.handle [as handle_request] (/Users/rrejin/Downloads/zolvex-deepclean/server/node_modules/express/lib/router/layer.js:95:5)\n    at /Users/rrejin/Downloads/zolvex-deepclean/server/node_modules/express/lib/router/index.js:284:15\n    at router.process_params (/Users/rrejin/Downloads/zolvex-deepclean/server/node_modules/express/lib/router/index.js:346:12)\n    at next (/Users/rrejin/Downloads/zolvex-deepclean/server/node_modules/express/lib/router/index.js:280:10)\n    at router.handle (/Users/rrejin/Downloads/zolvex-deepclean/server/node_modules/express/lib/router/index.js:175:3)\n    at router (/Users/rrejin/Downloads/zolvex-deepclean/server/node_modules/express/lib/router/index.js:47:12)\n    at Layer.handle [as handle_request] (/Users/rrejin/Downloads/zolvex-deepclean/server/node_modules/express/lib/router/layer.js:95:5)\n    at trim_prefix (/Users/rrejin/Downloads/zolvex-deepclean/server/node_modules/express/lib/router/index.js:328:13)\n    at /Users/rrejin/Downloads/zolvex-deepclean/server/node_modules/express/lib/router/index.js:286:9\n    at router.process_params (/Users/rrejin/Downloads/zolvex-deepclean/server/node_modules/express/lib/router/index.js:346:12)\n    at next (/Users/rrejin/Downloads/zolvex-deepclean/server/node_modules/express/lib/router/index.js:280:10)\n    at /Users/rrejin/Downloads/zolvex-deepclean/server/node_modules/express/lib/router/index.js:646:15\n    at next (/Users/rrejin/Downloads/zolvex-deepclean/server/node_modules/express/lib/router/index.js:265:14)\n    at router.handle (/Users/rrejin/Downloads/zolvex-deepclean/server/node_modules/express/lib/router/index.js:175:3)\n    at router (/Users/rrejin/Downloads/zolvex-deepclean/server/node_modules/express/lib/router/index.js:47:12)\n    at Layer.handle [as handle_request] (/Users/rrejin/Downloads/zolvex-deepclean/server/node_modules/express/lib/router/layer.js:95:5)\n    at trim_prefix (/Users/rrejin/Downloads/zolvex-deepclean/server/node_modules/express/lib/router/index.js:328:13)\n    at /Users/rrejin/Downloads/zolvex-deepclean/server/node_modules/express/lib/router/index.js:286:9\n    at router.process_params (/Users/rrejin/Downloads/zolvex-deepclean/server/node_modules/express/lib/router/index.js:346:12)\n    at next (/Users/rrejin/Downloads/zolvex-deepclean/server/node_modules/express/lib/router/index.js:280:10)\n    at router.handle (/Users/rrejin/Downloads/zolvex-deepclean/server/node_modules/express/lib/router/index.js:175:3)\n    at router (/Users/rrejin/Downloads/zolvex-deepclean/server/node_modules/express/lib/router/index.js:47:12)\n    at Layer.handle [as handle_request] (/Users/rrejin/Downloads/zolvex-deepclean/server/node_modules/express/lib/router/layer.js:95:5)\n    at trim_prefix (/Users/rrejin/Downloads/zolvex-deepclean/server/node_modules/express/lib/router/index.js:328:13)\n    at /Users/rrejin/Downloads/zolvex-deepclean/server/node_modules/express/lib/router/index.js:286:9\n    at router.process_params (/Users/rrejin/Downloads/zolvex-deepclean/server/node_modules/express/lib/router/index.js:346:12)\n    at next (/Users/rrejin/Downloads/zolvex-deepclean/server/node_modules/express/lib/router/index.js:280:10)\n    at /Users/rrejin/Downloads/zolvex-deepclean/server/node_modules/express-rate-limit/dist/index.cjs:807:7\n    at processTicksAndRejections (node:internal/process/task_queues:104:5)\n    at /Users/rrejin/Downloads/zolvex-deepclean/server/node_modules/express-rate-limit/dist/index.cjs:691:5","timestamp":"2026-07-30 09:55:20"}
{"level":"info","message":"::ffff:127.0.0.1 - - [30/Jul/2026:04:25:20 +0000] \"GET /api/v1/admin/services HTTP/1.1\" 401 93 \"-\" \"-\"","service":"zolvex-backend","timestamp":"2026-07-30 09:55:20"}
{"ip":"::ffff:127.0.0.1","level":"error","message":"[GET] /api/v1/admin/analytics - 401: Authentication required. Please log in.","service":"zolvex-backend","stack":"Error: Authentication required. Please log in.\n    at authenticate (/Users/rrejin/Downloads/zolvex-deepclean/server/src/middleware/auth.js:29:13)\n    at Layer.handle [as handle_request] (/Users/rrejin/Downloads/zolvex-deepclean/server/node_modules/express/lib/router/layer.js:95:5)\n    at trim_prefix (/Users/rrejin/Downloads/zolvex-deepclean/server/node_modules/express/lib/router/index.js:328:13)\n    at /Users/rrejin/Downloads/zolvex-deepclean/server/node_modules/express/lib/router/index.js:286:9\n    at router.process_params (/Users/rrejin/Downloads/zolvex-deepclean/server/node_modules/express/lib/router/index.js:346:12)\n    at next (/Users/rrejin/Downloads/zolvex-deepclean/server/node_modules/express/lib/router/index.js:280:10)\n    at router.handle (/Users/rrejin/Downloads/zolvex-deepclean/server/node_modules/express/lib/router/index.js:175:3)\n    at router (/Users/rrejin/Downloads/zolvex-deepclean/server/node_modules/express/lib/router/index.js:47:12)\n    at Layer.handle [as handle_request] (/Users/rrejin/Downloads/zolvex-deepclean/server/node_modules/express/lib/router/layer.js:95:5)\n    at trim_prefix (/Users/rrejin/Downloads/zolvex-deepclean/server/node_modules/express/lib/router/index.js:328:13)\n    at /Users/rrejin/Downloads/zolvex-deepclean/server/node_modules/express/lib/router/index.js:286:9\n    at router.process_params (/Users/rrejin/Downloads/zolvex-deepclean/server/node_modules/express/lib/router/index.js:346:12)\n    at next (/Users/rrejin/Downloads/zolvex-deepclean/server/node_modules/express/lib/router/index.js:280:10)\n    at /Users/rrejin/Downloads/zolvex-deepclean/server/node_modules/express/lib/router/index.js:646:15\n    at next (/Users/rrejin/Downloads/zolvex-deepclean/server/node_modules/express/lib/router/index.js:265:14)\n    at router.handle (/Users/rrejin/Downloads/zolvex-deepclean/server/node_modules/express/lib/router/index.js:175:3)\n    at router (/Users/rrejin/Downloads/zolvex-deepclean/server/node_modules/express/lib/router/index.js:47:12)\n    at Layer.handle [as handle_request] (/Users/rrejin/Downloads/zolvex-deepclean/server/node_modules/express/lib/router/layer.js:95:5)\n    at trim_prefix (/Users/rrejin/Downloads/zolvex-deepclean/server/node_modules/express/lib/router/index.js:328:13)\n    at /Users/rrejin/Downloads/zolvex-deepclean/server/node_modules/express/lib/router/index.js:286:9\n    at router.process_params (/Users/rrejin/Downloads/zolvex-deepclean/server/node_modules/express/lib/router/index.js:346:12)\n    at next (/Users/rrejin/Downloads/zolvex-deepclean/server/node_modules/express/lib/router/index.js:280:10)\n    at /Users/rrejin/Downloads/zolvex-deepclean/server/node_modules/express/lib/router/index.js:646:15\n    at next (/Users/rrejin/Downloads/zolvex-deepclean/server/node_modules/express/lib/router/index.js:265:14)\n    at router.handle (/Users/rrejin/Downloads/zolvex-deepclean/server/node_modules/express/lib/router/index.js:175:3)\n    at router (/Users/rrejin/Downloads/zolvex-deepclean/server/node_modules/express/lib/router/index.js:47:12)\n    at Layer.handle [as handle_request] (/Users/rrejin/Downloads/zolvex-deepclean/server/node_modules/express/lib/router/layer.js:95:5)\n    at trim_prefix (/Users/rrejin/Downloads/zolvex-deepclean/server/node_modules/express/lib/router/index.js:328:13)\n    at /Users/rrejin/Downloads/zolvex-deepclean/server/node_modules/express/lib/router/index.js:286:9\n    at router.process_params (/Users/rrejin/Downloads/zolvex-deepclean/server/node_modules/express/lib/router/index.js:346:12)\n    at next (/Users/rrejin/Downloads/zolvex-deepclean/server/node_modules/express/lib/router/index.js:280:10)\n    at /Users/rrejin/Downloads/zolvex-deepclean/server/node_modules/express/lib/router/index.js:646:15\n    at next (/Users/rrejin/Downloads/zolvex-deepclean/server/node_modules/express/lib/router/index.js:265:14)\n    at router.handle (/Users/rrejin/Downloads/zolvex-deepclean/server/node_modules/express/lib/router/index.js:175:3)\n    at router (/Users/rrejin/Downloads/zolvex-deepclean/server/node_modules/express/lib/router/index.js:47:12)\n    at Layer.handle [as handle_request] (/Users/rrejin/Downloads/zolvex-deepclean/server/node_modules/express/lib/router/layer.js:95:5)\n    at trim_prefix (/Users/rrejin/Downloads/zolvex-deepclean/server/node_modules/express/lib/router/index.js:328:13)\n    at /Users/rrejin/Downloads/zolvex-deepclean/server/node_modules/express/lib/router/index.js:286:9\n    at router.process_params (/Users/rrejin/Downloads/zolvex-deepclean/server/node_modules/express/lib/router/index.js:346:12)\n    at next (/Users/rrejin/Downloads/zolvex-deepclean/server/node_modules/express/lib/router/index.js:280:10)\n    at /Users/rrejin/Downloads/zolvex-deepclean/server/node_modules/express/lib/router/index.js:646:15\n    at next (/Users/rrejin/Downloads/zolvex-deepclean/server/node_modules/express/lib/router/index.js:265:14)\n    at router.handle (/Users/rrejin/Downloads/zolvex-deepclean/server/node_modules/express/lib/router/index.js:175:3)\n    at router (/Users/rrejin/Downloads/zolvex-deepclean/server/node_modules/express/lib/router/index.js:47:12)\n    at Layer.handle [as handle_request] (/Users/rrejin/Downloads/zolvex-deepclean/server/node_modules/express/lib/router/layer.js:95:5)\n    at trim_prefix (/Users/rrejin/Downloads/zolvex-deepclean/server/node_modules/express/lib/router/index.js:328:13)\n    at /Users/rrejin/Downloads/zolvex-deepclean/server/node_modules/express/lib/router/index.js:286:9\n    at router.process_params (/Users/rrejin/Downloads/zolvex-deepclean/server/node_modules/express/lib/router/index.js:346:12)\n    at next (/Users/rrejin/Downloads/zolvex-deepclean/server/node_modules/express/lib/router/index.js:280:10)\n    at router.handle (/Users/rrejin/Downloads/zolvex-deepclean/server/node_modules/express/lib/router/index.js:175:3)\n    at router (/Users/rrejin/Downloads/zolvex-deepclean/server/node_modules/express/lib/router/index.js:47:12)\n    at Layer.handle [as handle_request] (/Users/rrejin/Downloads/zolvex-deepclean/server/node_modules/express/lib/router/layer.js:95:5)\n    at trim_prefix (/Users/rrejin/Downloads/zolvex-deepclean/server/node_modules/express/lib/router/index.js:328:13)\n    at /Users/rrejin/Downloads/zolvex-deepclean/server/node_modules/express/lib/router/index.js:286:9\n    at router.process_params (/Users/rrejin/Downloads/zolvex-deepclean/server/node_modules/express/lib/router/index.js:346:12)\n    at next (/Users/rrejin/Downloads/zolvex-deepclean/server/node_modules/express/lib/router/index.js:280:10)\n    at /Users/rrejin/Downloads/zolvex-deepclean/server/node_modules/express-rate-limit/dist/index.cjs:807:7\n    at processTicksAndRejections (node:internal/process/task_queues:104:5)\n    at /Users/rrejin/Downloads/zolvex-deepclean/server/node_modules/express-rate-limit/dist/index.cjs:691:5","timestamp":"2026-07-30 09:55:20"}
{"level":"info","message":"::ffff:127.0.0.1 - - [30/Jul/2026:04:25:20 +0000] \"GET /api/v1/admin/analytics HTTP/1.1\" 401 93 \"-\" \"-\"","service":"zolvex-backend","timestamp":"2026-07-30 09:55:20"}
{"ip":"::ffff:127.0.0.1","level":"error","message":"[GET] /api/v1/admin/services - 401: Authentication required. Please log in.","service":"zolvex-backend","stack":"Error: Authentication required. Please log in.\n    at authenticate (/Users/rrejin/Downloads/zolvex-deepclean/server/src/middleware/auth.js:29:13)\n    at Layer.handle [as handle_request] (/Users/rrejin/Downloads/zolvex-deepclean/server/node_modules/express/lib/router/layer.js:95:5)\n    at next (/Users/rrejin/Downloads/zolvex-deepclean/server/node_modules/express/lib/router/route.js:149:13)\n    at Route.dispatch (/Users/rrejin/Downloads/zolvex-deepclean/server/node_modules/express/lib/router/route.js:119:3)\n    at Layer.handle [as handle_request] (/Users/rrejin/Downloads/zolvex-deepclean/server/node_modules/express/lib/router/layer.js:95:5)\n    at /Users/rrejin/Downloads/zolvex-deepclean/server/node_modules/express/lib/router/index.js:284:15\n    at router.process_params (/Users/rrejin/Downloads/zolvex-deepclean/server/node_modules/express/lib/router/index.js:346:12)\n    at next (/Users/rrejin/Downloads/zolvex-deepclean/server/node_modules/express/lib/router/index.js:280:10)\n    at router.handle (/Users/rrejin/Downloads/zolvex-deepclean/server/node_modules/express/lib/router/index.js:175:3)\n    at router (/Users/rrejin/Downloads/zolvex-deepclean/server/node_modules/express/lib/router/index.js:47:12)\n    at Layer.handle [as handle_request] (/Users/rrejin/Downloads/zolvex-deepclean/server/node_modules/express/lib/router/layer.js:95:5)\n    at trim_prefix (/Users/rrejin/Downloads/zolvex-deepclean/server/node_modules/express/lib/router/index.js:328:13)\n    at /Users/rrejin/Downloads/zolvex-deepclean/server/node_modules/express/lib/router/index.js:286:9\n    at router.process_params (/Users/rrejin/Downloads/zolvex-deepclean/server/node_modules/express/lib/router/index.js:346:12)\n    at next (/Users/rrejin/Downloads/zolvex-deepclean/server/node_modules/express/lib/router/index.js:280:10)\n    at /Users/rrejin/Downloads/zolvex-deepclean/server/node_modules/express/lib/router/index.js:646:15\n    at next (/Users/rrejin/Downloads/zolvex-deepclean/server/node_modules/express/lib/router/index.js:265:14)\n    at router.handle (/Users/rrejin/Downloads/zolvex-deepclean/server/node_modules/express/lib/router/index.js:175:3)\n    at router (/Users/rrejin/Downloads/zolvex-deepclean/server/node_modules/express/lib/router/index.js:47:12)\n    at Layer.handle [as handle_request] (/Users/rrejin/Downloads/zolvex-deepclean/server/node_modules/express/lib/router/layer.js:95:5)\n    at trim_prefix (/Users/rrejin/Downloads/zolvex-deepclean/server/node_modules/express/lib/router/index.js:328:13)\n    at /Users/rrejin/Downloads/zolvex-deepclean/server/node_modules/express/lib/router/index.js:286:9\n    at router.process_params (/Users/rrejin/Downloads/zolvex-deepclean/server/node_modules/express/lib/router/index.js:346:12)\n    at next (/Users/rrejin/Downloads/zolvex-deepclean/server/node_modules/express/lib/router/index.js:280:10)\n    at router.handle (/Users/rrejin/Downloads/zolvex-deepclean/server/node_modules/express/lib/router/index.js:175:3)\n    at router (/Users/rrejin/Downloads/zolvex-deepclean/server/node_modules/express/lib/router/index.js:47:12)\n    at Layer.handle [as handle_request] (/Users/rrejin/Downloads/zolvex-deepclean/server/node_modules/express/lib/router/layer.js:95:5)\n    at trim_prefix (/Users/rrejin/Downloads/zolvex-deepclean/server/node_modules/express/lib/router/index.js:328:13)\n    at /Users/rrejin/Downloads/zolvex-deepclean/server/node_modules/express/lib/router/index.js:286:9\n    at router.process_params (/Users/rrejin/Downloads/zolvex-deepclean/server/node_modules/express/lib/router/index.js:346:12)\n    at next (/Users/rrejin/Downloads/zolvex-deepclean/server/node_modules/express/lib/router/index.js:280:10)\n    at /Users/rrejin/Downloads/zolvex-deepclean/server/node_modules/express-rate-limit/dist/index.cjs:807:7\n    at processTicksAndRejections (node:internal/process/task_queues:104:5)\n    at /Users/rrejin/Downloads/zolvex-deepclean/server/node_modules/express-rate-limit/dist/index.cjs:691:5","timestamp":"2026-07-30 09:55:20"}
{"level":"info","message":"::ffff:127.0.0.1 - - [30/Jul/2026:04:25:20 +0000] \"GET /api/v1/admin/services HTTP/1.1\" 401 93 \"-\" \"-\"","service":"zolvex-backend","timestamp":"2026-07-30 09:55:20"}
{"level":"info","message":"🍃 MongoDB Connected: localhost/zolvex_deepclean","service":"zolvex-backend","timestamp":"2026-07-30 09:55:37"}
{"level":"info","message":"🚀 Zolvex Enterprise Backend running in [development] on http://0.0.0.0:5002","service":"zolvex-backend","timestamp":"2026-07-30 09:55:37"}
{"level":"info","message":"📡 Health Check: http://localhost:5002/api/v1/health","service":"zolvex-backend","timestamp":"2026-07-30 09:55:37"}
{"level":"info","message":"📚 Swagger Docs: http://localhost:5002/api/v1/docs","service":"zolvex-backend","timestamp":"2026-07-30 09:55:37"}
{"level":"info","message":"::ffff:127.0.0.1 - - [30/Jul/2026:04:26:19 +0000] \"GET /api/v1/health HTTP/1.1\" 200 326 \"-\" \"-\"","service":"zolvex-backend","timestamp":"2026-07-30 09:56:19"}
{"level":"info","message":"::ffff:127.0.0.1 - - [30/Jul/2026:04:26:19 +0000] \"GET /api/v1/services HTTP/1.1\" 200 4915 \"-\" \"-\"","service":"zolvex-backend","timestamp":"2026-07-30 09:56:19"}
{"level":"info","message":"::ffff:127.0.0.1 - - [30/Jul/2026:04:26:19 +0000] \"GET /api/v1/services HTTP/1.1\" 200 4915 \"-\" \"-\"","service":"zolvex-backend","timestamp":"2026-07-30 09:56:19"}
{"level":"info","message":"::ffff:127.0.0.1 - - [30/Jul/2026:04:26:19 +0000] \"GET /api/v1/services/deep-cleaning HTTP/1.1\" 200 1217 \"-\" \"-\"","service":"zolvex-backend","timestamp":"2026-07-30 09:56:19"}
{"level":"info","message":"::ffff:127.0.0.1 - - [30/Jul/2026:04:26:19 +0000] \"POST /api/v1/price/calculate HTTP/1.1\" 200 209 \"-\" \"-\"","service":"zolvex-backend","timestamp":"2026-07-30 09:56:19"}
{"level":"info","message":"::ffff:127.0.0.1 - - [30/Jul/2026:04:26:19 +0000] \"POST /api/v1/bookings HTTP/1.1\" 201 747 \"-\" \"-\"","service":"zolvex-backend","timestamp":"2026-07-30 09:56:19"}
{"level":"info","message":"::ffff:127.0.0.1 - - [30/Jul/2026:04:26:19 +0000] \"GET /api/v1/bookings/track/ZLV-2026-9532 HTTP/1.1\" 200 743 \"-\" \"-\"","service":"zolvex-backend","timestamp":"2026-07-30 09:56:19"}
{"ip":"::ffff:127.0.0.1","level":"error","message":"[GET] /api/v1/admin/bookings - 401: Authentication required. Please log in.","service":"zolvex-backend","stack":"Error: Authentication required. Please log in.\n    at authenticate (/Users/rrejin/Downloads/zolvex-deepclean/server/src/middleware/auth.js:29:13)\n    at Layer.handle [as handle_request] (/Users/rrejin/Downloads/zolvex-deepclean/server/node_modules/express/lib/router/layer.js:95:5)\n    at next (/Users/rrejin/Downloads/zolvex-deepclean/server/node_modules/express/lib/router/route.js:149:13)\n    at Route.dispatch (/Users/rrejin/Downloads/zolvex-deepclean/server/node_modules/express/lib/router/route.js:119:3)\n    at Layer.handle [as handle_request] (/Users/rrejin/Downloads/zolvex-deepclean/server/node_modules/express/lib/router/layer.js:95:5)\n    at /Users/rrejin/Downloads/zolvex-deepclean/server/node_modules/express/lib/router/index.js:284:15\n    at router.process_params (/Users/rrejin/Downloads/zolvex-deepclean/server/node_modules/express/lib/router/index.js:346:12)\n    at next (/Users/rrejin/Downloads/zolvex-deepclean/server/node_modules/express/lib/router/index.js:280:10)\n    at router.handle (/Users/rrejin/Downloads/zolvex-deepclean/server/node_modules/express/lib/router/index.js:175:3)\n    at router (/Users/rrejin/Downloads/zolvex-deepclean/server/node_modules/express/lib/router/index.js:47:12)\n    at Layer.handle [as handle_request] (/Users/rrejin/Downloads/zolvex-deepclean/server/node_modules/express/lib/router/layer.js:95:5)\n    at trim_prefix (/Users/rrejin/Downloads/zolvex-deepclean/server/node_modules/express/lib/router/index.js:328:13)\n    at /Users/rrejin/Downloads/zolvex-deepclean/server/node_modules/express/lib/router/index.js:286:9\n    at router.process_params (/Users/rrejin/Downloads/zolvex-deepclean/server/node_modules/express/lib/router/index.js:346:12)\n    at next (/Users/rrejin/Downloads/zolvex-deepclean/server/node_modules/express/lib/router/index.js:280:10)\n    at /Users/rrejin/Downloads/zolvex-deepclean/server/node_modules/express/lib/router/index.js:646:15\n    at next (/Users/rrejin/Downloads/zolvex-deepclean/server/node_modules/express/lib/router/index.js:265:14)\n    at router.handle (/Users/rrejin/Downloads/zolvex-deepclean/server/node_modules/express/lib/router/index.js:175:3)\n    at router (/Users/rrejin/Downloads/zolvex-deepclean/server/node_modules/express/lib/router/index.js:47:12)\n    at Layer.handle [as handle_request] (/Users/rrejin/Downloads/zolvex-deepclean/server/node_modules/express/lib/router/layer.js:95:5)\n    at trim_prefix (/Users/rrejin/Downloads/zolvex-deepclean/server/node_modules/express/lib/router/index.js:328:13)\n    at /Users/rrejin/Downloads/zolvex-deepclean/server/node_modules/express/lib/router/index.js:286:9\n    at router.process_params (/Users/rrejin/Downloads/zolvex-deepclean/server/node_modules/express/lib/router/index.js:346:12)\n    at next (/Users/rrejin/Downloads/zolvex-deepclean/server/node_modules/express/lib/router/index.js:280:10)\n    at /Users/rrejin/Downloads/zolvex-deepclean/server/node_modules/express/lib/router/index.js:646:15\n    at next (/Users/rrejin/Downloads/zolvex-deepclean/server/node_modules/express/lib/router/index.js:265:14)\n    at router.handle (/Users/rrejin/Downloads/zolvex-deepclean/server/node_modules/express/lib/router/index.js:175:3)\n    at router (/Users/rrejin/Downloads/zolvex-deepclean/server/node_modules/express/lib/router/index.js:47:12)\n    at Layer.handle [as handle_request] (/Users/rrejin/Downloads/zolvex-deepclean/server/node_modules/express/lib/router/layer.js:95:5)\n    at trim_prefix (/Users/rrejin/Downloads/zolvex-deepclean/server/node_modules/express/lib/router/index.js:328:13)\n    at /Users/rrejin/Downloads/zolvex-deepclean/server/node_modules/express/lib/router/index.js:286:9\n    at router.process_params (/Users/rrejin/Downloads/zolvex-deepclean/server/node_modules/express/lib/router/index.js:346:12)\n    at next (/Users/rrejin/Downloads/zolvex-deepclean/server/node_modules/express/lib/router/index.js:280:10)\n    at /Users/rrejin/Downloads/zolvex-deepclean/server/node_modules/express/lib/router/index.js:646:15\n    at next (/Users/rrejin/Downloads/zolvex-deepclean/server/node_modules/express/lib/router/index.js:265:14)\n    at router.handle (/Users/rrejin/Downloads/zolvex-deepclean/server/node_modules/express/lib/router/index.js:175:3)\n    at router (/Users/rrejin/Downloads/zolvex-deepclean/server/node_modules/express/lib/router/index.js:47:12)\n    at Layer.handle [as handle_request] (/Users/rrejin/Downloads/zolvex-deepclean/server/node_modules/express/lib/router/layer.js:95:5)\n    at trim_prefix (/Users/rrejin/Downloads/zolvex-deepclean/server/node_modules/express/lib/router/index.js:328:13)\n    at /Users/rrejin/Downloads/zolvex-deepclean/server/node_modules/express/lib/router/index.js:286:9\n    at router.process_params (/Users/rrejin/Downloads/zolvex-deepclean/server/node_modules/express/lib/router/index.js:346:12)\n    at next (/Users/rrejin/Downloads/zolvex-deepclean/server/node_modules/express/lib/router/index.js:280:10)\n    at router.handle (/Users/rrejin/Downloads/zolvex-deepclean/server/node_modules/express/lib/router/index.js:175:3)\n    at router (/Users/rrejin/Downloads/zolvex-deepclean/server/node_modules/express/lib/router/index.js:47:12)\n    at Layer.handle [as handle_request] (/Users/rrejin/Downloads/zolvex-deepclean/server/node_modules/express/lib/router/layer.js:95:5)\n    at trim_prefix (/Users/rrejin/Downloads/zolvex-deepclean/server/node_modules/express/lib/router/index.js:328:13)\n    at /Users/rrejin/Downloads/zolvex-deepclean/server/node_modules/express/lib/router/index.js:286:9\n    at router.process_params (/Users/rrejin/Downloads/zolvex-deepclean/server/node_modules/express/lib/router/index.js:346:12)\n    at next (/Users/rrejin/Downloads/zolvex-deepclean/server/node_modules/express/lib/router/index.js:280:10)\n    at /Users/rrejin/Downloads/zolvex-deepclean/server/node_modules/express-rate-limit/dist/index.cjs:807:7\n    at processTicksAndRejections (node:internal/process/task_queues:104:5)\n    at /Users/rrejin/Downloads/zolvex-deepclean/server/node_modules/express-rate-limit/dist/index.cjs:691:5","timestamp":"2026-07-30 09:56:19"}
{"level":"info","message":"::ffff:127.0.0.1 - - [30/Jul/2026:04:26:19 +0000] \"GET /api/v1/admin/bookings HTTP/1.1\" 401 93 \"-\" \"-\"","service":"zolvex-backend","timestamp":"2026-07-30 09:56:19"}
{"ip":"::ffff:127.0.0.1","level":"error","message":"[GET] /api/v1/admin/services - 401: Authentication required. Please log in.","service":"zolvex-backend","stack":"Error: Authentication required. Please log in.\n    at authenticate (/Users/rrejin/Downloads/zolvex-deepclean/server/src/middleware/auth.js:29:13)\n    at Layer.handle [as handle_request] (/Users/rrejin/Downloads/zolvex-deepclean/server/node_modules/express/lib/router/layer.js:95:5)\n    at next (/Users/rrejin/Downloads/zolvex-deepclean/server/node_modules/express/lib/router/route.js:149:13)\n    at Route.dispatch (/Users/rrejin/Downloads/zolvex-deepclean/server/node_modules/express/lib/router/route.js:119:3)\n    at Layer.handle [as handle_request] (/Users/rrejin/Downloads/zolvex-deepclean/server/node_modules/express/lib/router/layer.js:95:5)\n    at /Users/rrejin/Downloads/zolvex-deepclean/server/node_modules/express/lib/router/index.js:284:15\n    at router.process_params (/Users/rrejin/Downloads/zolvex-deepclean/server/node_modules/express/lib/router/index.js:346:12)\n    at next (/Users/rrejin/Downloads/zolvex-deepclean/server/node_modules/express/lib/router/index.js:280:10)\n    at router.handle (/Users/rrejin/Downloads/zolvex-deepclean/server/node_modules/express/lib/router/index.js:175:3)\n    at router (/Users/rrejin/Downloads/zolvex-deepclean/server/node_modules/express/lib/router/index.js:47:12)\n    at Layer.handle [as handle_request] (/Users/rrejin/Downloads/zolvex-deepclean/server/node_modules/express/lib/router/layer.js:95:5)\n    at trim_prefix (/Users/rrejin/Downloads/zolvex-deepclean/server/node_modules/express/lib/router/index.js:328:13)\n    at /Users/rrejin/Downloads/zolvex-deepclean/server/node_modules/express/lib/router/index.js:286:9\n    at router.process_params (/Users/rrejin/Downloads/zolvex-deepclean/server/node_modules/express/lib/router/index.js:346:12)\n    at next (/Users/rrejin/Downloads/zolvex-deepclean/server/node_modules/express/lib/router/index.js:280:10)\n    at /Users/rrejin/Downloads/zolvex-deepclean/server/node_modules/express/lib/router/index.js:646:15\n    at next (/Users/rrejin/Downloads/zolvex-deepclean/server/node_modules/express/lib/router/index.js:265:14)\n    at router.handle (/Users/rrejin/Downloads/zolvex-deepclean/server/node_modules/express/lib/router/index.js:175:3)\n    at router (/Users/rrejin/Downloads/zolvex-deepclean/server/node_modules/express/lib/router/index.js:47:12)\n    at Layer.handle [as handle_request] (/Users/rrejin/Downloads/zolvex-deepclean/server/node_modules/express/lib/router/layer.js:95:5)\n    at trim_prefix (/Users/rrejin/Downloads/zolvex-deepclean/server/node_modules/express/lib/router/index.js:328:13)\n    at /Users/rrejin/Downloads/zolvex-deepclean/server/node_modules/express/lib/router/index.js:286:9\n    at router.process_params (/Users/rrejin/Downloads/zolvex-deepclean/server/node_modules/express/lib/router/index.js:346:12)\n    at next (/Users/rrejin/Downloads/zolvex-deepclean/server/node_modules/express/lib/router/index.js:280:10)\n    at router.handle (/Users/rrejin/Downloads/zolvex-deepclean/server/node_modules/express/lib/router/index.js:175:3)\n    at router (/Users/rrejin/Downloads/zolvex-deepclean/server/node_modules/express/lib/router/index.js:47:12)\n    at Layer.handle [as handle_request] (/Users/rrejin/Downloads/zolvex-deepclean/server/node_modules/express/lib/router/layer.js:95:5)\n    at trim_prefix (/Users/rrejin/Downloads/zolvex-deepclean/server/node_modules/express/lib/router/index.js:328:13)\n    at /Users/rrejin/Downloads/zolvex-deepclean/server/node_modules/express/lib/router/index.js:286:9\n    at router.process_params (/Users/rrejin/Downloads/zolvex-deepclean/server/node_modules/express/lib/router/index.js:346:12)\n    at next (/Users/rrejin/Downloads/zolvex-deepclean/server/node_modules/express/lib/router/index.js:280:10)\n    at /Users/rrejin/Downloads/zolvex-deepclean/server/node_modules/express-rate-limit/dist/index.cjs:807:7\n    at processTicksAndRejections (node:internal/process/task_queues:104:5)\n    at /Users/rrejin/Downloads/zolvex-deepclean/server/node_modules/express-rate-limit/dist/index.cjs:691:5","timestamp":"2026-07-30 09:56:19"}
{"level":"info","message":"::ffff:127.0.0.1 - - [30/Jul/2026:04:26:19 +0000] \"GET /api/v1/admin/services HTTP/1.1\" 401 93 \"-\" \"-\"","service":"zolvex-backend","timestamp":"2026-07-30 09:56:19"}
{"ip":"::ffff:127.0.0.1","level":"error","message":"[GET] /api/v1/admin/analytics - 401: Authentication required. Please log in.","service":"zolvex-backend","stack":"Error: Authentication required. Please log in.\n    at authenticate (/Users/rrejin/Downloads/zolvex-deepclean/server/src/middleware/auth.js:29:13)\n    at Layer.handle [as handle_request] (/Users/rrejin/Downloads/zolvex-deepclean/server/node_modules/express/lib/router/layer.js:95:5)\n    at trim_prefix (/Users/rrejin/Downloads/zolvex-deepclean/server/node_modules/express/lib/router/index.js:328:13)\n    at /Users/rrejin/Downloads/zolvex-deepclean/server/node_modules/express/lib/router/index.js:286:9\n    at router.process_params (/Users/rrejin/Downloads/zolvex-deepclean/server/node_modules/express/lib/router/index.js:346:12)\n    at next (/Users/rrejin/Downloads/zolvex-deepclean/server/node_modules/express/lib/router/index.js:280:10)\n    at router.handle (/Users/rrejin/Downloads/zolvex-deepclean/server/node_modules/express/lib/router/index.js:175:3)\n    at router (/Users/rrejin/Downloads/zolvex-deepclean/server/node_modules/express/lib/router/index.js:47:12)\n    at Layer.handle [as handle_request] (/Users/rrejin/Downloads/zolvex-deepclean/server/node_modules/express/lib/router/layer.js:95:5)\n    at trim_prefix (/Users/rrejin/Downloads/zolvex-deepclean/server/node_modules/express/lib/router/index.js:328:13)\n    at /Users/rrejin/Downloads/zolvex-deepclean/server/node_modules/express/lib/router/index.js:286:9\n    at router.process_params (/Users/rrejin/Downloads/zolvex-deepclean/server/node_modules/express/lib/router/index.js:346:12)\n    at next (/Users/rrejin/Downloads/zolvex-deepclean/server/node_modules/express/lib/router/index.js:280:10)\n    at /Users/rrejin/Downloads/zolvex-deepclean/server/node_modules/express/lib/router/index.js:646:15\n    at next (/Users/rrejin/Downloads/zolvex-deepclean/server/node_modules/express/lib/router/index.js:265:14)\n    at router.handle (/Users/rrejin/Downloads/zolvex-deepclean/server/node_modules/express/lib/router/index.js:175:3)\n    at router (/Users/rrejin/Downloads/zolvex-deepclean/server/node_modules/express/lib/router/index.js:47:12)\n    at Layer.handle [as handle_request] (/Users/rrejin/Downloads/zolvex-deepclean/server/node_modules/express/lib/router/layer.js:95:5)\n    at trim_prefix (/Users/rrejin/Downloads/zolvex-deepclean/server/node_modules/express/lib/router/index.js:328:13)\n    at /Users/rrejin/Downloads/zolvex-deepclean/server/node_modules/express/lib/router/index.js:286:9\n    at router.process_params (/Users/rrejin/Downloads/zolvex-deepclean/server/node_modules/express/lib/router/index.js:346:12)\n    at next (/Users/rrejin/Downloads/zolvex-deepclean/server/node_modules/express/lib/router/index.js:280:10)\n    at /Users/rrejin/Downloads/zolvex-deepclean/server/node_modules/express/lib/router/index.js:646:15\n    at next (/Users/rrejin/Downloads/zolvex-deepclean/server/node_modules/express/lib/router/index.js:265:14)\n    at router.handle (/Users/rrejin/Downloads/zolvex-deepclean/server/node_modules/express/lib/router/index.js:175:3)\n    at router (/Users/rrejin/Downloads/zolvex-deepclean/server/node_modules/express/lib/router/index.js:47:12)\n    at Layer.handle [as handle_request] (/Users/rrejin/Downloads/zolvex-deepclean/server/node_modules/express/lib/router/layer.js:95:5)\n    at trim_prefix (/Users/rrejin/Downloads/zolvex-deepclean/server/node_modules/express/lib/router/index.js:328:13)\n    at /Users/rrejin/Downloads/zolvex-deepclean/server/node_modules/express/lib/router/index.js:286:9\n    at router.process_params (/Users/rrejin/Downloads/zolvex-deepclean/server/node_modules/express/lib/router/index.js:346:12)\n    at next (/Users/rrejin/Downloads/zolvex-deepclean/server/node_modules/express/lib/router/index.js:280:10)\n    at /Users/rrejin/Downloads/zolvex-deepclean/server/node_modules/express/lib/router/index.js:646:15\n    at next (/Users/rrejin/Downloads/zolvex-deepclean/server/node_modules/express/lib/router/index.js:265:14)\n    at router.handle (/Users/rrejin/Downloads/zolvex-deepclean/server/node_modules/express/lib/router/index.js:175:3)\n    at router (/Users/rrejin/Downloads/zolvex-deepclean/server/node_modules/express/lib/router/index.js:47:12)\n    at Layer.handle [as handle_request] (/Users/rrejin/Downloads/zolvex-deepclean/server/node_modules/express/lib/router/layer.js:95:5)\n    at trim_prefix (/Users/rrejin/Downloads/zolvex-deepclean/server/node_modules/express/lib/router/index.js:328:13)\n    at /Users/rrejin/Downloads/zolvex-deepclean/server/node_modules/express/lib/router/index.js:286:9\n    at router.process_params (/Users/rrejin/Downloads/zolvex-deepclean/server/node_modules/express/lib/router/index.js:346:12)\n    at next (/Users/rrejin/Downloads/zolvex-deepclean/server/node_modules/express/lib/router/index.js:280:10)\n    at /Users/rrejin/Downloads/zolvex-deepclean/server/node_modules/express/lib/router/index.js:646:15\n    at next (/Users/rrejin/Downloads/zolvex-deepclean/server/node_modules/express/lib/router/index.js:265:14)\n    at router.handle (/Users/rrejin/Downloads/zolvex-deepclean/server/node_modules/express/lib/router/index.js:175:3)\n    at router (/Users/rrejin/Downloads/zolvex-deepclean/server/node_modules/express/lib/router/index.js:47:12)\n    at Layer.handle [as handle_request] (/Users/rrejin/Downloads/zolvex-deepclean/server/node_modules/express/lib/router/layer.js:95:5)\n    at trim_prefix (/Users/rrejin/Downloads/zolvex-deepclean/server/node_modules/express/lib/router/index.js:328:13)\n    at /Users/rrejin/Downloads/zolvex-deepclean/server/node_modules/express/lib/router/index.js:286:9\n    at router.process_params (/Users/rrejin/Downloads/zolvex-deepclean/server/node_modules/express/lib/router/index.js:346:12)\n    at next (/Users/rrejin/Downloads/zolvex-deepclean/server/node_modules/express/lib/router/index.js:280:10)\n    at router.handle (/Users/rrejin/Downloads/zolvex-deepclean/server/node_modules/express/lib/router/index.js:175:3)\n    at router (/Users/rrejin/Downloads/zolvex-deepclean/server/node_modules/express/lib/router/index.js:47:12)\n    at Layer.handle [as handle_request] (/Users/rrejin/Downloads/zolvex-deepclean/server/node_modules/express/lib/router/layer.js:95:5)\n    at trim_prefix (/Users/rrejin/Downloads/zolvex-deepclean/server/node_modules/express/lib/router/index.js:328:13)\n    at /Users/rrejin/Downloads/zolvex-deepclean/server/node_modules/express/lib/router/index.js:286:9\n    at router.process_params (/Users/rrejin/Downloads/zolvex-deepclean/server/node_modules/express/lib/router/index.js:346:12)\n    at next (/Users/rrejin/Downloads/zolvex-deepclean/server/node_modules/express/lib/router/index.js:280:10)\n    at /Users/rrejin/Downloads/zolvex-deepclean/server/node_modules/express-rate-limit/dist/index.cjs:807:7\n    at processTicksAndRejections (node:internal/process/task_queues:104:5)\n    at /Users/rrejin/Downloads/zolvex-deepclean/server/node_modules/express-rate-limit/dist/index.cjs:691:5","timestamp":"2026-07-30 09:56:19"}
{"level":"info","message":"::ffff:127.0.0.1 - - [30/Jul/2026:04:26:19 +0000] \"GET /api/v1/admin/analytics HTTP/1.1\" 401 93 \"-\" \"-\"","service":"zolvex-backend","timestamp":"2026-07-30 09:56:19"}
{"level":"info","message":"::ffff:127.0.0.1 - - [30/Jul/2026:04:26:19 +0000] \"GET /api/v1/admin/services HTTP/1.1\" 200 4913 \"-\" \"-\"","service":"zolvex-backend","timestamp":"2026-07-30 09:56:19"}
{"ip":"127.0.0.1","level":"error","message":"[GET] /api/v1/admin/messages - 401: Authentication required. Please log in.","service":"zolvex-backend","stack":"Error: Authentication required. Please log in.\n    at authenticate (/Users/rrejin/Downloads/zolvex-deepclean/server/src/middleware/auth.js:29:13)\n    at Layer.handle [as handle_request] (/Users/rrejin/Downloads/zolvex-deepclean/server/node_modules/express/lib/router/layer.js:95:5)\n    at trim_prefix (/Users/rrejin/Downloads/zolvex-deepclean/server/node_modules/express/lib/router/index.js:328:13)\n    at /Users/rrejin/Downloads/zolvex-deepclean/server/node_modules/express/lib/router/index.js:286:9\n    at router.process_params (/Users/rrejin/Downloads/zolvex-deepclean/server/node_modules/express/lib/router/index.js:346:12)\n    at next (/Users/rrejin/Downloads/zolvex-deepclean/server/node_modules/express/lib/router/index.js:280:10)\n    at router.handle (/Users/rrejin/Downloads/zolvex-deepclean/server/node_modules/express/lib/router/index.js:175:3)\n    at router (/Users/rrejin/Downloads/zolvex-deepclean/server/node_modules/express/lib/router/index.js:47:12)\n    at Layer.handle [as handle_request] (/Users/rrejin/Downloads/zolvex-deepclean/server/node_modules/express/lib/router/layer.js:95:5)\n    at trim_prefix (/Users/rrejin/Downloads/zolvex-deepclean/server/node_modules/express/lib/router/index.js:328:13)","timestamp":"2026-07-30 09:57:07"}
{"ip":"127.0.0.1","level":"error","message":"[GET] /api/v1/admin/reviews - 401: Authentication required. Please log in.","service":"zolvex-backend","stack":"Error: Authentication required. Please log in.\n    at authenticate (/Users/rrejin/Downloads/zolvex-deepclean/server/src/middleware/auth.js:29:13)\n    at Layer.handle [as handle_request] (/Users/rrejin/Downloads/zolvex-deepclean/server/node_modules/express/lib/router/layer.js:95:5)\n    at trim_prefix (/Users/rrejin/Downloads/zolvex-deepclean/server/node_modules/express/lib/router/index.js:328:13)\n    at /Users/rrejin/Downloads/zolvex-deepclean/server/node_modules/express/lib/router/index.js:286:9\n    at router.process_params (/Users/rrejin/Downloads/zolvex-deepclean/server/node_modules/express/lib/router/index.js:346:12)\n    at next (/Users/rrejin/Downloads/zolvex-deepclean/server/node_modules/express/lib/router/index.js:280:10)\n    at router.handle (/Users/rrejin/Downloads/zolvex-deepclean/server/node_modules/express/lib/router/index.js:175:3)\n    at router (/Users/rrejin/Downloads/zolvex-deepclean/server/node_modules/express/lib/router/index.js:47:12)\n    at Layer.handle [as handle_request] (/Users/rrejin/Downloads/zolvex-deepclean/server/node_modules/express/lib/router/layer.js:95:5)\n    at trim_prefix (/Users/rrejin/Downloads/zolvex-deepclean/server/node_modules/express/lib/router/index.js:328:13)","timestamp":"2026-07-30 09:57:07"}
{"ip":"127.0.0.1","level":"error","message":"[GET] /api/v1/admin/reviews - 401: Authentication required. Please log in.","service":"zolvex-backend","stack":"Error: Authentication required. Please log in.\n    at authenticate (/Users/rrejin/Downloads/zolvex-deepclean/server/src/middleware/auth.js:29:13)\n    at Layer.handle [as handle_request] (/Users/rrejin/Downloads/zolvex-deepclean/server/node_modules/express/lib/router/layer.js:95:5)\n    at trim_prefix (/Users/rrejin/Downloads/zolvex-deepclean/server/node_modules/express/lib/router/index.js:328:13)\n    at /Users/rrejin/Downloads/zolvex-deepclean/server/node_modules/express/lib/router/index.js:286:9\n    at router.process_params (/Users/rrejin/Downloads/zolvex-deepclean/server/node_modules/express/lib/router/index.js:346:12)\n    at next (/Users/rrejin/Downloads/zolvex-deepclean/server/node_modules/express/lib/router/index.js:280:10)\n    at router.handle (/Users/rrejin/Downloads/zolvex-deepclean/server/node_modules/express/lib/router/index.js:175:3)\n    at router (/Users/rrejin/Downloads/zolvex-deepclean/server/node_modules/express/lib/router/index.js:47:12)\n    at Layer.handle [as handle_request] (/Users/rrejin/Downloads/zolvex-deepclean/server/node_modules/express/lib/router/layer.js:95:5)\n    at trim_prefix (/Users/rrejin/Downloads/zolvex-deepclean/server/node_modules/express/lib/router/index.js:328:13)","timestamp":"2026-07-30 09:57:09"}
{"ip":"127.0.0.1","level":"error","message":"[GET] /api/v1/admin/messages - 401: Authentication required. Please log in.","service":"zolvex-backend","stack":"Error: Authentication required. Please log in.\n    at authenticate (/Users/rrejin/Downloads/zolvex-deepclean/server/src/middleware/auth.js:29:13)\n    at Layer.handle [as handle_request] (/Users/rrejin/Downloads/zolvex-deepclean/server/node_modules/express/lib/router/layer.js:95:5)\n    at trim_prefix (/Users/rrejin/Downloads/zolvex-deepclean/server/node_modules/express/lib/router/index.js:328:13)\n    at /Users/rrejin/Downloads/zolvex-deepclean/server/node_modules/express/lib/router/index.js:286:9\n    at router.process_params (/Users/rrejin/Downloads/zolvex-deepclean/server/node_modules/express/lib/router/index.js:346:12)\n    at next (/Users/rrejin/Downloads/zolvex-deepclean/server/node_modules/express/lib/router/index.js:280:10)\n    at router.handle (/Users/rrejin/Downloads/zolvex-deepclean/server/node_modules/express/lib/router/index.js:175:3)\n    at router (/Users/rrejin/Downloads/zolvex-deepclean/server/node_modules/express/lib/router/index.js:47:12)\n    at Layer.handle [as handle_request] (/Users/rrejin/Downloads/zolvex-deepclean/server/node_modules/express/lib/router/layer.js:95:5)\n    at trim_prefix (/Users/rrejin/Downloads/zolvex-deepclean/server/node_modules/express/lib/router/index.js:328:13)","timestamp":"2026-07-30 09:57:09"}
{"ip":"127.0.0.1","level":"error","message":"[GET] /api/v1/admin/messages - 401: Authentication required. Please log in.","service":"zolvex-backend","stack":"Error: Authentication required. Please log in.\n    at authenticate (/Users/rrejin/Downloads/zolvex-deepclean/server/src/middleware/auth.js:29:13)\n    at Layer.handle [as handle_request] (/Users/rrejin/Downloads/zolvex-deepclean/server/node_modules/express/lib/router/layer.js:95:5)\n    at trim_prefix (/Users/rrejin/Downloads/zolvex-deepclean/server/node_modules/express/lib/router/index.js:328:13)\n    at /Users/rrejin/Downloads/zolvex-deepclean/server/node_modules/express/lib/router/index.js:286:9\n    at router.process_params (/Users/rrejin/Downloads/zolvex-deepclean/server/node_modules/express/lib/router/index.js:346:12)\n    at next (/Users/rrejin/Downloads/zolvex-deepclean/server/node_modules/express/lib/router/index.js:280:10)\n    at router.handle (/Users/rrejin/Downloads/zolvex-deepclean/server/node_modules/express/lib/router/index.js:175:3)\n    at router (/Users/rrejin/Downloads/zolvex-deepclean/server/node_modules/express/lib/router/index.js:47:12)\n    at Layer.handle [as handle_request] (/Users/rrejin/Downloads/zolvex-deepclean/server/node_modules/express/lib/router/layer.js:95:5)\n    at trim_prefix (/Users/rrejin/Downloads/zolvex-deepclean/server/node_modules/express/lib/router/index.js:328:13)","timestamp":"2026-07-30 09:57:09"}
{"ip":"127.0.0.1","level":"error","message":"[GET] /api/v1/admin/reviews - 401: Authentication required. Please log in.","service":"zolvex-backend","stack":"Error: Authentication required. Please log in.\n    at authenticate (/Users/rrejin/Downloads/zolvex-deepclean/server/src/middleware/auth.js:29:13)\n    at Layer.handle [as handle_request] (/Users/rrejin/Downloads/zolvex-deepclean/server/node_modules/express/lib/router/layer.js:95:5)\n    at trim_prefix (/Users/rrejin/Downloads/zolvex-deepclean/server/node_modules/express/lib/router/index.js:328:13)\n    at /Users/rrejin/Downloads/zolvex-deepclean/server/node_modules/express/lib/router/index.js:286:9\n    at router.process_params (/Users/rrejin/Downloads/zolvex-deepclean/server/node_modules/express/lib/router/index.js:346:12)\n    at next (/Users/rrejin/Downloads/zolvex-deepclean/server/node_modules/express/lib/router/index.js:280:10)\n    at router.handle (/Users/rrejin/Downloads/zolvex-deepclean/server/node_modules/express/lib/router/index.js:175:3)\n    at router (/Users/rrejin/Downloads/zolvex-deepclean/server/node_modules/express/lib/router/index.js:47:12)\n    at Layer.handle [as handle_request] (/Users/rrejin/Downloads/zolvex-deepclean/server/node_modules/express/lib/router/layer.js:95:5)\n    at trim_prefix (/Users/rrejin/Downloads/zolvex-deepclean/server/node_modules/express/lib/router/index.js:328:13)","timestamp":"2026-07-30 09:57:09"}
{"ip":"127.0.0.1","level":"error","message":"[GET] /api/v1/admin/messages - 401: Authentication required. Please log in.","service":"zolvex-backend","stack":"Error: Authentication required. Please log in.\n    at authenticate (/Users/rrejin/Downloads/zolvex-deepclean/server/src/middleware/auth.js:29:13)\n    at Layer.handle [as handle_request] (/Users/rrejin/Downloads/zolvex-deepclean/server/node_modules/express/lib/router/layer.js:95:5)\n    at trim_prefix (/Users/rrejin/Downloads/zolvex-deepclean/server/node_modules/express/lib/router/index.js:328:13)\n    at /Users/rrejin/Downloads/zolvex-deepclean/server/node_modules/express/lib/router/index.js:286:9\n    at router.process_params (/Users/rrejin/Downloads/zolvex-deepclean/server/node_modules/express/lib/router/index.js:346:12)\n    at next (/Users/rrejin/Downloads/zolvex-deepclean/server/node_modules/express/lib/router/index.js:280:10)\n    at router.handle (/Users/rrejin/Downloads/zolvex-deepclean/server/node_modules/express/lib/router/index.js:175:3)\n    at router (/Users/rrejin/Downloads/zolvex-deepclean/server/node_modules/express/lib/router/index.js:47:12)\n    at Layer.handle [as handle_request] (/Users/rrejin/Downloads/zolvex-deepclean/server/node_modules/express/lib/router/layer.js:95:5)\n    at trim_prefix (/Users/rrejin/Downloads/zolvex-deepclean/server/node_modules/express/lib/router/index.js:328:13)","timestamp":"2026-07-30 09:57:09"}
{"ip":"127.0.0.1","level":"error","message":"[GET] /api/v1/admin/reviews - 401: Authentication required. Please log in.","service":"zolvex-backend","stack":"Error: Authentication required. Please log in.\n    at authenticate (/Users/rrejin/Downloads/zolvex-deepclean/server/src/middleware/auth.js:29:13)\n    at Layer.handle [as handle_request] (/Users/rrejin/Downloads/zolvex-deepclean/server/node_modules/express/lib/router/layer.js:95:5)\n    at trim_prefix (/Users/rrejin/Downloads/zolvex-deepclean/server/node_modules/express/lib/router/index.js:328:13)\n    at /Users/rrejin/Downloads/zolvex-deepclean/server/node_modules/express/lib/router/index.js:286:9\n    at router.process_params (/Users/rrejin/Downloads/zolvex-deepclean/server/node_modules/express/lib/router/index.js:346:12)\n    at next (/Users/rrejin/Downloads/zolvex-deepclean/server/node_modules/express/lib/router/index.js:280:10)\n    at router.handle (/Users/rrejin/Downloads/zolvex-deepclean/server/node_modules/express/lib/router/index.js:175:3)\n    at router (/Users/rrejin/Downloads/zolvex-deepclean/server/node_modules/express/lib/router/index.js:47:12)\n    at Layer.handle [as handle_request] (/Users/rrejin/Downloads/zolvex-deepclean/server/node_modules/express/lib/router/layer.js:95:5)\n    at trim_prefix (/Users/rrejin/Downloads/zolvex-deepclean/server/node_modules/express/lib/router/index.js:328:13)","timestamp":"2026-07-30 09:57:09"}
{"ip":"127.0.0.1","level":"error","message":"[GET] /api/v1/admin/reviews - 401: Authentication required. Please log in.","service":"zolvex-backend","stack":"Error: Authentication required. Please log in.\n    at authenticate (/Users/rrejin/Downloads/zolvex-deepclean/server/src/middleware/auth.js:29:13)\n    at Layer.handle [as handle_request] (/Users/rrejin/Downloads/zolvex-deepclean/server/node_modules/express/lib/router/layer.js:95:5)\n    at trim_prefix (/Users/rrejin/Downloads/zolvex-deepclean/server/node_modules/express/lib/router/index.js:328:13)\n    at /Users/rrejin/Downloads/zolvex-deepclean/server/node_modules/express/lib/router/index.js:286:9\n    at router.process_params (/Users/rrejin/Downloads/zolvex-deepclean/server/node_modules/express/lib/router/index.js:346:12)\n    at next (/Users/rrejin/Downloads/zolvex-deepclean/server/node_modules/express/lib/router/index.js:280:10)\n    at router.handle (/Users/rrejin/Downloads/zolvex-deepclean/server/node_modules/express/lib/router/index.js:175:3)\n    at router (/Users/rrejin/Downloads/zolvex-deepclean/server/node_modules/express/lib/router/index.js:47:12)\n    at Layer.handle [as handle_request] (/Users/rrejin/Downloads/zolvex-deepclean/server/node_modules/express/lib/router/layer.js:95:5)\n    at trim_prefix (/Users/rrejin/Downloads/zolvex-deepclean/server/node_modules/express/lib/router/index.js:328:13)","timestamp":"2026-07-30 09:57:10"}
{"ip":"127.0.0.1","level":"error","message":"[GET] /api/v1/admin/messages - 401: Authentication required. Please log in.","service":"zolvex-backend","stack":"Error: Authentication required. Please log in.\n    at authenticate (/Users/rrejin/Downloads/zolvex-deepclean/server/src/middleware/auth.js:29:13)\n    at Layer.handle [as handle_request] (/Users/rrejin/Downloads/zolvex-deepclean/server/node_modules/express/lib/router/layer.js:95:5)\n    at trim_prefix (/Users/rrejin/Downloads/zolvex-deepclean/server/node_modules/express/lib/router/index.js:328:13)\n    at /Users/rrejin/Downloads/zolvex-deepclean/server/node_modules/express/lib/router/index.js:286:9\n    at router.process_params (/Users/rrejin/Downloads/zolvex-deepclean/server/node_modules/express/lib/router/index.js:346:12)\n    at next (/Users/rrejin/Downloads/zolvex-deepclean/server/node_modules/express/lib/router/index.js:280:10)\n    at router.handle (/Users/rrejin/Downloads/zolvex-deepclean/server/node_modules/express/lib/router/index.js:175:3)\n    at router (/Users/rrejin/Downloads/zolvex-deepclean/server/node_modules/express/lib/router/index.js:47:12)\n    at Layer.handle [as handle_request] (/Users/rrejin/Downloads/zolvex-deepclean/server/node_modules/express/lib/router/layer.js:95:5)\n    at trim_prefix (/Users/rrejin/Downloads/zolvex-deepclean/server/node_modules/express/lib/router/index.js:328:13)","timestamp":"2026-07-30 09:57:10"}
{"ip":"127.0.0.1","level":"error","message":"[GET] /api/v1/admin/messages - 401: Authentication required. Please log in.","service":"zolvex-backend","stack":"Error: Authentication required. Please log in.\n    at authenticate (/Users/rrejin/Downloads/zolvex-deepclean/server/src/middleware/auth.js:29:13)\n    at Layer.handle [as handle_request] (/Users/rrejin/Downloads/zolvex-deepclean/server/node_modules/express/lib/router/layer.js:95:5)\n    at trim_prefix (/Users/rrejin/Downloads/zolvex-deepclean/server/node_modules/express/lib/router/index.js:328:13)\n    at /Users/rrejin/Downloads/zolvex-deepclean/server/node_modules/express/lib/router/index.js:286:9\n    at router.process_params (/Users/rrejin/Downloads/zolvex-deepclean/server/node_modules/express/lib/router/index.js:346:12)\n    at next (/Users/rrejin/Downloads/zolvex-deepclean/server/node_modules/express/lib/router/index.js:280:10)\n    at router.handle (/Users/rrejin/Downloads/zolvex-deepclean/server/node_modules/express/lib/router/index.js:175:3)\n    at router (/Users/rrejin/Downloads/zolvex-deepclean/server/node_modules/express/lib/router/index.js:47:12)\n    at Layer.handle [as handle_request] (/Users/rrejin/Downloads/zolvex-deepclean/server/node_modules/express/lib/router/layer.js:95:5)\n    at trim_prefix (/Users/rrejin/Downloads/zolvex-deepclean/server/node_modules/express/lib/router/index.js:328:13)","timestamp":"2026-07-30 09:57:10"}
{"ip":"127.0.0.1","level":"error","message":"[GET] /api/v1/admin/reviews - 401: Authentication required. Please log in.","service":"zolvex-backend","stack":"Error: Authentication required. Please log in.\n    at authenticate (/Users/rrejin/Downloads/zolvex-deepclean/server/src/middleware/auth.js:29:13)\n    at Layer.handle [as handle_request] (/Users/rrejin/Downloads/zolvex-deepclean/server/node_modules/express/lib/router/layer.js:95:5)\n    at trim_prefix (/Users/rrejin/Downloads/zolvex-deepclean/server/node_modules/express/lib/router/index.js:328:13)\n    at /Users/rrejin/Downloads/zolvex-deepclean/server/node_modules/express/lib/router/index.js:286:9\n    at router.process_params (/Users/rrejin/Downloads/zolvex-deepclean/server/node_modules/express/lib/router/index.js:346:12)\n    at next (/Users/rrejin/Downloads/zolvex-deepclean/server/node_modules/express/lib/router/index.js:280:10)\n    at router.handle (/Users/rrejin/Downloads/zolvex-deepclean/server/node_modules/express/lib/router/index.js:175:3)\n    at router (/Users/rrejin/Downloads/zolvex-deepclean/server/node_modules/express/lib/router/index.js:47:12)\n    at Layer.handle [as handle_request] (/Users/rrejin/Downloads/zolvex-deepclean/server/node_modules/express/lib/router/layer.js:95:5)\n    at trim_prefix (/Users/rrejin/Downloads/zolvex-deepclean/server/node_modules/express/lib/router/index.js:328:13)","timestamp":"2026-07-30 09:57:10"}
{"ip":"127.0.0.1","level":"error","message":"[GET] /api/v1/admin/messages - 401: Authentication required. Please log in.","service":"zolvex-backend","stack":"Error: Authentication required. Please log in.\n    at authenticate (/Users/rrejin/Downloads/zolvex-deepclean/server/src/middleware/auth.js:29:13)\n    at Layer.handle [as handle_request] (/Users/rrejin/Downloads/zolvex-deepclean/server/node_modules/express/lib/router/layer.js:95:5)\n    at trim_prefix (/Users/rrejin/Downloads/zolvex-deepclean/server/node_modules/express/lib/router/index.js:328:13)\n    at /Users/rrejin/Downloads/zolvex-deepclean/server/node_modules/express/lib/router/index.js:286:9\n    at router.process_params (/Users/rrejin/Downloads/zolvex-deepclean/server/node_modules/express/lib/router/index.js:346:12)\n    at next (/Users/rrejin/Downloads/zolvex-deepclean/server/node_modules/express/lib/router/index.js:280:10)\n    at router.handle (/Users/rrejin/Downloads/zolvex-deepclean/server/node_modules/express/lib/router/index.js:175:3)\n    at router (/Users/rrejin/Downloads/zolvex-deepclean/server/node_modules/express/lib/router/index.js:47:12)\n    at Layer.handle [as handle_request] (/Users/rrejin/Downloads/zolvex-deepclean/server/node_modules/express/lib/router/layer.js:95:5)\n    at trim_prefix (/Users/rrejin/Downloads/zolvex-deepclean/server/node_modules/express/lib/router/index.js:328:13)","timestamp":"2026-07-30 09:57:10"}
{"ip":"127.0.0.1","level":"error","message":"[GET] /api/v1/admin/reviews - 401: Authentication required. Please log in.","service":"zolvex-backend","stack":"Error: Authentication required. Please log in.\n    at authenticate (/Users/rrejin/Downloads/zolvex-deepclean/server/src/middleware/auth.js:29:13)\n    at Layer.handle [as handle_request] (/Users/rrejin/Downloads/zolvex-deepclean/server/node_modules/express/lib/router/layer.js:95:5)\n    at trim_prefix (/Users/rrejin/Downloads/zolvex-deepclean/server/node_modules/express/lib/router/index.js:328:13)\n    at /Users/rrejin/Downloads/zolvex-deepclean/server/node_modules/express/lib/router/index.js:286:9\n    at router.process_params (/Users/rrejin/Downloads/zolvex-deepclean/server/node_modules/express/lib/router/index.js:346:12)\n    at next (/Users/rrejin/Downloads/zolvex-deepclean/server/node_modules/express/lib/router/index.js:280:10)\n    at router.handle (/Users/rrejin/Downloads/zolvex-deepclean/server/node_modules/express/lib/router/index.js:175:3)\n    at router (/Users/rrejin/Downloads/zolvex-deepclean/server/node_modules/express/lib/router/index.js:47:12)\n    at Layer.handle [as handle_request] (/Users/rrejin/Downloads/zolvex-deepclean/server/node_modules/express/lib/router/layer.js:95:5)\n    at trim_prefix (/Users/rrejin/Downloads/zolvex-deepclean/server/node_modules/express/lib/router/index.js:328:13)","timestamp":"2026-07-30 09:57:10"}
{"ip":"127.0.0.1","level":"error","message":"[GET] /api/v1/admin/messages - 401: Authentication required. Please log in.","service":"zolvex-backend","stack":"Error: Authentication required. Please log in.\n    at authenticate (/Users/rrejin/Downloads/zolvex-deepclean/server/src/middleware/auth.js:29:13)\n    at Layer.handle [as handle_request] (/Users/rrejin/Downloads/zolvex-deepclean/server/node_modules/express/lib/router/layer.js:95:5)\n    at trim_prefix (/Users/rrejin/Downloads/zolvex-deepclean/server/node_modules/express/lib/router/index.js:328:13)\n    at /Users/rrejin/Downloads/zolvex-deepclean/server/node_modules/express/lib/router/index.js:286:9\n    at router.process_params (/Users/rrejin/Downloads/zolvex-deepclean/server/node_modules/express/lib/router/index.js:346:12)\n    at next (/Users/rrejin/Downloads/zolvex-deepclean/server/node_modules/express/lib/router/index.js:280:10)\n    at router.handle (/Users/rrejin/Downloads/zolvex-deepclean/server/node_modules/express/lib/router/index.js:175:3)\n    at router (/Users/rrejin/Downloads/zolvex-deepclean/server/node_modules/express/lib/router/index.js:47:12)\n    at Layer.handle [as handle_request] (/Users/rrejin/Downloads/zolvex-deepclean/server/node_modules/express/lib/router/layer.js:95:5)\n    at trim_prefix (/Users/rrejin/Downloads/zolvex-deepclean/server/node_modules/express/lib/router/index.js:328:13)","timestamp":"2026-07-30 09:57:10"}
{"ip":"127.0.0.1","level":"error","message":"[GET] /api/v1/admin/reviews - 401: Authentication required. Please log in.","service":"zolvex-backend","stack":"Error: Authentication required. Please log in.\n    at authenticate (/Users/rrejin/Downloads/zolvex-deepclean/server/src/middleware/auth.js:29:13)\n    at Layer.handle [as handle_request] (/Users/rrejin/Downloads/zolvex-deepclean/server/node_modules/express/lib/router/layer.js:95:5)\n    at trim_prefix (/Users/rrejin/Downloads/zolvex-deepclean/server/node_modules/express/lib/router/index.js:328:13)\n    at /Users/rrejin/Downloads/zolvex-deepclean/server/node_modules/express/lib/router/index.js:286:9\n    at router.process_params (/Users/rrejin/Downloads/zolvex-deepclean/server/node_modules/express/lib/router/index.js:346:12)\n    at next (/Users/rrejin/Downloads/zolvex-deepclean/server/node_modules/express/lib/router/index.js:280:10)\n    at router.handle (/Users/rrejin/Downloads/zolvex-deepclean/server/node_modules/express/lib/router/index.js:175:3)\n    at router (/Users/rrejin/Downloads/zolvex-deepclean/server/node_modules/express/lib/router/index.js:47:12)\n    at Layer.handle [as handle_request] (/Users/rrejin/Downloads/zolvex-deepclean/server/node_modules/express/lib/router/layer.js:95:5)\n    at trim_prefix (/Users/rrejin/Downloads/zolvex-deepclean/server/node_modules/express/lib/router/index.js:328:13)","timestamp":"2026-07-30 09:57:10"}
{"ip":"127.0.0.1","level":"error","message":"[GET] /api/v1/admin/messages - 401: Authentication required. Please log in.","service":"zolvex-backend","stack":"Error: Authentication required. Please log in.\n    at authenticate (/Users/rrejin/Downloads/zolvex-deepclean/server/src/middleware/auth.js:29:13)\n    at Layer.handle [as handle_request] (/Users/rrejin/Downloads/zolvex-deepclean/server/node_modules/express/lib/router/layer.js:95:5)\n    at trim_prefix (/Users/rrejin/Downloads/zolvex-deepclean/server/node_modules/express/lib/router/index.js:328:13)\n    at /Users/rrejin/Downloads/zolvex-deepclean/server/node_modules/express/lib/router/index.js:286:9\n    at router.process_params (/Users/rrejin/Downloads/zolvex-deepclean/server/node_modules/express/lib/router/index.js:346:12)\n    at next (/Users/rrejin/Downloads/zolvex-deepclean/server/node_modules/express/lib/router/index.js:280:10)\n    at router.handle (/Users/rrejin/Downloads/zolvex-deepclean/server/node_modules/express/lib/router/index.js:175:3)\n    at router (/Users/rrejin/Downloads/zolvex-deepclean/server/node_modules/express/lib/router/index.js:47:12)\n    at Layer.handle [as handle_request] (/Users/rrejin/Downloads/zolvex-deepclean/server/node_modules/express/lib/router/layer.js:95:5)\n    at trim_prefix (/Users/rrejin/Downloads/zolvex-deepclean/server/node_modules/express/lib/router/index.js:328:13)","timestamp":"2026-07-30 09:57:11"}
{"ip":"127.0.0.1","level":"error","message":"[GET] /api/v1/admin/reviews - 401: Authentication required. Please log in.","service":"zolvex-backend","stack":"Error: Authentication required. Please log in.\n    at authenticate (/Users/rrejin/Downloads/zolvex-deepclean/server/src/middleware/auth.js:29:13)\n    at Layer.handle [as handle_request] (/Users/rrejin/Downloads/zolvex-deepclean/server/node_modules/express/lib/router/layer.js:95:5)\n    at trim_prefix (/Users/rrejin/Downloads/zolvex-deepclean/server/node_modules/express/lib/router/index.js:328:13)\n    at /Users/rrejin/Downloads/zolvex-deepclean/server/node_modules/express/lib/router/index.js:286:9\n    at router.process_params (/Users/rrejin/Downloads/zolvex-deepclean/server/node_modules/express/lib/router/index.js:346:12)\n    at next (/Users/rrejin/Downloads/zolvex-deepclean/server/node_modules/express/lib/router/index.js:280:10)\n    at router.handle (/Users/rrejin/Downloads/zolvex-deepclean/server/node_modules/express/lib/router/index.js:175:3)\n    at router (/Users/rrejin/Downloads/zolvex-deepclean/server/node_modules/express/lib/router/index.js:47:12)\n    at Layer.handle [as handle_request] (/Users/rrejin/Downloads/zolvex-deepclean/server/node_modules/express/lib/router/layer.js:95:5)\n    at trim_prefix (/Users/rrejin/Downloads/zolvex-deepclean/server/node_modules/express/lib/router/index.js:328:13)","timestamp":"2026-07-30 09:57:11"}
{"ip":"127.0.0.1","level":"error","message":"[GET] /api/v1/admin/messages - 401: Authentication required. Please log in.","service":"zolvex-backend","stack":"Error: Authentication required. Please log in.\n    at authenticate (/Users/rrejin/Downloads/zolvex-deepclean/server/src/middleware/auth.js:29:13)\n    at Layer.handle [as handle_request] (/Users/rrejin/Downloads/zolvex-deepclean/server/node_modules/express/lib/router/layer.js:95:5)\n    at trim_prefix (/Users/rrejin/Downloads/zolvex-deepclean/server/node_modules/express/lib/router/index.js:328:13)\n    at /Users/rrejin/Downloads/zolvex-deepclean/server/node_modules/express/lib/router/index.js:286:9\n    at router.process_params (/Users/rrejin/Downloads/zolvex-deepclean/server/node_modules/express/lib/router/index.js:346:12)\n    at next (/Users/rrejin/Downloads/zolvex-deepclean/server/node_modules/express/lib/router/index.js:280:10)\n    at router.handle (/Users/rrejin/Downloads/zolvex-deepclean/server/node_modules/express/lib/router/index.js:175:3)\n    at router (/Users/rrejin/Downloads/zolvex-deepclean/server/node_modules/express/lib/router/index.js:47:12)\n    at Layer.handle [as handle_request] (/Users/rrejin/Downloads/zolvex-deepclean/server/node_modules/express/lib/router/layer.js:95:5)\n    at trim_prefix (/Users/rrejin/Downloads/zolvex-deepclean/server/node_modules/express/lib/router/index.js:328:13)","timestamp":"2026-07-30 09:57:11"}
{"ip":"127.0.0.1","level":"error","message":"[GET] /api/v1/admin/reviews - 401: Authentication required. Please log in.","service":"zolvex-backend","stack":"Error: Authentication required. Please log in.\n    at authenticate (/Users/rrejin/Downloads/zolvex-deepclean/server/src/middleware/auth.js:29:13)\n    at Layer.handle [as handle_request] (/Users/rrejin/Downloads/zolvex-deepclean/server/node_modules/express/lib/router/layer.js:95:5)\n    at trim_prefix (/Users/rrejin/Downloads/zolvex-deepclean/server/node_modules/express/lib/router/index.js:328:13)\n    at /Users/rrejin/Downloads/zolvex-deepclean/server/node_modules/express/lib/router/index.js:286:9\n    at router.process_params (/Users/rrejin/Downloads/zolvex-deepclean/server/node_modules/express/lib/router/index.js:346:12)\n    at next (/Users/rrejin/Downloads/zolvex-deepclean/server/node_modules/express/lib/router/index.js:280:10)\n    at router.handle (/Users/rrejin/Downloads/zolvex-deepclean/server/node_modules/express/lib/router/index.js:175:3)\n    at router (/Users/rrejin/Downloads/zolvex-deepclean/server/node_modules/express/lib/router/index.js:47:12)\n    at Layer.handle [as handle_request] (/Users/rrejin/Downloads/zolvex-deepclean/server/node_modules/express/lib/router/layer.js:95:5)\n    at trim_prefix (/Users/rrejin/Downloads/zolvex-deepclean/server/node_modules/express/lib/router/index.js:328:13)","timestamp":"2026-07-30 09:57:11"}
{"ip":"127.0.0.1","level":"error","message":"[GET] /api/v1/admin/messages - 401: Authentication required. Please log in.","service":"zolvex-backend","stack":"Error: Authentication required. Please log in.\n    at authenticate (/Users/rrejin/Downloads/zolvex-deepclean/server/src/middleware/auth.js:29:13)\n    at Layer.handle [as handle_request] (/Users/rrejin/Downloads/zolvex-deepclean/server/node_modules/express/lib/router/layer.js:95:5)\n    at trim_prefix (/Users/rrejin/Downloads/zolvex-deepclean/server/node_modules/express/lib/router/index.js:328:13)\n    at /Users/rrejin/Downloads/zolvex-deepclean/server/node_modules/express/lib/router/index.js:286:9\n    at router.process_params (/Users/rrejin/Downloads/zolvex-deepclean/server/node_modules/express/lib/router/index.js:346:12)\n    at next (/Users/rrejin/Downloads/zolvex-deepclean/server/node_modules/express/lib/router/index.js:280:10)\n    at router.handle (/Users/rrejin/Downloads/zolvex-deepclean/server/node_modules/express/lib/router/index.js:175:3)\n    at router (/Users/rrejin/Downloads/zolvex-deepclean/server/node_modules/express/lib/router/index.js:47:12)\n    at Layer.handle [as handle_request] (/Users/rrejin/Downloads/zolvex-deepclean/server/node_modules/express/lib/router/layer.js:95:5)\n    at trim_prefix (/Users/rrejin/Downloads/zolvex-deepclean/server/node_modules/express/lib/router/index.js:328:13)","timestamp":"2026-07-30 09:57:11"}
{"ip":"127.0.0.1","level":"error","message":"[GET] /api/v1/admin/reviews - 401: Authentication required. Please log in.","service":"zolvex-backend","stack":"Error: Authentication required. Please log in.\n    at authenticate (/Users/rrejin/Downloads/zolvex-deepclean/server/src/middleware/auth.js:29:13)\n    at Layer.handle [as handle_request] (/Users/rrejin/Downloads/zolvex-deepclean/server/node_modules/express/lib/router/layer.js:95:5)\n    at trim_prefix (/Users/rrejin/Downloads/zolvex-deepclean/server/node_modules/express/lib/router/index.js:328:13)\n    at /Users/rrejin/Downloads/zolvex-deepclean/server/node_modules/express/lib/router/index.js:286:9\n    at router.process_params (/Users/rrejin/Downloads/zolvex-deepclean/server/node_modules/express/lib/router/index.js:346:12)\n    at next (/Users/rrejin/Downloads/zolvex-deepclean/server/node_modules/express/lib/router/index.js:280:10)\n    at router.handle (/Users/rrejin/Downloads/zolvex-deepclean/server/node_modules/express/lib/router/index.js:175:3)\n    at router (/Users/rrejin/Downloads/zolvex-deepclean/server/node_modules/express/lib/router/index.js:47:12)\n    at Layer.handle [as handle_request] (/Users/rrejin/Downloads/zolvex-deepclean/server/node_modules/express/lib/router/layer.js:95:5)\n    at trim_prefix (/Users/rrejin/Downloads/zolvex-deepclean/server/node_modules/express/lib/router/index.js:328:13)","timestamp":"2026-07-30 09:57:11"}
{"ip":"127.0.0.1","level":"error","message":"[GET] /api/v1/admin/messages - 401: Authentication required. Please log in.","service":"zolvex-backend","stack":"Error: Authentication required. Please log in.\n    at authenticate (/Users/rrejin/Downloads/zolvex-deepclean/server/src/middleware/auth.js:29:13)\n    at Layer.handle [as handle_request] (/Users/rrejin/Downloads/zolvex-deepclean/server/node_modules/express/lib/router/layer.js:95:5)\n    at trim_prefix (/Users/rrejin/Downloads/zolvex-deepclean/server/node_modules/express/lib/router/index.js:328:13)\n    at /Users/rrejin/Downloads/zolvex-deepclean/server/node_modules/express/lib/router/index.js:286:9\n    at router.process_params (/Users/rrejin/Downloads/zolvex-deepclean/server/node_modules/express/lib/router/index.js:346:12)\n    at next (/Users/rrejin/Downloads/zolvex-deepclean/server/node_modules/express/lib/router/index.js:280:10)\n    at router.handle (/Users/rrejin/Downloads/zolvex-deepclean/server/node_modules/express/lib/router/index.js:175:3)\n    at router (/Users/rrejin/Downloads/zolvex-deepclean/server/node_modules/express/lib/router/index.js:47:12)\n    at Layer.handle [as handle_request] (/Users/rrejin/Downloads/zolvex-deepclean/server/node_modules/express/lib/router/layer.js:95:5)\n    at trim_prefix (/Users/rrejin/Downloads/zolvex-deepclean/server/node_modules/express/lib/router/index.js:328:13)","timestamp":"2026-07-30 09:57:11"}
{"ip":"127.0.0.1","level":"error","message":"[GET] /api/v1/admin/reviews - 401: Authentication required. Please log in.","service":"zolvex-backend","stack":"Error: Authentication required. Please log in.\n    at authenticate (/Users/rrejin/Downloads/zolvex-deepclean/server/src/middleware/auth.js:29:13)\n    at Layer.handle [as handle_request] (/Users/rrejin/Downloads/zolvex-deepclean/server/node_modules/express/lib/router/layer.js:95:5)\n    at trim_prefix (/Users/rrejin/Downloads/zolvex-deepclean/server/node_modules/express/lib/router/index.js:328:13)\n    at /Users/rrejin/Downloads/zolvex-deepclean/server/node_modules/express/lib/router/index.js:286:9\n    at router.process_params (/Users/rrejin/Downloads/zolvex-deepclean/server/node_modules/express/lib/router/index.js:346:12)\n    at next (/Users/rrejin/Downloads/zolvex-deepclean/server/node_modules/express/lib/router/index.js:280:10)\n    at router.handle (/Users/rrejin/Downloads/zolvex-deepclean/server/node_modules/express/lib/router/index.js:175:3)\n    at router (/Users/rrejin/Downloads/zolvex-deepclean/server/node_modules/express/lib/router/index.js:47:12)\n    at Layer.handle [as handle_request] (/Users/rrejin/Downloads/zolvex-deepclean/server/node_modules/express/lib/router/layer.js:95:5)\n    at trim_prefix (/Users/rrejin/Downloads/zolvex-deepclean/server/node_modules/express/lib/router/index.js:328:13)","timestamp":"2026-07-30 09:57:11"}
{"ip":"127.0.0.1","level":"error","message":"[GET] /api/v1/admin/messages - 401: Authentication required. Please log in.","service":"zolvex-backend","stack":"Error: Authentication required. Please log in.\n    at authenticate (/Users/rrejin/Downloads/zolvex-deepclean/server/src/middleware/auth.js:29:13)\n    at Layer.handle [as handle_request] (/Users/rrejin/Downloads/zolvex-deepclean/server/node_modules/express/lib/router/layer.js:95:5)\n    at trim_prefix (/Users/rrejin/Downloads/zolvex-deepclean/server/node_modules/express/lib/router/index.js:328:13)\n    at /Users/rrejin/Downloads/zolvex-deepclean/server/node_modules/express/lib/router/index.js:286:9\n    at router.process_params (/Users/rrejin/Downloads/zolvex-deepclean/server/node_modules/express/lib/router/index.js:346:12)\n    at next (/Users/rrejin/Downloads/zolvex-deepclean/server/node_modules/express/lib/router/index.js:280:10)\n    at router.handle (/Users/rrejin/Downloads/zolvex-deepclean/server/node_modules/express/lib/router/index.js:175:3)\n    at router (/Users/rrejin/Downloads/zolvex-deepclean/server/node_modules/express/lib/router/index.js:47:12)\n    at Layer.handle [as handle_request] (/Users/rrejin/Downloads/zolvex-deepclean/server/node_modules/express/lib/router/layer.js:95:5)\n    at trim_prefix (/Users/rrejin/Downloads/zolvex-deepclean/server/node_modules/express/lib/router/index.js:328:13)","timestamp":"2026-07-30 09:57:12"}
{"ip":"127.0.0.1","level":"error","message":"[GET] /api/v1/admin/reviews - 401: Authentication required. Please log in.","service":"zolvex-backend","stack":"Error: Authentication required. Please log in.\n    at authenticate (/Users/rrejin/Downloads/zolvex-deepclean/server/src/middleware/auth.js:29:13)\n    at Layer.handle [as handle_request] (/Users/rrejin/Downloads/zolvex-deepclean/server/node_modules/express/lib/router/layer.js:95:5)\n    at trim_prefix (/Users/rrejin/Downloads/zolvex-deepclean/server/node_modules/express/lib/router/index.js:328:13)\n    at /Users/rrejin/Downloads/zolvex-deepclean/server/node_modules/express/lib/router/index.js:286:9\n    at router.process_params (/Users/rrejin/Downloads/zolvex-deepclean/server/node_modules/express/lib/router/index.js:346:12)\n    at next (/Users/rrejin/Downloads/zolvex-deepclean/server/node_modules/express/lib/router/index.js:280:10)\n    at router.handle (/Users/rrejin/Downloads/zolvex-deepclean/server/node_modules/express/lib/router/index.js:175:3)\n    at router (/Users/rrejin/Downloads/zolvex-deepclean/server/node_modules/express/lib/router/index.js:47:12)\n    at Layer.handle [as handle_request] (/Users/rrejin/Downloads/zolvex-deepclean/server/node_modules/express/lib/router/layer.js:95:5)\n    at trim_prefix (/Users/rrejin/Downloads/zolvex-deepclean/server/node_modules/express/lib/router/index.js:328:13)","timestamp":"2026-07-30 09:57:12"}
{"ip":"127.0.0.1","level":"error","message":"[GET] /api/v1/admin/analytics - 401: Authentication required. Please log in.","service":"zolvex-backend","stack":"Error: Authentication required. Please log in.\n    at authenticate (/Users/rrejin/Downloads/zolvex-deepclean/server/src/middleware/auth.js:29:13)\n    at Layer.handle [as handle_request] (/Users/rrejin/Downloads/zolvex-deepclean/server/node_modules/express/lib/router/layer.js:95:5)\n    at trim_prefix (/Users/rrejin/Downloads/zolvex-deepclean/server/node_modules/express/lib/router/index.js:328:13)\n    at /Users/rrejin/Downloads/zolvex-deepclean/server/node_modules/express/lib/router/index.js:286:9\n    at router.process_params (/Users/rrejin/Downloads/zolvex-deepclean/server/node_modules/express/lib/router/index.js:346:12)\n    at next (/Users/rrejin/Downloads/zolvex-deepclean/server/node_modules/express/lib/router/index.js:280:10)\n    at router.handle (/Users/rrejin/Downloads/zolvex-deepclean/server/node_modules/express/lib/router/index.js:175:3)\n    at router (/Users/rrejin/Downloads/zolvex-deepclean/server/node_modules/express/lib/router/index.js:47:12)\n    at Layer.handle [as handle_request] (/Users/rrejin/Downloads/zolvex-deepclean/server/node_modules/express/lib/router/layer.js:95:5)\n    at trim_prefix (/Users/rrejin/Downloads/zolvex-deepclean/server/node_modules/express/lib/router/index.js:328:13)","timestamp":"2026-07-30 09:57:18"}
{"ip":"127.0.0.1","level":"error","message":"[GET] /api/v1/admin/analytics - 401: Authentication required. Please log in.","service":"zolvex-backend","stack":"Error: Authentication required. Please log in.\n    at authenticate (/Users/rrejin/Downloads/zolvex-deepclean/server/src/middleware/auth.js:29:13)\n    at Layer.handle [as handle_request] (/Users/rrejin/Downloads/zolvex-deepclean/server/node_modules/express/lib/router/layer.js:95:5)\n    at trim_prefix (/Users/rrejin/Downloads/zolvex-deepclean/server/node_modules/express/lib/router/index.js:328:13)\n    at /Users/rrejin/Downloads/zolvex-deepclean/server/node_modules/express/lib/router/index.js:286:9\n    at router.process_params (/Users/rrejin/Downloads/zolvex-deepclean/server/node_modules/express/lib/router/index.js:346:12)\n    at next (/Users/rrejin/Downloads/zolvex-deepclean/server/node_modules/express/lib/router/index.js:280:10)\n    at router.handle (/Users/rrejin/Downloads/zolvex-deepclean/server/node_modules/express/lib/router/index.js:175:3)\n    at router (/Users/rrejin/Downloads/zolvex-deepclean/server/node_modules/express/lib/router/index.js:47:12)\n    at Layer.handle [as handle_request] (/Users/rrejin/Downloads/zolvex-deepclean/server/node_modules/express/lib/router/layer.js:95:5)\n    at trim_prefix (/Users/rrejin/Downloads/zolvex-deepclean/server/node_modules/express/lib/router/index.js:328:13)","timestamp":"2026-07-30 09:57:52"}
{"ip":"127.0.0.1","level":"error","message":"[POST] /api/v1/auth/login - 401: Invalid email or password","service":"zolvex-backend","stack":"Error: Invalid email or password\n    at AuthService.login (/Users/rrejin/Downloads/zolvex-deepclean/server/src/services/authService.js:42:13)\n    at process.processTicksAndRejections (node:internal/process/task_queues:104:5)\n    at async /Users/rrejin/Downloads/zolvex-deepclean/server/src/controllers/authController.js:23:18","timestamp":"2026-07-30 10:01:07"}
{"ip":"127.0.0.1","level":"error","message":"[POST] /api/v1/auth/login - 401: Invalid email or password","service":"zolvex-backend","stack":"Error: Invalid email or password\n    at AuthService.login (/Users/rrejin/Downloads/zolvex-deepclean/server/src/services/authService.js:42:13)\n    at process.processTicksAndRejections (node:internal/process/task_queues:104:5)\n    at async /Users/rrejin/Downloads/zolvex-deepclean/server/src/controllers/authController.js:23:18","timestamp":"2026-07-30 10:01:18"}
{"ip":"127.0.0.1","level":"error","message":"[POST] /api/v1/auth/login - 401: Invalid email or password","service":"zolvex-backend","stack":"Error: Invalid email or password\n    at AuthService.login (/Users/rrejin/Downloads/zolvex-deepclean/server/src/services/authService.js:42:13)\n    at process.processTicksAndRejections (node:internal/process/task_queues:104:5)\n    at async /Users/rrejin/Downloads/zolvex-deepclean/server/src/controllers/authController.js:23:18","timestamp":"2026-07-30 10:01:19"}
{"level":"info","message":"🍃 MongoDB Connected: localhost/zolvex_deepclean","service":"zolvex-backend","timestamp":"2026-07-30 10:06:31"}
{"level":"info","message":"🚀 Zolvex Enterprise Backend running in [development] on http://0.0.0.0:5002","service":"zolvex-backend","timestamp":"2026-07-30 10:06:31"}
{"level":"info","message":"📡 Health Check: http://localhost:5002/api/v1/health","service":"zolvex-backend","timestamp":"2026-07-30 10:06:31"}
{"level":"info","message":"📚 Swagger Docs: http://localhost:5002/api/v1/docs","service":"zolvex-backend","timestamp":"2026-07-30 10:06:31"}
{"ip":"127.0.0.1","level":"error","message":"[POST] /api/v1/auth/login - 401: Invalid email or password","service":"zolvex-backend","stack":"Error: Invalid email or password\n    at AuthService.login (/Users/rrejin/Downloads/zolvex-deepclean/server/src/services/authService.js:42:13)\n    at process.processTicksAndRejections (node:internal/process/task_queues:104:5)\n    at async /Users/rrejin/Downloads/zolvex-deepclean/server/src/controllers/authController.js:23:18","timestamp":"2026-07-30 10:07:36"}
{"ip":"127.0.0.1","level":"error","message":"[POST] /api/v1/auth/login - 401: Invalid email or password","service":"zolvex-backend","stack":"Error: Invalid email or password\n    at AuthService.login (/Users/rrejin/Downloads/zolvex-deepclean/server/src/services/authService.js:42:13)\n    at process.processTicksAndRejections (node:internal/process/task_queues:104:5)\n    at async /Users/rrejin/Downloads/zolvex-deepclean/server/src/controllers/authController.js:23:18","timestamp":"2026-07-30 10:07:56"}
{"ip":"127.0.0.1","level":"error","message":"[POST] /api/v1/auth/login - 401: Invalid email or password","service":"zolvex-backend","stack":"Error: Invalid email or password\n    at AuthService.login (/Users/rrejin/Downloads/zolvex-deepclean/server/src/services/authService.js:42:13)\n    at process.processTicksAndRejections (node:internal/process/task_queues:104:5)\n    at async /Users/rrejin/Downloads/zolvex-deepclean/server/src/controllers/authController.js:23:18","timestamp":"2026-07-30 10:07:58"}
{"ip":"127.0.0.1","level":"error","message":"[POST] /api/v1/auth/login - 401: Invalid email or password","service":"zolvex-backend","stack":"Error: Invalid email or password\n    at AuthService.login (/Users/rrejin/Downloads/zolvex-deepclean/server/src/services/authService.js:42:13)\n    at process.processTicksAndRejections (node:internal/process/task_queues:104:5)\n    at async /Users/rrejin/Downloads/zolvex-deepclean/server/src/controllers/authController.js:23:18","timestamp":"2026-07-30 10:07:59"}
{"ip":"127.0.0.1","level":"error","message":"[POST] /api/v1/auth/login - 401: Invalid email or password","service":"zolvex-backend","stack":"Error: Invalid email or password\n    at AuthService.login (/Users/rrejin/Downloads/zolvex-deepclean/server/src/services/authService.js:42:13)\n    at process.processTicksAndRejections (node:internal/process/task_queues:104:5)\n    at async /Users/rrejin/Downloads/zolvex-deepclean/server/src/controllers/authController.js:23:18","timestamp":"2026-07-30 10:08:30"}
{"level":"info","message":"::ffff:127.0.0.1 - - [30/Jul/2026:04:39:18 +0000] \"GET /api/v1/health HTTP/1.1\" 200 326 \"-\" \"-\"","service":"zolvex-backend","timestamp":"2026-07-30 10:09:18"}
{"level":"info","message":"::ffff:127.0.0.1 - - [30/Jul/2026:04:39:18 +0000] \"GET /api/v1/services HTTP/1.1\" 200 4915 \"-\" \"-\"","service":"zolvex-backend","timestamp":"2026-07-30 10:09:18"}
{"level":"info","message":"::ffff:127.0.0.1 - - [30/Jul/2026:04:39:18 +0000] \"GET /api/v1/services HTTP/1.1\" 200 4915 \"-\" \"-\"","service":"zolvex-backend","timestamp":"2026-07-30 10:09:18"}
{"level":"info","message":"::ffff:127.0.0.1 - - [30/Jul/2026:04:39:19 +0000] \"GET /api/v1/services/deep-cleaning HTTP/1.1\" 200 1217 \"-\" \"-\"","service":"zolvex-backend","timestamp":"2026-07-30 10:09:19"}
{"level":"info","message":"::ffff:127.0.0.1 - - [30/Jul/2026:04:39:19 +0000] \"POST /api/v1/price/calculate HTTP/1.1\" 200 209 \"-\" \"-\"","service":"zolvex-backend","timestamp":"2026-07-30 10:09:19"}
{"level":"info","message":"::ffff:127.0.0.1 - - [30/Jul/2026:04:39:19 +0000] \"POST /api/v1/bookings HTTP/1.1\" 201 747 \"-\" \"-\"","service":"zolvex-backend","timestamp":"2026-07-30 10:09:19"}
{"level":"info","message":"::ffff:127.0.0.1 - - [30/Jul/2026:04:39:19 +0000] \"GET /api/v1/bookings/track/ZLV-2026-7880 HTTP/1.1\" 200 743 \"-\" \"-\"","service":"zolvex-backend","timestamp":"2026-07-30 10:09:19"}
{"ip":"::ffff:127.0.0.1","level":"error","message":"[GET] /api/v1/admin/bookings - 401: Authentication required. Please log in.","service":"zolvex-backend","stack":"Error: Authentication required. Please log in.\n    at authenticate (/Users/rrejin/Downloads/zolvex-deepclean/server/src/middleware/auth.js:18:13)\n    at Layer.handle [as handle_request] (/Users/rrejin/Downloads/zolvex-deepclean/server/node_modules/express/lib/router/layer.js:95:5)\n    at next (/Users/rrejin/Downloads/zolvex-deepclean/server/node_modules/express/lib/router/route.js:149:13)\n    at Route.dispatch (/Users/rrejin/Downloads/zolvex-deepclean/server/node_modules/express/lib/router/route.js:119:3)\n    at Layer.handle [as handle_request] (/Users/rrejin/Downloads/zolvex-deepclean/server/node_modules/express/lib/router/layer.js:95:5)\n    at /Users/rrejin/Downloads/zolvex-deepclean/server/node_modules/express/lib/router/index.js:284:15\n    at router.process_params (/Users/rrejin/Downloads/zolvex-deepclean/server/node_modules/express/lib/router/index.js:346:12)\n    at next (/Users/rrejin/Downloads/zolvex-deepclean/server/node_modules/express/lib/router/index.js:280:10)\n    at router.handle (/Users/rrejin/Downloads/zolvex-deepclean/server/node_modules/express/lib/router/index.js:175:3)\n    at router (/Users/rrejin/Downloads/zolvex-deepclean/server/node_modules/express/lib/router/index.js:47:12)\n    at Layer.handle [as handle_request] (/Users/rrejin/Downloads/zolvex-deepclean/server/node_modules/express/lib/router/layer.js:95:5)\n    at trim_prefix (/Users/rrejin/Downloads/zolvex-deepclean/server/node_modules/express/lib/router/index.js:328:13)\n    at /Users/rrejin/Downloads/zolvex-deepclean/server/node_modules/express/lib/router/index.js:286:9\n    at router.process_params (/Users/rrejin/Downloads/zolvex-deepclean/server/node_modules/express/lib/router/index.js:346:12)\n    at next (/Users/rrejin/Downloads/zolvex-deepclean/server/node_modules/express/lib/router/index.js:280:10)\n    at /Users/rrejin/Downloads/zolvex-deepclean/server/node_modules/express/lib/router/index.js:646:15\n    at next (/Users/rrejin/Downloads/zolvex-deepclean/server/node_modules/express/lib/router/index.js:265:14)\n    at router.handle (/Users/rrejin/Downloads/zolvex-deepclean/server/node_modules/express/lib/router/index.js:175:3)\n    at router (/Users/rrejin/Downloads/zolvex-deepclean/server/node_modules/express/lib/router/index.js:47:12)\n    at Layer.handle [as handle_request] (/Users/rrejin/Downloads/zolvex-deepclean/server/node_modules/express/lib/router/layer.js:95:5)\n    at trim_prefix (/Users/rrejin/Downloads/zolvex-deepclean/server/node_modules/express/lib/router/index.js:328:13)\n    at /Users/rrejin/Downloads/zolvex-deepclean/server/node_modules/express/lib/router/index.js:286:9\n    at router.process_params (/Users/rrejin/Downloads/zolvex-deepclean/server/node_modules/express/lib/router/index.js:346:12)\n    at next (/Users/rrejin/Downloads/zolvex-deepclean/server/node_modules/express/lib/router/index.js:280:10)\n    at /Users/rrejin/Downloads/zolvex-deepclean/server/node_modules/express/lib/router/index.js:646:15\n    at next (/Users/rrejin/Downloads/zolvex-deepclean/server/node_modules/express/lib/router/index.js:265:14)\n    at router.handle (/Users/rrejin/Downloads/zolvex-deepclean/server/node_modules/express/lib/router/index.js:175:3)\n    at router (/Users/rrejin/Downloads/zolvex-deepclean/server/node_modules/express/lib/router/index.js:47:12)\n    at Layer.handle [as handle_request] (/Users/rrejin/Downloads/zolvex-deepclean/server/node_modules/express/lib/router/layer.js:95:5)\n    at trim_prefix (/Users/rrejin/Downloads/zolvex-deepclean/server/node_modules/express/lib/router/index.js:328:13)\n    at /Users/rrejin/Downloads/zolvex-deepclean/server/node_modules/express/lib/router/index.js:286:9\n    at router.process_params (/Users/rrejin/Downloads/zolvex-deepclean/server/node_modules/express/lib/router/index.js:346:12)\n    at next (/Users/rrejin/Downloads/zolvex-deepclean/server/node_modules/express/lib/router/index.js:280:10)\n    at /Users/rrejin/Downloads/zolvex-deepclean/server/node_modules/express/lib/router/index.js:646:15\n    at next (/Users/rrejin/Downloads/zolvex-deepclean/server/node_modules/express/lib/router/index.js:265:14)\n    at router.handle (/Users/rrejin/Downloads/zolvex-deepclean/server/node_modules/express/lib/router/index.js:175:3)\n    at router (/Users/rrejin/Downloads/zolvex-deepclean/server/node_modules/express/lib/router/index.js:47:12)\n    at Layer.handle [as handle_request] (/Users/rrejin/Downloads/zolvex-deepclean/server/node_modules/express/lib/router/layer.js:95:5)\n    at trim_prefix (/Users/rrejin/Downloads/zolvex-deepclean/server/node_modules/express/lib/router/index.js:328:13)\n    at /Users/rrejin/Downloads/zolvex-deepclean/server/node_modules/express/lib/router/index.js:286:9\n    at router.process_params (/Users/rrejin/Downloads/zolvex-deepclean/server/node_modules/express/lib/router/index.js:346:12)\n    at next (/Users/rrejin/Downloads/zolvex-deepclean/server/node_modules/express/lib/router/index.js:280:10)\n    at router.handle (/Users/rrejin/Downloads/zolvex-deepclean/server/node_modules/express/lib/router/index.js:175:3)\n    at router (/Users/rrejin/Downloads/zolvex-deepclean/server/node_modules/express/lib/router/index.js:47:12)\n    at Layer.handle [as handle_request] (/Users/rrejin/Downloads/zolvex-deepclean/server/node_modules/express/lib/router/layer.js:95:5)\n    at trim_prefix (/Users/rrejin/Downloads/zolvex-deepclean/server/node_modules/express/lib/router/index.js:328:13)\n    at /Users/rrejin/Downloads/zolvex-deepclean/server/node_modules/express/lib/router/index.js:286:9\n    at router.process_params (/Users/rrejin/Downloads/zolvex-deepclean/server/node_modules/express/lib/router/index.js:346:12)\n    at next (/Users/rrejin/Downloads/zolvex-deepclean/server/node_modules/express/lib/router/index.js:280:10)\n    at /Users/rrejin/Downloads/zolvex-deepclean/server/node_modules/express-rate-limit/dist/index.cjs:807:7\n    at processTicksAndRejections (node:internal/process/task_queues:104:5)\n    at /Users/rrejin/Downloads/zolvex-deepclean/server/node_modules/express-rate-limit/dist/index.cjs:691:5","timestamp":"2026-07-30 10:09:19"}
{"level":"info","message":"::ffff:127.0.0.1 - - [30/Jul/2026:04:39:19 +0000] \"GET /api/v1/admin/bookings HTTP/1.1\" 401 93 \"-\" \"-\"","service":"zolvex-backend","timestamp":"2026-07-30 10:09:19"}
{"ip":"::ffff:127.0.0.1","level":"error","message":"[GET] /api/v1/admin/services - 401: Authentication required. Please log in.","service":"zolvex-backend","stack":"Error: Authentication required. Please log in.\n    at authenticate (/Users/rrejin/Downloads/zolvex-deepclean/server/src/middleware/auth.js:18:13)\n    at Layer.handle [as handle_request] (/Users/rrejin/Downloads/zolvex-deepclean/server/node_modules/express/lib/router/layer.js:95:5)\n    at next (/Users/rrejin/Downloads/zolvex-deepclean/server/node_modules/express/lib/router/route.js:149:13)\n    at Route.dispatch (/Users/rrejin/Downloads/zolvex-deepclean/server/node_modules/express/lib/router/route.js:119:3)\n    at Layer.handle [as handle_request] (/Users/rrejin/Downloads/zolvex-deepclean/server/node_modules/express/lib/router/layer.js:95:5)\n    at /Users/rrejin/Downloads/zolvex-deepclean/server/node_modules/express/lib/router/index.js:284:15\n    at router.process_params (/Users/rrejin/Downloads/zolvex-deepclean/server/node_modules/express/lib/router/index.js:346:12)\n    at next (/Users/rrejin/Downloads/zolvex-deepclean/server/node_modules/express/lib/router/index.js:280:10)\n    at router.handle (/Users/rrejin/Downloads/zolvex-deepclean/server/node_modules/express/lib/router/index.js:175:3)\n    at router (/Users/rrejin/Downloads/zolvex-deepclean/server/node_modules/express/lib/router/index.js:47:12)\n    at Layer.handle [as handle_request] (/Users/rrejin/Downloads/zolvex-deepclean/server/node_modules/express/lib/router/layer.js:95:5)\n    at trim_prefix (/Users/rrejin/Downloads/zolvex-deepclean/server/node_modules/express/lib/router/index.js:328:13)\n    at /Users/rrejin/Downloads/zolvex-deepclean/server/node_modules/express/lib/router/index.js:286:9\n    at router.process_params (/Users/rrejin/Downloads/zolvex-deepclean/server/node_modules/express/lib/router/index.js:346:12)\n    at next (/Users/rrejin/Downloads/zolvex-deepclean/server/node_modules/express/lib/router/index.js:280:10)\n    at /Users/rrejin/Downloads/zolvex-deepclean/server/node_modules/express/lib/router/index.js:646:15\n    at next (/Users/rrejin/Downloads/zolvex-deepclean/server/node_modules/express/lib/router/index.js:265:14)\n    at router.handle (/Users/rrejin/Downloads/zolvex-deepclean/server/node_modules/express/lib/router/index.js:175:3)\n    at router (/Users/rrejin/Downloads/zolvex-deepclean/server/node_modules/express/lib/router/index.js:47:12)\n    at Layer.handle [as handle_request] (/Users/rrejin/Downloads/zolvex-deepclean/server/node_modules/express/lib/router/layer.js:95:5)\n    at trim_prefix (/Users/rrejin/Downloads/zolvex-deepclean/server/node_modules/express/lib/router/index.js:328:13)\n    at /Users/rrejin/Downloads/zolvex-deepclean/server/node_modules/express/lib/router/index.js:286:9\n    at router.process_params (/Users/rrejin/Downloads/zolvex-deepclean/server/node_modules/express/lib/router/index.js:346:12)\n    at next (/Users/rrejin/Downloads/zolvex-deepclean/server/node_modules/express/lib/router/index.js:280:10)\n    at router.handle (/Users/rrejin/Downloads/zolvex-deepclean/server/node_modules/express/lib/router/index.js:175:3)\n    at router (/Users/rrejin/Downloads/zolvex-deepclean/server/node_modules/express/lib/router/index.js:47:12)\n    at Layer.handle [as handle_request] (/Users/rrejin/Downloads/zolvex-deepclean/server/node_modules/express/lib/router/layer.js:95:5)\n    at trim_prefix (/Users/rrejin/Downloads/zolvex-deepclean/server/node_modules/express/lib/router/index.js:328:13)\n    at /Users/rrejin/Downloads/zolvex-deepclean/server/node_modules/express/lib/router/index.js:286:9\n    at router.process_params (/Users/rrejin/Downloads/zolvex-deepclean/server/node_modules/express/lib/router/index.js:346:12)\n    at next (/Users/rrejin/Downloads/zolvex-deepclean/server/node_modules/express/lib/router/index.js:280:10)\n    at /Users/rrejin/Downloads/zolvex-deepclean/server/node_modules/express-rate-limit/dist/index.cjs:807:7\n    at processTicksAndRejections (node:internal/process/task_queues:104:5)\n    at /Users/rrejin/Downloads/zolvex-deepclean/server/node_modules/express-rate-limit/dist/index.cjs:691:5","timestamp":"2026-07-30 10:09:19"}
{"level":"info","message":"::ffff:127.0.0.1 - - [30/Jul/2026:04:39:19 +0000] \"GET /api/v1/admin/services HTTP/1.1\" 401 93 \"-\" \"-\"","service":"zolvex-backend","timestamp":"2026-07-30 10:09:19"}
{"ip":"::ffff:127.0.0.1","level":"error","message":"[GET] /api/v1/admin/analytics - 401: Authentication required. Please log in.","service":"zolvex-backend","stack":"Error: Authentication required. Please log in.\n    at authenticate (/Users/rrejin/Downloads/zolvex-deepclean/server/src/middleware/auth.js:18:13)\n    at Layer.handle [as handle_request] (/Users/rrejin/Downloads/zolvex-deepclean/server/node_modules/express/lib/router/layer.js:95:5)\n    at trim_prefix (/Users/rrejin/Downloads/zolvex-deepclean/server/node_modules/express/lib/router/index.js:328:13)\n    at /Users/rrejin/Downloads/zolvex-deepclean/server/node_modules/express/lib/router/index.js:286:9\n    at router.process_params (/Users/rrejin/Downloads/zolvex-deepclean/server/node_modules/express/lib/router/index.js:346:12)\n    at next (/Users/rrejin/Downloads/zolvex-deepclean/server/node_modules/express/lib/router/index.js:280:10)\n    at router.handle (/Users/rrejin/Downloads/zolvex-deepclean/server/node_modules/express/lib/router/index.js:175:3)\n    at router (/Users/rrejin/Downloads/zolvex-deepclean/server/node_modules/express/lib/router/index.js:47:12)\n    at Layer.handle [as handle_request] (/Users/rrejin/Downloads/zolvex-deepclean/server/node_modules/express/lib/router/layer.js:95:5)\n    at trim_prefix (/Users/rrejin/Downloads/zolvex-deepclean/server/node_modules/express/lib/router/index.js:328:13)\n    at /Users/rrejin/Downloads/zolvex-deepclean/server/node_modules/express/lib/router/index.js:286:9\n    at router.process_params (/Users/rrejin/Downloads/zolvex-deepclean/server/node_modules/express/lib/router/index.js:346:12)\n    at next (/Users/rrejin/Downloads/zolvex-deepclean/server/node_modules/express/lib/router/index.js:280:10)\n    at /Users/rrejin/Downloads/zolvex-deepclean/server/node_modules/express/lib/router/index.js:646:15\n    at next (/Users/rrejin/Downloads/zolvex-deepclean/server/node_modules/express/lib/router/index.js:265:14)\n    at router.handle (/Users/rrejin/Downloads/zolvex-deepclean/server/node_modules/express/lib/router/index.js:175:3)\n    at router (/Users/rrejin/Downloads/zolvex-deepclean/server/node_modules/express/lib/router/index.js:47:12)\n    at Layer.handle [as handle_request] (/Users/rrejin/Downloads/zolvex-deepclean/server/node_modules/express/lib/router/layer.js:95:5)\n    at trim_prefix (/Users/rrejin/Downloads/zolvex-deepclean/server/node_modules/express/lib/router/index.js:328:13)\n    at /Users/rrejin/Downloads/zolvex-deepclean/server/node_modules/express/lib/router/index.js:286:9\n    at router.process_params (/Users/rrejin/Downloads/zolvex-deepclean/server/node_modules/express/lib/router/index.js:346:12)\n    at next (/Users/rrejin/Downloads/zolvex-deepclean/server/node_modules/express/lib/router/index.js:280:10)\n    at /Users/rrejin/Downloads/zolvex-deepclean/server/node_modules/express/lib/router/index.js:646:15\n    at next (/Users/rrejin/Downloads/zolvex-deepclean/server/node_modules/express/lib/router/index.js:265:14)\n    at router.handle (/Users/rrejin/Downloads/zolvex-deepclean/server/node_modules/express/lib/router/index.js:175:3)\n    at router (/Users/rrejin/Downloads/zolvex-deepclean/server/node_modules/express/lib/router/index.js:47:12)\n    at Layer.handle [as handle_request] (/Users/rrejin/Downloads/zolvex-deepclean/server/node_modules/express/lib/router/layer.js:95:5)\n    at trim_prefix (/Users/rrejin/Downloads/zolvex-deepclean/server/node_modules/express/lib/router/index.js:328:13)\n    at /Users/rrejin/Downloads/zolvex-deepclean/server/node_modules/express/lib/router/index.js:286:9\n    at router.process_params (/Users/rrejin/Downloads/zolvex-deepclean/server/node_modules/express/lib/router/index.js:346:12)\n    at next (/Users/rrejin/Downloads/zolvex-deepclean/server/node_modules/express/lib/router/index.js:280:10)\n    at /Users/rrejin/Downloads/zolvex-deepclean/server/node_modules/express/lib/router/index.js:646:15\n    at next (/Users/rrejin/Downloads/zolvex-deepclean/server/node_modules/express/lib/router/index.js:265:14)\n    at router.handle (/Users/rrejin/Downloads/zolvex-deepclean/server/node_modules/express/lib/router/index.js:175:3)\n    at router (/Users/rrejin/Downloads/zolvex-deepclean/server/node_modules/express/lib/router/index.js:47:12)\n    at Layer.handle [as handle_request] (/Users/rrejin/Downloads/zolvex-deepclean/server/node_modules/express/lib/router/layer.js:95:5)\n    at trim_prefix (/Users/rrejin/Downloads/zolvex-deepclean/server/node_modules/express/lib/router/index.js:328:13)\n    at /Users/rrejin/Downloads/zolvex-deepclean/server/node_modules/express/lib/router/index.js:286:9\n    at router.process_params (/Users/rrejin/Downloads/zolvex-deepclean/server/node_modules/express/lib/router/index.js:346:12)\n    at next (/Users/rrejin/Downloads/zolvex-deepclean/server/node_modules/express/lib/router/index.js:280:10)\n    at /Users/rrejin/Downloads/zolvex-deepclean/server/node_modules/express/lib/router/index.js:646:15\n    at next (/Users/rrejin/Downloads/zolvex-deepclean/server/node_modules/express/lib/router/index.js:265:14)\n    at router.handle (/Users/rrejin/Downloads/zolvex-deepclean/server/node_modules/express/lib/router/index.js:175:3)\n    at router (/Users/rrejin/Downloads/zolvex-deepclean/server/node_modules/express/lib/router/index.js:47:12)\n    at Layer.handle [as handle_request] (/Users/rrejin/Downloads/zolvex-deepclean/server/node_modules/express/lib/router/layer.js:95:5)\n    at trim_prefix (/Users/rrejin/Downloads/zolvex-deepclean/server/node_modules/express/lib/router/index.js:328:13)\n    at /Users/rrejin/Downloads/zolvex-deepclean/server/node_modules/express/lib/router/index.js:286:9\n    at router.process_params (/Users/rrejin/Downloads/zolvex-deepclean/server/node_modules/express/lib/router/index.js:346:12)\n    at next (/Users/rrejin/Downloads/zolvex-deepclean/server/node_modules/express/lib/router/index.js:280:10)\n    at router.handle (/Users/rrejin/Downloads/zolvex-deepclean/server/node_modules/express/lib/router/index.js:175:3)\n    at router (/Users/rrejin/Downloads/zolvex-deepclean/server/node_modules/express/lib/router/index.js:47:12)\n    at Layer.handle [as handle_request] (/Users/rrejin/Downloads/zolvex-deepclean/server/node_modules/express/lib/router/layer.js:95:5)\n    at trim_prefix (/Users/rrejin/Downloads/zolvex-deepclean/server/node_modules/express/lib/router/index.js:328:13)\n    at /Users/rrejin/Downloads/zolvex-deepclean/server/node_modules/express/lib/router/index.js:286:9\n    at router.process_params (/Users/rrejin/Downloads/zolvex-deepclean/server/node_modules/express/lib/router/index.js:346:12)\n    at next (/Users/rrejin/Downloads/zolvex-deepclean/server/node_modules/express/lib/router/index.js:280:10)\n    at /Users/rrejin/Downloads/zolvex-deepclean/server/node_modules/express-rate-limit/dist/index.cjs:807:7\n    at processTicksAndRejections (node:internal/process/task_queues:104:5)\n    at /Users/rrejin/Downloads/zolvex-deepclean/server/node_modules/express-rate-limit/dist/index.cjs:691:5","timestamp":"2026-07-30 10:09:19"}
{"level":"info","message":"::ffff:127.0.0.1 - - [30/Jul/2026:04:39:19 +0000] \"GET /api/v1/admin/analytics HTTP/1.1\" 401 93 \"-\" \"-\"","service":"zolvex-backend","timestamp":"2026-07-30 10:09:19"}
{"level":"info","message":"::ffff:127.0.0.1 - - [30/Jul/2026:04:39:19 +0000] \"GET /api/v1/admin/services HTTP/1.1\" 200 4913 \"-\" \"-\"","service":"zolvex-backend","timestamp":"2026-07-30 10:09:19"}
{"level":"info","message":"🍃 MongoDB Connected: localhost/zolvex_deepclean","service":"zolvex-backend","timestamp":"2026-07-30 10:11:43"}
{"level":"info","message":"🚀 Zolvex Enterprise Backend running in [development] on http://0.0.0.0:5002","service":"zolvex-backend","timestamp":"2026-07-30 10:11:43"}
{"level":"info","message":"📡 Health Check: http://localhost:5002/api/v1/health","service":"zolvex-backend","timestamp":"2026-07-30 10:11:43"}
{"level":"info","message":"📚 Swagger Docs: http://localhost:5002/api/v1/docs","service":"zolvex-backend","timestamp":"2026-07-30 10:11:43"}
{"level":"info","message":"::ffff:127.0.0.1 - - [30/Jul/2026:04:41:52 +0000] \"GET /api/v1/health HTTP/1.1\" 200 326 \"-\" \"-\"","service":"zolvex-backend","timestamp":"2026-07-30 10:11:52"}
{"level":"info","message":"::ffff:127.0.0.1 - - [30/Jul/2026:04:41:52 +0000] \"GET /api/v1/services HTTP/1.1\" 200 4915 \"-\" \"-\"","service":"zolvex-backend","timestamp":"2026-07-30 10:11:52"}
{"level":"info","message":"::ffff:127.0.0.1 - - [30/Jul/2026:04:41:52 +0000] \"GET /api/v1/services HTTP/1.1\" 200 4915 \"-\" \"-\"","service":"zolvex-backend","timestamp":"2026-07-30 10:11:52"}
{"level":"info","message":"::ffff:127.0.0.1 - - [30/Jul/2026:04:41:52 +0000] \"GET /api/v1/services/deep-cleaning HTTP/1.1\" 200 1217 \"-\" \"-\"","service":"zolvex-backend","timestamp":"2026-07-30 10:11:52"}
{"level":"info","message":"::ffff:127.0.0.1 - - [30/Jul/2026:04:41:52 +0000] \"POST /api/v1/price/calculate HTTP/1.1\" 200 209 \"-\" \"-\"","service":"zolvex-backend","timestamp":"2026-07-30 10:11:52"}
{"level":"info","message":"::ffff:127.0.0.1 - - [30/Jul/2026:04:41:52 +0000] \"POST /api/v1/bookings HTTP/1.1\" 201 747 \"-\" \"-\"","service":"zolvex-backend","timestamp":"2026-07-30 10:11:52"}
{"level":"info","message":"::ffff:127.0.0.1 - - [30/Jul/2026:04:41:52 +0000] \"GET /api/v1/bookings/track/ZLV-2026-1164 HTTP/1.1\" 200 743 \"-\" \"-\"","service":"zolvex-backend","timestamp":"2026-07-30 10:11:52"}
{"ip":"::ffff:127.0.0.1","level":"error","message":"[GET] /api/v1/admin/bookings - 401: Authentication required. Please log in.","service":"zolvex-backend","stack":"Error: Authentication required. Please log in.\n    at authenticate (/Users/rrejin/Downloads/zolvex-deepclean/server/src/middleware/auth.js:18:13)\n    at Layer.handle [as handle_request] (/Users/rrejin/Downloads/zolvex-deepclean/server/node_modules/express/lib/router/layer.js:95:5)\n    at next (/Users/rrejin/Downloads/zolvex-deepclean/server/node_modules/express/lib/router/route.js:149:13)\n    at Route.dispatch (/Users/rrejin/Downloads/zolvex-deepclean/server/node_modules/express/lib/router/route.js:119:3)\n    at Layer.handle [as handle_request] (/Users/rrejin/Downloads/zolvex-deepclean/server/node_modules/express/lib/router/layer.js:95:5)\n    at /Users/rrejin/Downloads/zolvex-deepclean/server/node_modules/express/lib/router/index.js:284:15\n    at router.process_params (/Users/rrejin/Downloads/zolvex-deepclean/server/node_modules/express/lib/router/index.js:346:12)\n    at next (/Users/rrejin/Downloads/zolvex-deepclean/server/node_modules/express/lib/router/index.js:280:10)\n    at router.handle (/Users/rrejin/Downloads/zolvex-deepclean/server/node_modules/express/lib/router/index.js:175:3)\n    at router (/Users/rrejin/Downloads/zolvex-deepclean/server/node_modules/express/lib/router/index.js:47:12)\n    at Layer.handle [as handle_request] (/Users/rrejin/Downloads/zolvex-deepclean/server/node_modules/express/lib/router/layer.js:95:5)\n    at trim_prefix (/Users/rrejin/Downloads/zolvex-deepclean/server/node_modules/express/lib/router/index.js:328:13)\n    at /Users/rrejin/Downloads/zolvex-deepclean/server/node_modules/express/lib/router/index.js:286:9\n    at router.process_params (/Users/rrejin/Downloads/zolvex-deepclean/server/node_modules/express/lib/router/index.js:346:12)\n    at next (/Users/rrejin/Downloads/zolvex-deepclean/server/node_modules/express/lib/router/index.js:280:10)\n    at /Users/rrejin/Downloads/zolvex-deepclean/server/node_modules/express/lib/router/index.js:646:15\n    at next (/Users/rrejin/Downloads/zolvex-deepclean/server/node_modules/express/lib/router/index.js:265:14)\n    at router.handle (/Users/rrejin/Downloads/zolvex-deepclean/server/node_modules/express/lib/router/index.js:175:3)\n    at router (/Users/rrejin/Downloads/zolvex-deepclean/server/node_modules/express/lib/router/index.js:47:12)\n    at Layer.handle [as handle_request] (/Users/rrejin/Downloads/zolvex-deepclean/server/node_modules/express/lib/router/layer.js:95:5)\n    at trim_prefix (/Users/rrejin/Downloads/zolvex-deepclean/server/node_modules/express/lib/router/index.js:328:13)\n    at /Users/rrejin/Downloads/zolvex-deepclean/server/node_modules/express/lib/router/index.js:286:9\n    at router.process_params (/Users/rrejin/Downloads/zolvex-deepclean/server/node_modules/express/lib/router/index.js:346:12)\n    at next (/Users/rrejin/Downloads/zolvex-deepclean/server/node_modules/express/lib/router/index.js:280:10)\n    at /Users/rrejin/Downloads/zolvex-deepclean/server/node_modules/express/lib/router/index.js:646:15\n    at next (/Users/rrejin/Downloads/zolvex-deepclean/server/node_modules/express/lib/router/index.js:265:14)\n    at router.handle (/Users/rrejin/Downloads/zolvex-deepclean/server/node_modules/express/lib/router/index.js:175:3)\n    at router (/Users/rrejin/Downloads/zolvex-deepclean/server/node_modules/express/lib/router/index.js:47:12)\n    at Layer.handle [as handle_request] (/Users/rrejin/Downloads/zolvex-deepclean/server/node_modules/express/lib/router/layer.js:95:5)\n    at trim_prefix (/Users/rrejin/Downloads/zolvex-deepclean/server/node_modules/express/lib/router/index.js:328:13)\n    at /Users/rrejin/Downloads/zolvex-deepclean/server/node_modules/express/lib/router/index.js:286:9\n    at router.process_params (/Users/rrejin/Downloads/zolvex-deepclean/server/node_modules/express/lib/router/index.js:346:12)\n    at next (/Users/rrejin/Downloads/zolvex-deepclean/server/node_modules/express/lib/router/index.js:280:10)\n    at /Users/rrejin/Downloads/zolvex-deepclean/server/node_modules/express/lib/router/index.js:646:15\n    at next (/Users/rrejin/Downloads/zolvex-deepclean/server/node_modules/express/lib/router/index.js:265:14)\n    at router.handle (/Users/rrejin/Downloads/zolvex-deepclean/server/node_modules/express/lib/router/index.js:175:3)\n    at router (/Users/rrejin/Downloads/zolvex-deepclean/server/node_modules/express/lib/router/index.js:47:12)\n    at Layer.handle [as handle_request] (/Users/rrejin/Downloads/zolvex-deepclean/server/node_modules/express/lib/router/layer.js:95:5)\n    at trim_prefix (/Users/rrejin/Downloads/zolvex-deepclean/server/node_modules/express/lib/router/index.js:328:13)\n    at /Users/rrejin/Downloads/zolvex-deepclean/server/node_modules/express/lib/router/index.js:286:9\n    at router.process_params (/Users/rrejin/Downloads/zolvex-deepclean/server/node_modules/express/lib/router/index.js:346:12)\n    at next (/Users/rrejin/Downloads/zolvex-deepclean/server/node_modules/express/lib/router/index.js:280:10)\n    at router.handle (/Users/rrejin/Downloads/zolvex-deepclean/server/node_modules/express/lib/router/index.js:175:3)\n    at router (/Users/rrejin/Downloads/zolvex-deepclean/server/node_modules/express/lib/router/index.js:47:12)\n    at Layer.handle [as handle_request] (/Users/rrejin/Downloads/zolvex-deepclean/server/node_modules/express/lib/router/layer.js:95:5)\n    at trim_prefix (/Users/rrejin/Downloads/zolvex-deepclean/server/node_modules/express/lib/router/index.js:328:13)\n    at /Users/rrejin/Downloads/zolvex-deepclean/server/node_modules/express/lib/router/index.js:286:9\n    at router.process_params (/Users/rrejin/Downloads/zolvex-deepclean/server/node_modules/express/lib/router/index.js:346:12)\n    at next (/Users/rrejin/Downloads/zolvex-deepclean/server/node_modules/express/lib/router/index.js:280:10)\n    at /Users/rrejin/Downloads/zolvex-deepclean/server/node_modules/express-rate-limit/dist/index.cjs:807:7\n    at processTicksAndRejections (node:internal/process/task_queues:104:5)\n    at /Users/rrejin/Downloads/zolvex-deepclean/server/node_modules/express-rate-limit/dist/index.cjs:691:5","timestamp":"2026-07-30 10:11:52"}
{"level":"info","message":"::ffff:127.0.0.1 - - [30/Jul/2026:04:41:52 +0000] \"GET /api/v1/admin/bookings HTTP/1.1\" 401 93 \"-\" \"-\"","service":"zolvex-backend","timestamp":"2026-07-30 10:11:52"}
{"ip":"::ffff:127.0.0.1","level":"error","message":"[GET] /api/v1/admin/services - 401: Authentication required. Please log in.","service":"zolvex-backend","stack":"Error: Authentication required. Please log in.\n    at authenticate (/Users/rrejin/Downloads/zolvex-deepclean/server/src/middleware/auth.js:18:13)\n    at Layer.handle [as handle_request] (/Users/rrejin/Downloads/zolvex-deepclean/server/node_modules/express/lib/router/layer.js:95:5)\n    at next (/Users/rrejin/Downloads/zolvex-deepclean/server/node_modules/express/lib/router/route.js:149:13)\n    at Route.dispatch (/Users/rrejin/Downloads/zolvex-deepclean/server/node_modules/express/lib/router/route.js:119:3)\n    at Layer.handle [as handle_request] (/Users/rrejin/Downloads/zolvex-deepclean/server/node_modules/express/lib/router/layer.js:95:5)\n    at /Users/rrejin/Downloads/zolvex-deepclean/server/node_modules/express/lib/router/index.js:284:15\n    at router.process_params (/Users/rrejin/Downloads/zolvex-deepclean/server/node_modules/express/lib/router/index.js:346:12)\n    at next (/Users/rrejin/Downloads/zolvex-deepclean/server/node_modules/express/lib/router/index.js:280:10)\n    at router.handle (/Users/rrejin/Downloads/zolvex-deepclean/server/node_modules/express/lib/router/index.js:175:3)\n    at router (/Users/rrejin/Downloads/zolvex-deepclean/server/node_modules/express/lib/router/index.js:47:12)\n    at Layer.handle [as handle_request] (/Users/rrejin/Downloads/zolvex-deepclean/server/node_modules/express/lib/router/layer.js:95:5)\n    at trim_prefix (/Users/rrejin/Downloads/zolvex-deepclean/server/node_modules/express/lib/router/index.js:328:13)\n    at /Users/rrejin/Downloads/zolvex-deepclean/server/node_modules/express/lib/router/index.js:286:9\n    at router.process_params (/Users/rrejin/Downloads/zolvex-deepclean/server/node_modules/express/lib/router/index.js:346:12)\n    at next (/Users/rrejin/Downloads/zolvex-deepclean/server/node_modules/express/lib/router/index.js:280:10)\n    at /Users/rrejin/Downloads/zolvex-deepclean/server/node_modules/express/lib/router/index.js:646:15\n    at next (/Users/rrejin/Downloads/zolvex-deepclean/server/node_modules/express/lib/router/index.js:265:14)\n    at router.handle (/Users/rrejin/Downloads/zolvex-deepclean/server/node_modules/express/lib/router/index.js:175:3)\n    at router (/Users/rrejin/Downloads/zolvex-deepclean/server/node_modules/express/lib/router/index.js:47:12)\n    at Layer.handle [as handle_request] (/Users/rrejin/Downloads/zolvex-deepclean/server/node_modules/express/lib/router/layer.js:95:5)\n    at trim_prefix (/Users/rrejin/Downloads/zolvex-deepclean/server/node_modules/express/lib/router/index.js:328:13)\n    at /Users/rrejin/Downloads/zolvex-deepclean/server/node_modules/express/lib/router/index.js:286:9\n    at router.process_params (/Users/rrejin/Downloads/zolvex-deepclean/server/node_modules/express/lib/router/index.js:346:12)\n    at next (/Users/rrejin/Downloads/zolvex-deepclean/server/node_modules/express/lib/router/index.js:280:10)\n    at router.handle (/Users/rrejin/Downloads/zolvex-deepclean/server/node_modules/express/lib/router/index.js:175:3)\n    at router (/Users/rrejin/Downloads/zolvex-deepclean/server/node_modules/express/lib/router/index.js:47:12)\n    at Layer.handle [as handle_request] (/Users/rrejin/Downloads/zolvex-deepclean/server/node_modules/express/lib/router/layer.js:95:5)\n    at trim_prefix (/Users/rrejin/Downloads/zolvex-deepclean/server/node_modules/express/lib/router/index.js:328:13)\n    at /Users/rrejin/Downloads/zolvex-deepclean/server/node_modules/express/lib/router/index.js:286:9\n    at router.process_params (/Users/rrejin/Downloads/zolvex-deepclean/server/node_modules/express/lib/router/index.js:346:12)\n    at next (/Users/rrejin/Downloads/zolvex-deepclean/server/node_modules/express/lib/router/index.js:280:10)\n    at /Users/rrejin/Downloads/zolvex-deepclean/server/node_modules/express-rate-limit/dist/index.cjs:807:7\n    at processTicksAndRejections (node:internal/process/task_queues:104:5)\n    at /Users/rrejin/Downloads/zolvex-deepclean/server/node_modules/express-rate-limit/dist/index.cjs:691:5","timestamp":"2026-07-30 10:11:52"}
{"level":"info","message":"::ffff:127.0.0.1 - - [30/Jul/2026:04:41:52 +0000] \"GET /api/v1/admin/services HTTP/1.1\" 401 93 \"-\" \"-\"","service":"zolvex-backend","timestamp":"2026-07-30 10:11:52"}
{"ip":"::ffff:127.0.0.1","level":"error","message":"[GET] /api/v1/admin/analytics - 401: Authentication required. Please log in.","service":"zolvex-backend","stack":"Error: Authentication required. Please log in.\n    at authenticate (/Users/rrejin/Downloads/zolvex-deepclean/server/src/middleware/auth.js:18:13)\n    at Layer.handle [as handle_request] (/Users/rrejin/Downloads/zolvex-deepclean/server/node_modules/express/lib/router/layer.js:95:5)\n    at trim_prefix (/Users/rrejin/Downloads/zolvex-deepclean/server/node_modules/express/lib/router/index.js:328:13)\n    at /Users/rrejin/Downloads/zolvex-deepclean/server/node_modules/express/lib/router/index.js:286:9\n    at router.process_params (/Users/rrejin/Downloads/zolvex-deepclean/server/node_modules/express/lib/router/index.js:346:12)\n    at next (/Users/rrejin/Downloads/zolvex-deepclean/server/node_modules/express/lib/router/index.js:280:10)\n    at router.handle (/Users/rrejin/Downloads/zolvex-deepclean/server/node_modules/express/lib/router/index.js:175:3)\n    at router (/Users/rrejin/Downloads/zolvex-deepclean/server/node_modules/express/lib/router/index.js:47:12)\n    at Layer.handle [as handle_request] (/Users/rrejin/Downloads/zolvex-deepclean/server/node_modules/express/lib/router/layer.js:95:5)\n    at trim_prefix (/Users/rrejin/Downloads/zolvex-deepclean/server/node_modules/express/lib/router/index.js:328:13)\n    at /Users/rrejin/Downloads/zolvex-deepclean/server/node_modules/express/lib/router/index.js:286:9\n    at router.process_params (/Users/rrejin/Downloads/zolvex-deepclean/server/node_modules/express/lib/router/index.js:346:12)\n    at next (/Users/rrejin/Downloads/zolvex-deepclean/server/node_modules/express/lib/router/index.js:280:10)\n    at /Users/rrejin/Downloads/zolvex-deepclean/server/node_modules/express/lib/router/index.js:646:15\n    at next (/Users/rrejin/Downloads/zolvex-deepclean/server/node_modules/express/lib/router/index.js:265:14)\n    at router.handle (/Users/rrejin/Downloads/zolvex-deepclean/server/node_modules/express/lib/router/index.js:175:3)\n    at router (/Users/rrejin/Downloads/zolvex-deepclean/server/node_modules/express/lib/router/index.js:47:12)\n    at Layer.handle [as handle_request] (/Users/rrejin/Downloads/zolvex-deepclean/server/node_modules/express/lib/router/layer.js:95:5)\n    at trim_prefix (/Users/rrejin/Downloads/zolvex-deepclean/server/node_modules/express/lib/router/index.js:328:13)\n    at /Users/rrejin/Downloads/zolvex-deepclean/server/node_modules/express/lib/router/index.js:286:9\n    at router.process_params (/Users/rrejin/Downloads/zolvex-deepclean/server/node_modules/express/lib/router/index.js:346:12)\n    at next (/Users/rrejin/Downloads/zolvex-deepclean/server/node_modules/express/lib/router/index.js:280:10)\n    at /Users/rrejin/Downloads/zolvex-deepclean/server/node_modules/express/lib/router/index.js:646:15\n    at next (/Users/rrejin/Downloads/zolvex-deepclean/server/node_modules/express/lib/router/index.js:265:14)\n    at router.handle (/Users/rrejin/Downloads/zolvex-deepclean/server/node_modules/express/lib/router/index.js:175:3)\n    at router (/Users/rrejin/Downloads/zolvex-deepclean/server/node_modules/express/lib/router/index.js:47:12)\n    at Layer.handle [as handle_request] (/Users/rrejin/Downloads/zolvex-deepclean/server/node_modules/express/lib/router/layer.js:95:5)\n    at trim_prefix (/Users/rrejin/Downloads/zolvex-deepclean/server/node_modules/express/lib/router/index.js:328:13)\n    at /Users/rrejin/Downloads/zolvex-deepclean/server/node_modules/express/lib/router/index.js:286:9\n    at router.process_params (/Users/rrejin/Downloads/zolvex-deepclean/server/node_modules/express/lib/router/index.js:346:12)\n    at next (/Users/rrejin/Downloads/zolvex-deepclean/server/node_modules/express/lib/router/index.js:280:10)\n    at /Users/rrejin/Downloads/zolvex-deepclean/server/node_modules/express/lib/router/index.js:646:15\n    at next (/Users/rrejin/Downloads/zolvex-deepclean/server/node_modules/express/lib/router/index.js:265:14)\n    at router.handle (/Users/rrejin/Downloads/zolvex-deepclean/server/node_modules/express/lib/router/index.js:175:3)\n    at router (/Users/rrejin/Downloads/zolvex-deepclean/server/node_modules/express/lib/router/index.js:47:12)\n    at Layer.handle [as handle_request] (/Users/rrejin/Downloads/zolvex-deepclean/server/node_modules/express/lib/router/layer.js:95:5)\n    at trim_prefix (/Users/rrejin/Downloads/zolvex-deepclean/server/node_modules/express/lib/router/index.js:328:13)\n    at /Users/rrejin/Downloads/zolvex-deepclean/server/node_modules/express/lib/router/index.js:286:9\n    at router.process_params (/Users/rrejin/Downloads/zolvex-deepclean/server/node_modules/express/lib/router/index.js:346:12)\n    at next (/Users/rrejin/Downloads/zolvex-deepclean/server/node_modules/express/lib/router/index.js:280:10)\n    at /Users/rrejin/Downloads/zolvex-deepclean/server/node_modules/express/lib/router/index.js:646:15\n    at next (/Users/rrejin/Downloads/zolvex-deepclean/server/node_modules/express/lib/router/index.js:265:14)\n    at router.handle (/Users/rrejin/Downloads/zolvex-deepclean/server/node_modules/express/lib/router/index.js:175:3)\n    at router (/Users/rrejin/Downloads/zolvex-deepclean/server/node_modules/express/lib/router/index.js:47:12)\n    at Layer.handle [as handle_request] (/Users/rrejin/Downloads/zolvex-deepclean/server/node_modules/express/lib/router/layer.js:95:5)\n    at trim_prefix (/Users/rrejin/Downloads/zolvex-deepclean/server/node_modules/express/lib/router/index.js:328:13)\n    at /Users/rrejin/Downloads/zolvex-deepclean/server/node_modules/express/lib/router/index.js:286:9\n    at router.process_params (/Users/rrejin/Downloads/zolvex-deepclean/server/node_modules/express/lib/router/index.js:346:12)\n    at next (/Users/rrejin/Downloads/zolvex-deepclean/server/node_modules/express/lib/router/index.js:280:10)\n    at router.handle (/Users/rrejin/Downloads/zolvex-deepclean/server/node_modules/express/lib/router/index.js:175:3)\n    at router (/Users/rrejin/Downloads/zolvex-deepclean/server/node_modules/express/lib/router/index.js:47:12)\n    at Layer.handle [as handle_request] (/Users/rrejin/Downloads/zolvex-deepclean/server/node_modules/express/lib/router/layer.js:95:5)\n    at trim_prefix (/Users/rrejin/Downloads/zolvex-deepclean/server/node_modules/express/lib/router/index.js:328:13)\n    at /Users/rrejin/Downloads/zolvex-deepclean/server/node_modules/express/lib/router/index.js:286:9\n    at router.process_params (/Users/rrejin/Downloads/zolvex-deepclean/server/node_modules/express/lib/router/index.js:346:12)\n    at next (/Users/rrejin/Downloads/zolvex-deepclean/server/node_modules/express/lib/router/index.js:280:10)\n    at /Users/rrejin/Downloads/zolvex-deepclean/server/node_modules/express-rate-limit/dist/index.cjs:807:7\n    at processTicksAndRejections (node:internal/process/task_queues:104:5)\n    at /Users/rrejin/Downloads/zolvex-deepclean/server/node_modules/express-rate-limit/dist/index.cjs:691:5","timestamp":"2026-07-30 10:11:52"}
{"level":"info","message":"::ffff:127.0.0.1 - - [30/Jul/2026:04:41:52 +0000] \"GET /api/v1/admin/analytics HTTP/1.1\" 401 93 \"-\" \"-\"","service":"zolvex-backend","timestamp":"2026-07-30 10:11:52"}
{"level":"info","message":"::ffff:127.0.0.1 - - [30/Jul/2026:04:41:52 +0000] \"GET /api/v1/admin/services HTTP/1.1\" 200 4913 \"-\" \"-\"","service":"zolvex-backend","timestamp":"2026-07-30 10:11:52"}
{"ip":"127.0.0.1","level":"error","message":"[POST] /api/v1/auth/login - 401: Invalid email or password","service":"zolvex-backend","stack":"Error: Invalid email or password\n    at AuthService.login (/Users/rrejin/Downloads/zolvex-deepclean/server/src/services/authService.js:48:13)\n    at async /Users/rrejin/Downloads/zolvex-deepclean/server/src/controllers/authController.js:23:18","timestamp":"2026-07-30 10:13:18"}
{"ip":"127.0.0.1","level":"error","message":"[POST] /api/v1/auth/login - 401: Invalid email or password","service":"zolvex-backend","stack":"Error: Invalid email or password\n    at AuthService.login (/Users/rrejin/Downloads/zolvex-deepclean/server/src/services/authService.js:48:13)\n    at async /Users/rrejin/Downloads/zolvex-deepclean/server/src/controllers/authController.js:23:18","timestamp":"2026-07-30 10:13:48"}
{"ip":"127.0.0.1","level":"error","message":"[POST] /api/v1/auth/login - 401: Invalid email or password","service":"zolvex-backend","stack":"Error: Invalid email or password\n    at AuthService.login (/Users/rrejin/Downloads/zolvex-deepclean/server/src/services/authService.js:48:13)\n    at async /Users/rrejin/Downloads/zolvex-deepclean/server/src/controllers/authController.js:23:18","timestamp":"2026-07-30 10:13:49"}
{"ip":"127.0.0.1","level":"error","message":"[POST] /api/v1/auth/login - 401: Invalid email or password","service":"zolvex-backend","stack":"Error: Invalid email or password\n    at AuthService.login (/Users/rrejin/Downloads/zolvex-deepclean/server/src/services/authService.js:48:13)\n    at async /Users/rrejin/Downloads/zolvex-deepclean/server/src/controllers/authController.js:23:18","timestamp":"2026-07-30 10:13:49"}
{"ip":"127.0.0.1","level":"error","message":"[POST] /api/v1/auth/login - 401: Invalid email or password","service":"zolvex-backend","stack":"Error: Invalid email or password\n    at AuthService.login (/Users/rrejin/Downloads/zolvex-deepclean/server/src/services/authService.js:48:13)\n    at async /Users/rrejin/Downloads/zolvex-deepclean/server/src/controllers/authController.js:23:18","timestamp":"2026-07-30 10:13:49"}
{"ip":"127.0.0.1","level":"error","message":"[POST] /api/v1/auth/login - 401: Invalid email or password","service":"zolvex-backend","stack":"Error: Invalid email or password\n    at AuthService.login (/Users/rrejin/Downloads/zolvex-deepclean/server/src/services/authService.js:48:13)\n    at async /Users/rrejin/Downloads/zolvex-deepclean/server/src/controllers/authController.js:23:18","timestamp":"2026-07-30 10:13:50"}
{"level":"info","message":"🍃 MongoDB Connected: localhost/zolvex_deepclean","service":"zolvex-backend","timestamp":"2026-07-30 10:15:55"}
{"level":"info","message":"🚀 Zolvex Enterprise Backend running in [development] on http://0.0.0.0:5002","service":"zolvex-backend","timestamp":"2026-07-30 10:15:55"}
{"level":"info","message":"📡 Health Check: http://localhost:5002/api/v1/health","service":"zolvex-backend","timestamp":"2026-07-30 10:15:55"}
{"level":"info","message":"📚 Swagger Docs: http://localhost:5002/api/v1/docs","service":"zolvex-backend","timestamp":"2026-07-30 10:15:55"}
{"level":"info","message":"🍃 MongoDB Connected: localhost/zolvex_deepclean","service":"zolvex-backend","timestamp":"2026-07-30 10:16:00"}
{"level":"info","message":"🚀 Zolvex Enterprise Backend running in [development] on http://0.0.0.0:5002","service":"zolvex-backend","timestamp":"2026-07-30 10:16:00"}
{"level":"info","message":"📡 Health Check: http://localhost:5002/api/v1/health","service":"zolvex-backend","timestamp":"2026-07-30 10:16:00"}
{"level":"info","message":"📚 Swagger Docs: http://localhost:5002/api/v1/docs","service":"zolvex-backend","timestamp":"2026-07-30 10:16:00"}
{"level":"info","message":"::ffff:127.0.0.1 - - [30/Jul/2026:04:46:28 +0000] \"GET /api/v1/health HTTP/1.1\" 200 326 \"-\" \"-\"","service":"zolvex-backend","timestamp":"2026-07-30 10:16:28"}
{"ip":"::ffff:127.0.0.1","level":"error","message":"[POST] /api/v1/auth/login - 500: RefreshToken validation failed: userId: Cast to ObjectId failed for value \"admin-default-001\" (type string) at path \"userId\" because of \"BSONError\"","service":"zolvex-backend","stack":"ValidationError: RefreshToken validation failed: userId: Cast to ObjectId failed for value \"admin-default-001\" (type string) at path \"userId\" because of \"BSONError\"\n    at model.Object.<anonymous>.Document.invalidate (/Users/rrejin/Downloads/zolvex-deepclean/server/node_modules/mongoose/lib/document.js:3387:32)\n    at model.$set (/Users/rrejin/Downloads/zolvex-deepclean/server/node_modules/mongoose/lib/document.js:1498:12)\n    at model.$set (/Users/rrejin/Downloads/zolvex-deepclean/server/node_modules/mongoose/lib/document.js:1150:16)\n    at model.Document (/Users/rrejin/Downloads/zolvex-deepclean/server/node_modules/mongoose/lib/document.js:180:12)\n    at model.Model (/Users/rrejin/Downloads/zolvex-deepclean/server/node_modules/mongoose/lib/model.js:127:12)\n    at new model (/Users/rrejin/Downloads/zolvex-deepclean/server/node_modules/mongoose/lib/model.js:4866:15)\n    at /Users/rrejin/Downloads/zolvex-deepclean/server/node_modules/mongoose/lib/model.js:2791:20\n    at Array.map (<anonymous>)\n    at model.create (/Users/rrejin/Downloads/zolvex-deepclean/server/node_modules/mongoose/lib/model.js:2779:34)\n    at AuthService.create [as completeLogin] (/Users/rrejin/Downloads/zolvex-deepclean/server/src/services/authService.js:126:24)\n    at AuthService.completeLogin [as login] (/Users/rrejin/Downloads/zolvex-deepclean/server/src/services/authService.js:81:17)\n    at /Users/rrejin/Downloads/zolvex-deepclean/server/src/controllers/authController.js:23:18","timestamp":"2026-07-30 10:16:28"}
{"level":"info","message":"::ffff:127.0.0.1 - - [30/Jul/2026:04:46:28 +0000] \"POST /api/v1/auth/login HTTP/1.1\" 400 224 \"-\" \"-\"","service":"zolvex-backend","timestamp":"2026-07-30 10:16:28"}
{"ip":"::ffff:127.0.0.1","level":"error","message":"[POST] /api/v1/auth/login - 401: Invalid email or password","service":"zolvex-backend","stack":"Error: Invalid email or password\n    at AuthService.login (/Users/rrejin/Downloads/zolvex-deepclean/server/src/services/authService.js:65:13)\n    at /Users/rrejin/Downloads/zolvex-deepclean/server/src/controllers/authController.js:23:18","timestamp":"2026-07-30 10:16:29"}
{"level":"info","message":"::ffff:127.0.0.1 - - [30/Jul/2026:04:46:29 +0000] \"POST /api/v1/auth/login HTTP/1.1\" 401 79 \"-\" \"-\"","service":"zolvex-backend","timestamp":"2026-07-30 10:16:29"}
{"level":"info","message":"::ffff:127.0.0.1 - - [30/Jul/2026:04:46:29 +0000] \"GET /api/v1/services HTTP/1.1\" 200 4915 \"-\" \"-\"","service":"zolvex-backend","timestamp":"2026-07-30 10:16:29"}
{"level":"info","message":"::ffff:127.0.0.1 - - [30/Jul/2026:04:46:29 +0000] \"GET /api/v1/services HTTP/1.1\" 200 4915 \"-\" \"-\"","service":"zolvex-backend","timestamp":"2026-07-30 10:16:29"}
{"level":"info","message":"::ffff:127.0.0.1 - - [30/Jul/2026:04:46:29 +0000] \"GET /api/v1/services/deep-cleaning HTTP/1.1\" 200 1217 \"-\" \"-\"","service":"zolvex-backend","timestamp":"2026-07-30 10:16:29"}
{"level":"info","message":"::ffff:127.0.0.1 - - [30/Jul/2026:04:46:29 +0000] \"POST /api/v1/price/calculate HTTP/1.1\" 200 209 \"-\" \"-\"","service":"zolvex-backend","timestamp":"2026-07-30 10:16:29"}
{"level":"info","message":"::ffff:127.0.0.1 - - [30/Jul/2026:04:46:29 +0000] \"POST /api/v1/bookings HTTP/1.1\" 201 747 \"-\" \"-\"","service":"zolvex-backend","timestamp":"2026-07-30 10:16:29"}
{"level":"info","message":"::ffff:127.0.0.1 - - [30/Jul/2026:04:46:29 +0000] \"GET /api/v1/bookings/track/ZLV-2026-4944 HTTP/1.1\" 200 743 \"-\" \"-\"","service":"zolvex-backend","timestamp":"2026-07-30 10:16:29"}
{"ip":"::ffff:127.0.0.1","level":"error","message":"[GET] /api/v1/admin/bookings - 401: Authentication required. Please log in.","service":"zolvex-backend","stack":"Error: Authentication required. Please log in.\n    at authenticate (/Users/rrejin/Downloads/zolvex-deepclean/server/src/middleware/auth.js:18:13)\n    at Layer.handle [as handle_request] (/Users/rrejin/Downloads/zolvex-deepclean/server/node_modules/express/lib/router/layer.js:95:5)\n    at next (/Users/rrejin/Downloads/zolvex-deepclean/server/node_modules/express/lib/router/route.js:149:13)\n    at Route.dispatch (/Users/rrejin/Downloads/zolvex-deepclean/server/node_modules/express/lib/router/route.js:119:3)\n    at Layer.handle [as handle_request] (/Users/rrejin/Downloads/zolvex-deepclean/server/node_modules/express/lib/router/layer.js:95:5)\n    at /Users/rrejin/Downloads/zolvex-deepclean/server/node_modules/express/lib/router/index.js:284:15\n    at router.process_params (/Users/rrejin/Downloads/zolvex-deepclean/server/node_modules/express/lib/router/index.js:346:12)\n    at next (/Users/rrejin/Downloads/zolvex-deepclean/server/node_modules/express/lib/router/index.js:280:10)\n    at router.handle (/Users/rrejin/Downloads/zolvex-deepclean/server/node_modules/express/lib/router/index.js:175:3)\n    at router (/Users/rrejin/Downloads/zolvex-deepclean/server/node_modules/express/lib/router/index.js:47:12)\n    at Layer.handle [as handle_request] (/Users/rrejin/Downloads/zolvex-deepclean/server/node_modules/express/lib/router/layer.js:95:5)\n    at trim_prefix (/Users/rrejin/Downloads/zolvex-deepclean/server/node_modules/express/lib/router/index.js:328:13)\n    at /Users/rrejin/Downloads/zolvex-deepclean/server/node_modules/express/lib/router/index.js:286:9\n    at router.process_params (/Users/rrejin/Downloads/zolvex-deepclean/server/node_modules/express/lib/router/index.js:346:12)\n    at next (/Users/rrejin/Downloads/zolvex-deepclean/server/node_modules/express/lib/router/index.js:280:10)\n    at /Users/rrejin/Downloads/zolvex-deepclean/server/node_modules/express/lib/router/index.js:646:15\n    at next (/Users/rrejin/Downloads/zolvex-deepclean/server/node_modules/express/lib/router/index.js:265:14)\n    at router.handle (/Users/rrejin/Downloads/zolvex-deepclean/server/node_modules/express/lib/router/index.js:175:3)\n    at router (/Users/rrejin/Downloads/zolvex-deepclean/server/node_modules/express/lib/router/index.js:47:12)\n    at Layer.handle [as handle_request] (/Users/rrejin/Downloads/zolvex-deepclean/server/node_modules/express/lib/router/layer.js:95:5)\n    at trim_prefix (/Users/rrejin/Downloads/zolvex-deepclean/server/node_modules/express/lib/router/index.js:328:13)\n    at /Users/rrejin/Downloads/zolvex-deepclean/server/node_modules/express/lib/router/index.js:286:9\n    at router.process_params (/Users/rrejin/Downloads/zolvex-deepclean/server/node_modules/express/lib/router/index.js:346:12)\n    at next (/Users/rrejin/Downloads/zolvex-deepclean/server/node_modules/express/lib/router/index.js:280:10)\n    at /Users/rrejin/Downloads/zolvex-deepclean/server/node_modules/express/lib/router/index.js:646:15\n    at next (/Users/rrejin/Downloads/zolvex-deepclean/server/node_modules/express/lib/router/index.js:265:14)\n    at router.handle (/Users/rrejin/Downloads/zolvex-deepclean/server/node_modules/express/lib/router/index.js:175:3)\n    at router (/Users/rrejin/Downloads/zolvex-deepclean/server/node_modules/express/lib/router/index.js:47:12)\n    at Layer.handle [as handle_request] (/Users/rrejin/Downloads/zolvex-deepclean/server/node_modules/express/lib/router/layer.js:95:5)\n    at trim_prefix (/Users/rrejin/Downloads/zolvex-deepclean/server/node_modules/express/lib/router/index.js:328:13)\n    at /Users/rrejin/Downloads/zolvex-deepclean/server/node_modules/express/lib/router/index.js:286:9\n    at router.process_params (/Users/rrejin/Downloads/zolvex-deepclean/server/node_modules/express/lib/router/index.js:346:12)\n    at next (/Users/rrejin/Downloads/zolvex-deepclean/server/node_modules/express/lib/router/index.js:280:10)\n    at /Users/rrejin/Downloads/zolvex-deepclean/server/node_modules/express/lib/router/index.js:646:15\n    at next (/Users/rrejin/Downloads/zolvex-deepclean/server/node_modules/express/lib/router/index.js:265:14)\n    at router.handle (/Users/rrejin/Downloads/zolvex-deepclean/server/node_modules/express/lib/router/index.js:175:3)\n    at router (/Users/rrejin/Downloads/zolvex-deepclean/server/node_modules/express/lib/router/index.js:47:12)\n    at Layer.handle [as handle_request] (/Users/rrejin/Downloads/zolvex-deepclean/server/node_modules/express/lib/router/layer.js:95:5)\n    at trim_prefix (/Users/rrejin/Downloads/zolvex-deepclean/server/node_modules/express/lib/router/index.js:328:13)\n    at /Users/rrejin/Downloads/zolvex-deepclean/server/node_modules/express/lib/router/index.js:286:9\n    at router.process_params (/Users/rrejin/Downloads/zolvex-deepclean/server/node_modules/express/lib/router/index.js:346:12)\n    at next (/Users/rrejin/Downloads/zolvex-deepclean/server/node_modules/express/lib/router/index.js:280:10)\n    at router.handle (/Users/rrejin/Downloads/zolvex-deepclean/server/node_modules/express/lib/router/index.js:175:3)\n    at router (/Users/rrejin/Downloads/zolvex-deepclean/server/node_modules/express/lib/router/index.js:47:12)\n    at Layer.handle [as handle_request] (/Users/rrejin/Downloads/zolvex-deepclean/server/node_modules/express/lib/router/layer.js:95:5)\n    at trim_prefix (/Users/rrejin/Downloads/zolvex-deepclean/server/node_modules/express/lib/router/index.js:328:13)\n    at /Users/rrejin/Downloads/zolvex-deepclean/server/node_modules/express/lib/router/index.js:286:9\n    at router.process_params (/Users/rrejin/Downloads/zolvex-deepclean/server/node_modules/express/lib/router/index.js:346:12)\n    at next (/Users/rrejin/Downloads/zolvex-deepclean/server/node_modules/express/lib/router/index.js:280:10)\n    at /Users/rrejin/Downloads/zolvex-deepclean/server/node_modules/express-rate-limit/dist/index.cjs:807:7\n    at processTicksAndRejections (node:internal/process/task_queues:104:5)\n    at /Users/rrejin/Downloads/zolvex-deepclean/server/node_modules/express-rate-limit/dist/index.cjs:691:5","timestamp":"2026-07-30 10:16:29"}
{"level":"info","message":"::ffff:127.0.0.1 - - [30/Jul/2026:04:46:29 +0000] \"GET /api/v1/admin/bookings HTTP/1.1\" 401 93 \"-\" \"-\"","service":"zolvex-backend","timestamp":"2026-07-30 10:16:29"}
{"ip":"::ffff:127.0.0.1","level":"error","message":"[GET] /api/v1/admin/services - 401: Authentication required. Please log in.","service":"zolvex-backend","stack":"Error: Authentication required. Please log in.\n    at authenticate (/Users/rrejin/Downloads/zolvex-deepclean/server/src/middleware/auth.js:18:13)\n    at Layer.handle [as handle_request] (/Users/rrejin/Downloads/zolvex-deepclean/server/node_modules/express/lib/router/layer.js:95:5)\n    at next (/Users/rrejin/Downloads/zolvex-deepclean/server/node_modules/express/lib/router/route.js:149:13)\n    at Route.dispatch (/Users/rrejin/Downloads/zolvex-deepclean/server/node_modules/express/lib/router/route.js:119:3)\n    at Layer.handle [as handle_request] (/Users/rrejin/Downloads/zolvex-deepclean/server/node_modules/express/lib/router/layer.js:95:5)\n    at /Users/rrejin/Downloads/zolvex-deepclean/server/node_modules/express/lib/router/index.js:284:15\n    at router.process_params (/Users/rrejin/Downloads/zolvex-deepclean/server/node_modules/express/lib/router/index.js:346:12)\n    at next (/Users/rrejin/Downloads/zolvex-deepclean/server/node_modules/express/lib/router/index.js:280:10)\n    at router.handle (/Users/rrejin/Downloads/zolvex-deepclean/server/node_modules/express/lib/router/index.js:175:3)\n    at router (/Users/rrejin/Downloads/zolvex-deepclean/server/node_modules/express/lib/router/index.js:47:12)\n    at Layer.handle [as handle_request] (/Users/rrejin/Downloads/zolvex-deepclean/server/node_modules/express/lib/router/layer.js:95:5)\n    at trim_prefix (/Users/rrejin/Downloads/zolvex-deepclean/server/node_modules/express/lib/router/index.js:328:13)\n    at /Users/rrejin/Downloads/zolvex-deepclean/server/node_modules/express/lib/router/index.js:286:9\n    at router.process_params (/Users/rrejin/Downloads/zolvex-deepclean/server/node_modules/express/lib/router/index.js:346:12)\n    at next (/Users/rrejin/Downloads/zolvex-deepclean/server/node_modules/express/lib/router/index.js:280:10)\n    at /Users/rrejin/Downloads/zolvex-deepclean/server/node_modules/express/lib/router/index.js:646:15\n    at next (/Users/rrejin/Downloads/zolvex-deepclean/server/node_modules/express/lib/router/index.js:265:14)\n    at router.handle (/Users/rrejin/Downloads/zolvex-deepclean/server/node_modules/express/lib/router/index.js:175:3)\n    at router (/Users/rrejin/Downloads/zolvex-deepclean/server/node_modules/express/lib/router/index.js:47:12)\n    at Layer.handle [as handle_request] (/Users/rrejin/Downloads/zolvex-deepclean/server/node_modules/express/lib/router/layer.js:95:5)\n    at trim_prefix (/Users/rrejin/Downloads/zolvex-deepclean/server/node_modules/express/lib/router/index.js:328:13)\n    at /Users/rrejin/Downloads/zolvex-deepclean/server/node_modules/express/lib/router/index.js:286:9\n    at router.process_params (/Users/rrejin/Downloads/zolvex-deepclean/server/node_modules/express/lib/router/index.js:346:12)\n    at next (/Users/rrejin/Downloads/zolvex-deepclean/server/node_modules/express/lib/router/index.js:280:10)\n    at router.handle (/Users/rrejin/Downloads/zolvex-deepclean/server/node_modules/express/lib/router/index.js:175:3)\n    at router (/Users/rrejin/Downloads/zolvex-deepclean/server/node_modules/express/lib/router/index.js:47:12)\n    at Layer.handle [as handle_request] (/Users/rrejin/Downloads/zolvex-deepclean/server/node_modules/express/lib/router/layer.js:95:5)\n    at trim_prefix (/Users/rrejin/Downloads/zolvex-deepclean/server/node_modules/express/lib/router/index.js:328:13)\n    at /Users/rrejin/Downloads/zolvex-deepclean/server/node_modules/express/lib/router/index.js:286:9\n    at router.process_params (/Users/rrejin/Downloads/zolvex-deepclean/server/node_modules/express/lib/router/index.js:346:12)\n    at next (/Users/rrejin/Downloads/zolvex-deepclean/server/node_modules/express/lib/router/index.js:280:10)\n    at /Users/rrejin/Downloads/zolvex-deepclean/server/node_modules/express-rate-limit/dist/index.cjs:807:7\n    at processTicksAndRejections (node:internal/process/task_queues:104:5)\n    at /Users/rrejin/Downloads/zolvex-deepclean/server/node_modules/express-rate-limit/dist/index.cjs:691:5","timestamp":"2026-07-30 10:16:29"}
{"level":"info","message":"::ffff:127.0.0.1 - - [30/Jul/2026:04:46:29 +0000] \"GET /api/v1/admin/services HTTP/1.1\" 401 93 \"-\" \"-\"","service":"zolvex-backend","timestamp":"2026-07-30 10:16:29"}
{"ip":"::ffff:127.0.0.1","level":"error","message":"[GET] /api/v1/admin/analytics - 401: Authentication required. Please log in.","service":"zolvex-backend","stack":"Error: Authentication required. Please log in.\n    at authenticate (/Users/rrejin/Downloads/zolvex-deepclean/server/src/middleware/auth.js:18:13)\n    at Layer.handle [as handle_request] (/Users/rrejin/Downloads/zolvex-deepclean/server/node_modules/express/lib/router/layer.js:95:5)\n    at trim_prefix (/Users/rrejin/Downloads/zolvex-deepclean/server/node_modules/express/lib/router/index.js:328:13)\n    at /Users/rrejin/Downloads/zolvex-deepclean/server/node_modules/express/lib/router/index.js:286:9\n    at router.process_params (/Users/rrejin/Downloads/zolvex-deepclean/server/node_modules/express/lib/router/index.js:346:12)\n    at next (/Users/rrejin/Downloads/zolvex-deepclean/server/node_modules/express/lib/router/index.js:280:10)\n    at router.handle (/Users/rrejin/Downloads/zolvex-deepclean/server/node_modules/express/lib/router/index.js:175:3)\n    at router (/Users/rrejin/Downloads/zolvex-deepclean/server/node_modules/express/lib/router/index.js:47:12)\n    at Layer.handle [as handle_request] (/Users/rrejin/Downloads/zolvex-deepclean/server/node_modules/express/lib/router/layer.js:95:5)\n    at trim_prefix (/Users/rrejin/Downloads/zolvex-deepclean/server/node_modules/express/lib/router/index.js:328:13)\n    at /Users/rrejin/Downloads/zolvex-deepclean/server/node_modules/express/lib/router/index.js:286:9\n    at router.process_params (/Users/rrejin/Downloads/zolvex-deepclean/server/node_modules/express/lib/router/index.js:346:12)\n    at next (/Users/rrejin/Downloads/zolvex-deepclean/server/node_modules/express/lib/router/index.js:280:10)\n    at /Users/rrejin/Downloads/zolvex-deepclean/server/node_modules/express/lib/router/index.js:646:15\n    at next (/Users/rrejin/Downloads/zolvex-deepclean/server/node_modules/express/lib/router/index.js:265:14)\n    at router.handle (/Users/rrejin/Downloads/zolvex-deepclean/server/node_modules/express/lib/router/index.js:175:3)\n    at router (/Users/rrejin/Downloads/zolvex-deepclean/server/node_modules/express/lib/router/index.js:47:12)\n    at Layer.handle [as handle_request] (/Users/rrejin/Downloads/zolvex-deepclean/server/node_modules/express/lib/router/layer.js:95:5)\n    at trim_prefix (/Users/rrejin/Downloads/zolvex-deepclean/server/node_modules/express/lib/router/index.js:328:13)\n    at /Users/rrejin/Downloads/zolvex-deepclean/server/node_modules/express/lib/router/index.js:286:9\n    at router.process_params (/Users/rrejin/Downloads/zolvex-deepclean/server/node_modules/express/lib/router/index.js:346:12)\n    at next (/Users/rrejin/Downloads/zolvex-deepclean/server/node_modules/express/lib/router/index.js:280:10)\n    at /Users/rrejin/Downloads/zolvex-deepclean/server/node_modules/express/lib/router/index.js:646:15\n    at next (/Users/rrejin/Downloads/zolvex-deepclean/server/node_modules/express/lib/router/index.js:265:14)\n    at router.handle (/Users/rrejin/Downloads/zolvex-deepclean/server/node_modules/express/lib/router/index.js:175:3)\n    at router (/Users/rrejin/Downloads/zolvex-deepclean/server/node_modules/express/lib/router/index.js:47:12)\n    at Layer.handle [as handle_request] (/Users/rrejin/Downloads/zolvex-deepclean/server/node_modules/express/lib/router/layer.js:95:5)\n    at trim_prefix (/Users/rrejin/Downloads/zolvex-deepclean/server/node_modules/express/lib/router/index.js:328:13)\n    at /Users/rrejin/Downloads/zolvex-deepclean/server/node_modules/express/lib/router/index.js:286:9\n    at router.process_params (/Users/rrejin/Downloads/zolvex-deepclean/server/node_modules/express/lib/router/index.js:346:12)\n    at next (/Users/rrejin/Downloads/zolvex-deepclean/server/node_modules/express/lib/router/index.js:280:10)\n    at /Users/rrejin/Downloads/zolvex-deepclean/server/node_modules/express/lib/router/index.js:646:15\n    at next (/Users/rrejin/Downloads/zolvex-deepclean/server/node_modules/express/lib/router/index.js:265:14)\n    at router.handle (/Users/rrejin/Downloads/zolvex-deepclean/server/node_modules/express/lib/router/index.js:175:3)\n    at router (/Users/rrejin/Downloads/zolvex-deepclean/server/node_modules/express/lib/router/index.js:47:12)\n    at Layer.handle [as handle_request] (/Users/rrejin/Downloads/zolvex-deepclean/server/node_modules/express/lib/router/layer.js:95:5)\n    at trim_prefix (/Users/rrejin/Downloads/zolvex-deepclean/server/node_modules/express/lib/router/index.js:328:13)\n    at /Users/rrejin/Downloads/zolvex-deepclean/server/node_modules/express/lib/router/index.js:286:9\n    at router.process_params (/Users/rrejin/Downloads/zolvex-deepclean/server/node_modules/express/lib/router/index.js:346:12)\n    at next (/Users/rrejin/Downloads/zolvex-deepclean/server/node_modules/express/lib/router/index.js:280:10)\n    at /Users/rrejin/Downloads/zolvex-deepclean/server/node_modules/express/lib/router/index.js:646:15\n    at next (/Users/rrejin/Downloads/zolvex-deepclean/server/node_modules/express/lib/router/index.js:265:14)\n    at router.handle (/Users/rrejin/Downloads/zolvex-deepclean/server/node_modules/express/lib/router/index.js:175:3)\n    at router (/Users/rrejin/Downloads/zolvex-deepclean/server/node_modules/express/lib/router/index.js:47:12)\n    at Layer.handle [as handle_request] (/Users/rrejin/Downloads/zolvex-deepclean/server/node_modules/express/lib/router/layer.js:95:5)\n    at trim_prefix (/Users/rrejin/Downloads/zolvex-deepclean/server/node_modules/express/lib/router/index.js:328:13)\n    at /Users/rrejin/Downloads/zolvex-deepclean/server/node_modules/express/lib/router/index.js:286:9\n    at router.process_params (/Users/rrejin/Downloads/zolvex-deepclean/server/node_modules/express/lib/router/index.js:346:12)\n    at next (/Users/rrejin/Downloads/zolvex-deepclean/server/node_modules/express/lib/router/index.js:280:10)\n    at router.handle (/Users/rrejin/Downloads/zolvex-deepclean/server/node_modules/express/lib/router/index.js:175:3)\n    at router (/Users/rrejin/Downloads/zolvex-deepclean/server/node_modules/express/lib/router/index.js:47:12)\n    at Layer.handle [as handle_request] (/Users/rrejin/Downloads/zolvex-deepclean/server/node_modules/express/lib/router/layer.js:95:5)\n    at trim_prefix (/Users/rrejin/Downloads/zolvex-deepclean/server/node_modules/express/lib/router/index.js:328:13)\n    at /Users/rrejin/Downloads/zolvex-deepclean/server/node_modules/express/lib/router/index.js:286:9\n    at router.process_params (/Users/rrejin/Downloads/zolvex-deepclean/server/node_modules/express/lib/router/index.js:346:12)\n    at next (/Users/rrejin/Downloads/zolvex-deepclean/server/node_modules/express/lib/router/index.js:280:10)\n    at /Users/rrejin/Downloads/zolvex-deepclean/server/node_modules/express-rate-limit/dist/index.cjs:807:7\n    at processTicksAndRejections (node:internal/process/task_queues:104:5)\n    at /Users/rrejin/Downloads/zolvex-deepclean/server/node_modules/express-rate-limit/dist/index.cjs:691:5","timestamp":"2026-07-30 10:16:29"}
{"level":"info","message":"::ffff:127.0.0.1 - - [30/Jul/2026:04:46:29 +0000] \"GET /api/v1/admin/analytics HTTP/1.1\" 401 93 \"-\" \"-\"","service":"zolvex-backend","timestamp":"2026-07-30 10:16:29"}
{"level":"info","message":"::ffff:127.0.0.1 - - [30/Jul/2026:04:46:29 +0000] \"GET /api/v1/admin/services HTTP/1.1\" 200 4913 \"-\" \"-\"","service":"zolvex-backend","timestamp":"2026-07-30 10:16:29"}
{"level":"info","message":"🍃 MongoDB Connected: localhost/zolvex_deepclean","service":"zolvex-backend","timestamp":"2026-07-30 10:16:47"}
{"level":"info","message":"🚀 Zolvex Enterprise Backend running in [development] on http://0.0.0.0:5002","service":"zolvex-backend","timestamp":"2026-07-30 10:16:47"}
{"level":"info","message":"📡 Health Check: http://localhost:5002/api/v1/health","service":"zolvex-backend","timestamp":"2026-07-30 10:16:47"}
{"level":"info","message":"📚 Swagger Docs: http://localhost:5002/api/v1/docs","service":"zolvex-backend","timestamp":"2026-07-30 10:16:47"}
{"level":"info","message":"::ffff:127.0.0.1 - - [30/Jul/2026:04:46:51 +0000] \"GET /api/v1/health HTTP/1.1\" 200 326 \"-\" \"-\"","service":"zolvex-backend","timestamp":"2026-07-30 10:16:51"}
{"ip":"::ffff:127.0.0.1","level":"error","message":"[POST] /api/v1/auth/login - 500: RefreshToken validation failed: userId: Cast to ObjectId failed for value \"admin-default-001\" (type string) at path \"userId\" because of \"BSONError\"","service":"zolvex-backend","stack":"ValidationError: RefreshToken validation failed: userId: Cast to ObjectId failed for value \"admin-default-001\" (type string) at path \"userId\" because of \"BSONError\"\n    at model.Object.<anonymous>.Document.invalidate (/Users/rrejin/Downloads/zolvex-deepclean/server/node_modules/mongoose/lib/document.js:3387:32)\n    at model.$set (/Users/rrejin/Downloads/zolvex-deepclean/server/node_modules/mongoose/lib/document.js:1498:12)\n    at model.$set (/Users/rrejin/Downloads/zolvex-deepclean/server/node_modules/mongoose/lib/document.js:1150:16)\n    at model.Document (/Users/rrejin/Downloads/zolvex-deepclean/server/node_modules/mongoose/lib/document.js:180:12)\n    at model.Model (/Users/rrejin/Downloads/zolvex-deepclean/server/node_modules/mongoose/lib/model.js:127:12)\n    at new model (/Users/rrejin/Downloads/zolvex-deepclean/server/node_modules/mongoose/lib/model.js:4866:15)\n    at /Users/rrejin/Downloads/zolvex-deepclean/server/node_modules/mongoose/lib/model.js:2791:20\n    at Array.map (<anonymous>)\n    at model.create (/Users/rrejin/Downloads/zolvex-deepclean/server/node_modules/mongoose/lib/model.js:2779:34)\n    at AuthService.create [as completeLogin] (/Users/rrejin/Downloads/zolvex-deepclean/server/src/services/authService.js:126:24)\n    at AuthService.completeLogin [as login] (/Users/rrejin/Downloads/zolvex-deepclean/server/src/services/authService.js:81:17)\n    at /Users/rrejin/Downloads/zolvex-deepclean/server/src/controllers/authController.js:23:18","timestamp":"2026-07-30 10:16:51"}
{"level":"info","message":"::ffff:127.0.0.1 - - [30/Jul/2026:04:46:51 +0000] \"POST /api/v1/auth/login HTTP/1.1\" 400 224 \"-\" \"-\"","service":"zolvex-backend","timestamp":"2026-07-30 10:16:51"}
{"ip":"::ffff:127.0.0.1","level":"error","message":"[POST] /api/v1/auth/login - 401: Invalid email or password","service":"zolvex-backend","stack":"Error: Invalid email or password\n    at AuthService.login (/Users/rrejin/Downloads/zolvex-deepclean/server/src/services/authService.js:65:13)\n    at /Users/rrejin/Downloads/zolvex-deepclean/server/src/controllers/authController.js:23:18","timestamp":"2026-07-30 10:16:51"}
{"level":"info","message":"::ffff:127.0.0.1 - - [30/Jul/2026:04:46:51 +0000] \"POST /api/v1/auth/login HTTP/1.1\" 401 79 \"-\" \"-\"","service":"zolvex-backend","timestamp":"2026-07-30 10:16:51"}
{"level":"info","message":"::ffff:127.0.0.1 - - [30/Jul/2026:04:46:51 +0000] \"GET /api/v1/services HTTP/1.1\" 200 4915 \"-\" \"-\"","service":"zolvex-backend","timestamp":"2026-07-30 10:16:51"}
{"level":"info","message":"::ffff:127.0.0.1 - - [30/Jul/2026:04:46:51 +0000] \"GET /api/v1/services HTTP/1.1\" 200 4915 \"-\" \"-\"","service":"zolvex-backend","timestamp":"2026-07-30 10:16:51"}
{"level":"info","message":"::ffff:127.0.0.1 - - [30/Jul/2026:04:46:51 +0000] \"GET /api/v1/services/deep-cleaning HTTP/1.1\" 200 1217 \"-\" \"-\"","service":"zolvex-backend","timestamp":"2026-07-30 10:16:51"}
{"level":"info","message":"::ffff:127.0.0.1 - - [30/Jul/2026:04:46:51 +0000] \"POST /api/v1/price/calculate HTTP/1.1\" 200 209 \"-\" \"-\"","service":"zolvex-backend","timestamp":"2026-07-30 10:16:51"}
{"level":"info","message":"::ffff:127.0.0.1 - - [30/Jul/2026:04:46:51 +0000] \"POST /api/v1/bookings HTTP/1.1\" 201 747 \"-\" \"-\"","service":"zolvex-backend","timestamp":"2026-07-30 10:16:51"}
{"level":"info","message":"::ffff:127.0.0.1 - - [30/Jul/2026:04:46:51 +0000] \"GET /api/v1/bookings/track/ZLV-2026-3538 HTTP/1.1\" 200 743 \"-\" \"-\"","service":"zolvex-backend","timestamp":"2026-07-30 10:16:51"}
{"ip":"::ffff:127.0.0.1","level":"error","message":"[GET] /api/v1/admin/bookings - 401: Authentication required. Please log in.","service":"zolvex-backend","stack":"Error: Authentication required. Please log in.\n    at authenticate (/Users/rrejin/Downloads/zolvex-deepclean/server/src/middleware/auth.js:18:13)\n    at Layer.handle [as handle_request] (/Users/rrejin/Downloads/zolvex-deepclean/server/node_modules/express/lib/router/layer.js:95:5)\n    at next (/Users/rrejin/Downloads/zolvex-deepclean/server/node_modules/express/lib/router/route.js:149:13)\n    at Route.dispatch (/Users/rrejin/Downloads/zolvex-deepclean/server/node_modules/express/lib/router/route.js:119:3)\n    at Layer.handle [as handle_request] (/Users/rrejin/Downloads/zolvex-deepclean/server/node_modules/express/lib/router/layer.js:95:5)\n    at /Users/rrejin/Downloads/zolvex-deepclean/server/node_modules/express/lib/router/index.js:284:15\n    at router.process_params (/Users/rrejin/Downloads/zolvex-deepclean/server/node_modules/express/lib/router/index.js:346:12)\n    at next (/Users/rrejin/Downloads/zolvex-deepclean/server/node_modules/express/lib/router/index.js:280:10)\n    at router.handle (/Users/rrejin/Downloads/zolvex-deepclean/server/node_modules/express/lib/router/index.js:175:3)\n    at router (/Users/rrejin/Downloads/zolvex-deepclean/server/node_modules/express/lib/router/index.js:47:12)\n    at Layer.handle [as handle_request] (/Users/rrejin/Downloads/zolvex-deepclean/server/node_modules/express/lib/router/layer.js:95:5)\n    at trim_prefix (/Users/rrejin/Downloads/zolvex-deepclean/server/node_modules/express/lib/router/index.js:328:13)\n    at /Users/rrejin/Downloads/zolvex-deepclean/server/node_modules/express/lib/router/index.js:286:9\n    at router.process_params (/Users/rrejin/Downloads/zolvex-deepclean/server/node_modules/express/lib/router/index.js:346:12)\n    at next (/Users/rrejin/Downloads/zolvex-deepclean/server/node_modules/express/lib/router/index.js:280:10)\n    at /Users/rrejin/Downloads/zolvex-deepclean/server/node_modules/express/lib/router/index.js:646:15\n    at next (/Users/rrejin/Downloads/zolvex-deepclean/server/node_modules/express/lib/router/index.js:265:14)\n    at router.handle (/Users/rrejin/Downloads/zolvex-deepclean/server/node_modules/express/lib/router/index.js:175:3)\n    at router (/Users/rrejin/Downloads/zolvex-deepclean/server/node_modules/express/lib/router/index.js:47:12)\n    at Layer.handle [as handle_request] (/Users/rrejin/Downloads/zolvex-deepclean/server/node_modules/express/lib/router/layer.js:95:5)\n    at trim_prefix (/Users/rrejin/Downloads/zolvex-deepclean/server/node_modules/express/lib/router/index.js:328:13)\n    at /Users/rrejin/Downloads/zolvex-deepclean/server/node_modules/express/lib/router/index.js:286:9\n    at router.process_params (/Users/rrejin/Downloads/zolvex-deepclean/server/node_modules/express/lib/router/index.js:346:12)\n    at next (/Users/rrejin/Downloads/zolvex-deepclean/server/node_modules/express/lib/router/index.js:280:10)\n    at /Users/rrejin/Downloads/zolvex-deepclean/server/node_modules/express/lib/router/index.js:646:15\n    at next (/Users/rrejin/Downloads/zolvex-deepclean/server/node_modules/express/lib/router/index.js:265:14)\n    at router.handle (/Users/rrejin/Downloads/zolvex-deepclean/server/node_modules/express/lib/router/index.js:175:3)\n    at router (/Users/rrejin/Downloads/zolvex-deepclean/server/node_modules/express/lib/router/index.js:47:12)\n    at Layer.handle [as handle_request] (/Users/rrejin/Downloads/zolvex-deepclean/server/node_modules/express/lib/router/layer.js:95:5)\n    at trim_prefix (/Users/rrejin/Downloads/zolvex-deepclean/server/node_modules/express/lib/router/index.js:328:13)\n    at /Users/rrejin/Downloads/zolvex-deepclean/server/node_modules/express/lib/router/index.js:286:9\n    at router.process_params (/Users/rrejin/Downloads/zolvex-deepclean/server/node_modules/express/lib/router/index.js:346:12)\n    at next (/Users/rrejin/Downloads/zolvex-deepclean/server/node_modules/express/lib/router/index.js:280:10)\n    at /Users/rrejin/Downloads/zolvex-deepclean/server/node_modules/express/lib/router/index.js:646:15\n    at next (/Users/rrejin/Downloads/zolvex-deepclean/server/node_modules/express/lib/router/index.js:265:14)\n    at router.handle (/Users/rrejin/Downloads/zolvex-deepclean/server/node_modules/express/lib/router/index.js:175:3)\n    at router (/Users/rrejin/Downloads/zolvex-deepclean/server/node_modules/express/lib/router/index.js:47:12)\n    at Layer.handle [as handle_request] (/Users/rrejin/Downloads/zolvex-deepclean/server/node_modules/express/lib/router/layer.js:95:5)\n    at trim_prefix (/Users/rrejin/Downloads/zolvex-deepclean/server/node_modules/express/lib/router/index.js:328:13)\n    at /Users/rrejin/Downloads/zolvex-deepclean/server/node_modules/express/lib/router/index.js:286:9\n    at router.process_params (/Users/rrejin/Downloads/zolvex-deepclean/server/node_modules/express/lib/router/index.js:346:12)\n    at next (/Users/rrejin/Downloads/zolvex-deepclean/server/node_modules/express/lib/router/index.js:280:10)\n    at router.handle (/Users/rrejin/Downloads/zolvex-deepclean/server/node_modules/express/lib/router/index.js:175:3)\n    at router (/Users/rrejin/Downloads/zolvex-deepclean/server/node_modules/express/lib/router/index.js:47:12)\n    at Layer.handle [as handle_request] (/Users/rrejin/Downloads/zolvex-deepclean/server/node_modules/express/lib/router/layer.js:95:5)\n    at trim_prefix (/Users/rrejin/Downloads/zolvex-deepclean/server/node_modules/express/lib/router/index.js:328:13)\n    at /Users/rrejin/Downloads/zolvex-deepclean/server/node_modules/express/lib/router/index.js:286:9\n    at router.process_params (/Users/rrejin/Downloads/zolvex-deepclean/server/node_modules/express/lib/router/index.js:346:12)\n    at next (/Users/rrejin/Downloads/zolvex-deepclean/server/node_modules/express/lib/router/index.js:280:10)\n    at /Users/rrejin/Downloads/zolvex-deepclean/server/node_modules/express-rate-limit/dist/index.cjs:807:7\n    at processTicksAndRejections (node:internal/process/task_queues:104:5)\n    at /Users/rrejin/Downloads/zolvex-deepclean/server/node_modules/express-rate-limit/dist/index.cjs:691:5","timestamp":"2026-07-30 10:16:52"}
{"level":"info","message":"::ffff:127.0.0.1 - - [30/Jul/2026:04:46:52 +0000] \"GET /api/v1/admin/bookings HTTP/1.1\" 401 93 \"-\" \"-\"","service":"zolvex-backend","timestamp":"2026-07-30 10:16:52"}
{"ip":"::ffff:127.0.0.1","level":"error","message":"[GET] /api/v1/admin/services - 401: Authentication required. Please log in.","service":"zolvex-backend","stack":"Error: Authentication required. Please log in.\n    at authenticate (/Users/rrejin/Downloads/zolvex-deepclean/server/src/middleware/auth.js:18:13)\n    at Layer.handle [as handle_request] (/Users/rrejin/Downloads/zolvex-deepclean/server/node_modules/express/lib/router/layer.js:95:5)\n    at next (/Users/rrejin/Downloads/zolvex-deepclean/server/node_modules/express/lib/router/route.js:149:13)\n    at Route.dispatch (/Users/rrejin/Downloads/zolvex-deepclean/server/node_modules/express/lib/router/route.js:119:3)\n    at Layer.handle [as handle_request] (/Users/rrejin/Downloads/zolvex-deepclean/server/node_modules/express/lib/router/layer.js:95:5)\n    at /Users/rrejin/Downloads/zolvex-deepclean/server/node_modules/express/lib/router/index.js:284:15\n    at router.process_params (/Users/rrejin/Downloads/zolvex-deepclean/server/node_modules/express/lib/router/index.js:346:12)\n    at next (/Users/rrejin/Downloads/zolvex-deepclean/server/node_modules/express/lib/router/index.js:280:10)\n    at router.handle (/Users/rrejin/Downloads/zolvex-deepclean/server/node_modules/express/lib/router/index.js:175:3)\n    at router (/Users/rrejin/Downloads/zolvex-deepclean/server/node_modules/express/lib/router/index.js:47:12)\n    at Layer.handle [as handle_request] (/Users/rrejin/Downloads/zolvex-deepclean/server/node_modules/express/lib/router/layer.js:95:5)\n    at trim_prefix (/Users/rrejin/Downloads/zolvex-deepclean/server/node_modules/express/lib/router/index.js:328:13)\n    at /Users/rrejin/Downloads/zolvex-deepclean/server/node_modules/express/lib/router/index.js:286:9\n    at router.process_params (/Users/rrejin/Downloads/zolvex-deepclean/server/node_modules/express/lib/router/index.js:346:12)\n    at next (/Users/rrejin/Downloads/zolvex-deepclean/server/node_modules/express/lib/router/index.js:280:10)\n    at /Users/rrejin/Downloads/zolvex-deepclean/server/node_modules/express/lib/router/index.js:646:15\n    at next (/Users/rrejin/Downloads/zolvex-deepclean/server/node_modules/express/lib/router/index.js:265:14)\n    at router.handle (/Users/rrejin/Downloads/zolvex-deepclean/server/node_modules/express/lib/router/index.js:175:3)\n    at router (/Users/rrejin/Downloads/zolvex-deepclean/server/node_modules/express/lib/router/index.js:47:12)\n    at Layer.handle [as handle_request] (/Users/rrejin/Downloads/zolvex-deepclean/server/node_modules/express/lib/router/layer.js:95:5)\n    at trim_prefix (/Users/rrejin/Downloads/zolvex-deepclean/server/node_modules/express/lib/router/index.js:328:13)\n    at /Users/rrejin/Downloads/zolvex-deepclean/server/node_modules/express/lib/router/index.js:286:9\n    at router.process_params (/Users/rrejin/Downloads/zolvex-deepclean/server/node_modules/express/lib/router/index.js:346:12)\n    at next (/Users/rrejin/Downloads/zolvex-deepclean/server/node_modules/express/lib/router/index.js:280:10)\n    at router.handle (/Users/rrejin/Downloads/zolvex-deepclean/server/node_modules/express/lib/router/index.js:175:3)\n    at router (/Users/rrejin/Downloads/zolvex-deepclean/server/node_modules/express/lib/router/index.js:47:12)\n    at Layer.handle [as handle_request] (/Users/rrejin/Downloads/zolvex-deepclean/server/node_modules/express/lib/router/layer.js:95:5)\n    at trim_prefix (/Users/rrejin/Downloads/zolvex-deepclean/server/node_modules/express/lib/router/index.js:328:13)\n    at /Users/rrejin/Downloads/zolvex-deepclean/server/node_modules/express/lib/router/index.js:286:9\n    at router.process_params (/Users/rrejin/Downloads/zolvex-deepclean/server/node_modules/express/lib/router/index.js:346:12)\n    at next (/Users/rrejin/Downloads/zolvex-deepclean/server/node_modules/express/lib/router/index.js:280:10)\n    at /Users/rrejin/Downloads/zolvex-deepclean/server/node_modules/express-rate-limit/dist/index.cjs:807:7\n    at processTicksAndRejections (node:internal/process/task_queues:104:5)\n    at /Users/rrejin/Downloads/zolvex-deepclean/server/node_modules/express-rate-limit/dist/index.cjs:691:5","timestamp":"2026-07-30 10:16:52"}
{"level":"info","message":"::ffff:127.0.0.1 - - [30/Jul/2026:04:46:52 +0000] \"GET /api/v1/admin/services HTTP/1.1\" 401 93 \"-\" \"-\"","service":"zolvex-backend","timestamp":"2026-07-30 10:16:52"}
{"ip":"::ffff:127.0.0.1","level":"error","message":"[GET] /api/v1/admin/analytics - 401: Authentication required. Please log in.","service":"zolvex-backend","stack":"Error: Authentication required. Please log in.\n    at authenticate (/Users/rrejin/Downloads/zolvex-deepclean/server/src/middleware/auth.js:18:13)\n    at Layer.handle [as handle_request] (/Users/rrejin/Downloads/zolvex-deepclean/server/node_modules/express/lib/router/layer.js:95:5)\n    at trim_prefix (/Users/rrejin/Downloads/zolvex-deepclean/server/node_modules/express/lib/router/index.js:328:13)\n    at /Users/rrejin/Downloads/zolvex-deepclean/server/node_modules/express/lib/router/index.js:286:9\n    at router.process_params (/Users/rrejin/Downloads/zolvex-deepclean/server/node_modules/express/lib/router/index.js:346:12)\n    at next (/Users/rrejin/Downloads/zolvex-deepclean/server/node_modules/express/lib/router/index.js:280:10)\n    at router.handle (/Users/rrejin/Downloads/zolvex-deepclean/server/node_modules/express/lib/router/index.js:175:3)\n    at router (/Users/rrejin/Downloads/zolvex-deepclean/server/node_modules/express/lib/router/index.js:47:12)\n    at Layer.handle [as handle_request] (/Users/rrejin/Downloads/zolvex-deepclean/server/node_modules/express/lib/router/layer.js:95:5)\n    at trim_prefix (/Users/rrejin/Downloads/zolvex-deepclean/server/node_modules/express/lib/router/index.js:328:13)\n    at /Users/rrejin/Downloads/zolvex-deepclean/server/node_modules/express/lib/router/index.js:286:9\n    at router.process_params (/Users/rrejin/Downloads/zolvex-deepclean/server/node_modules/express/lib/router/index.js:346:12)\n    at next (/Users/rrejin/Downloads/zolvex-deepclean/server/node_modules/express/lib/router/index.js:280:10)\n    at /Users/rrejin/Downloads/zolvex-deepclean/server/node_modules/express/lib/router/index.js:646:15\n    at next (/Users/rrejin/Downloads/zolvex-deepclean/server/node_modules/express/lib/router/index.js:265:14)\n    at router.handle (/Users/rrejin/Downloads/zolvex-deepclean/server/node_modules/express/lib/router/index.js:175:3)\n    at router (/Users/rrejin/Downloads/zolvex-deepclean/server/node_modules/express/lib/router/index.js:47:12)\n    at Layer.handle [as handle_request] (/Users/rrejin/Downloads/zolvex-deepclean/server/node_modules/express/lib/router/layer.js:95:5)\n    at trim_prefix (/Users/rrejin/Downloads/zolvex-deepclean/server/node_modules/express/lib/router/index.js:328:13)\n    at /Users/rrejin/Downloads/zolvex-deepclean/server/node_modules/express/lib/router/index.js:286:9\n    at router.process_params (/Users/rrejin/Downloads/zolvex-deepclean/server/node_modules/express/lib/router/index.js:346:12)\n    at next (/Users/rrejin/Downloads/zolvex-deepclean/server/node_modules/express/lib/router/index.js:280:10)\n    at /Users/rrejin/Downloads/zolvex-deepclean/server/node_modules/express/lib/router/index.js:646:15\n    at next (/Users/rrejin/Downloads/zolvex-deepclean/server/node_modules/express/lib/router/index.js:265:14)\n    at router.handle (/Users/rrejin/Downloads/zolvex-deepclean/server/node_modules/express/lib/router/index.js:175:3)\n    at router (/Users/rrejin/Downloads/zolvex-deepclean/server/node_modules/express/lib/router/index.js:47:12)\n    at Layer.handle [as handle_request] (/Users/rrejin/Downloads/zolvex-deepclean/server/node_modules/express/lib/router/layer.js:95:5)\n    at trim_prefix (/Users/rrejin/Downloads/zolvex-deepclean/server/node_modules/express/lib/router/index.js:328:13)\n    at /Users/rrejin/Downloads/zolvex-deepclean/server/node_modules/express/lib/router/index.js:286:9\n    at router.process_params (/Users/rrejin/Downloads/zolvex-deepclean/server/node_modules/express/lib/router/index.js:346:12)\n    at next (/Users/rrejin/Downloads/zolvex-deepclean/server/node_modules/express/lib/router/index.js:280:10)\n    at /Users/rrejin/Downloads/zolvex-deepclean/server/node_modules/express/lib/router/index.js:646:15\n    at next (/Users/rrejin/Downloads/zolvex-deepclean/server/node_modules/express/lib/router/index.js:265:14)\n    at router.handle (/Users/rrejin/Downloads/zolvex-deepclean/server/node_modules/express/lib/router/index.js:175:3)\n    at router (/Users/rrejin/Downloads/zolvex-deepclean/server/node_modules/express/lib/router/index.js:47:12)\n    at Layer.handle [as handle_request] (/Users/rrejin/Downloads/zolvex-deepclean/server/node_modules/express/lib/router/layer.js:95:5)\n    at trim_prefix (/Users/rrejin/Downloads/zolvex-deepclean/server/node_modules/express/lib/router/index.js:328:13)\n    at /Users/rrejin/Downloads/zolvex-deepclean/server/node_modules/express/lib/router/index.js:286:9\n    at router.process_params (/Users/rrejin/Downloads/zolvex-deepclean/server/node_modules/express/lib/router/index.js:346:12)\n    at next (/Users/rrejin/Downloads/zolvex-deepclean/server/node_modules/express/lib/router/index.js:280:10)\n    at /Users/rrejin/Downloads/zolvex-deepclean/server/node_modules/express/lib/router/index.js:646:15\n    at next (/Users/rrejin/Downloads/zolvex-deepclean/server/node_modules/express/lib/router/index.js:265:14)\n    at router.handle (/Users/rrejin/Downloads/zolvex-deepclean/server/node_modules/express/lib/router/index.js:175:3)\n    at router (/Users/rrejin/Downloads/zolvex-deepclean/server/node_modules/express/lib/router/index.js:47:12)\n    at Layer.handle [as handle_request] (/Users/rrejin/Downloads/zolvex-deepclean/server/node_modules/express/lib/router/layer.js:95:5)\n    at trim_prefix (/Users/rrejin/Downloads/zolvex-deepclean/server/node_modules/express/lib/router/index.js:328:13)\n    at /Users/rrejin/Downloads/zolvex-deepclean/server/node_modules/express/lib/router/index.js:286:9\n    at router.process_params (/Users/rrejin/Downloads/zolvex-deepclean/server/node_modules/express/lib/router/index.js:346:12)\n    at next (/Users/rrejin/Downloads/zolvex-deepclean/server/node_modules/express/lib/router/index.js:280:10)\n    at router.handle (/Users/rrejin/Downloads/zolvex-deepclean/server/node_modules/express/lib/router/index.js:175:3)\n    at router (/Users/rrejin/Downloads/zolvex-deepclean/server/node_modules/express/lib/router/index.js:47:12)\n    at Layer.handle [as handle_request] (/Users/rrejin/Downloads/zolvex-deepclean/server/node_modules/express/lib/router/layer.js:95:5)\n    at trim_prefix (/Users/rrejin/Downloads/zolvex-deepclean/server/node_modules/express/lib/router/index.js:328:13)\n    at /Users/rrejin/Downloads/zolvex-deepclean/server/node_modules/express/lib/router/index.js:286:9\n    at router.process_params (/Users/rrejin/Downloads/zolvex-deepclean/server/node_modules/express/lib/router/index.js:346:12)\n    at next (/Users/rrejin/Downloads/zolvex-deepclean/server/node_modules/express/lib/router/index.js:280:10)\n    at /Users/rrejin/Downloads/zolvex-deepclean/server/node_modules/express-rate-limit/dist/index.cjs:807:7\n    at processTicksAndRejections (node:internal/process/task_queues:104:5)\n    at /Users/rrejin/Downloads/zolvex-deepclean/server/node_modules/express-rate-limit/dist/index.cjs:691:5","timestamp":"2026-07-30 10:16:52"}
{"level":"info","message":"::ffff:127.0.0.1 - - [30/Jul/2026:04:46:52 +0000] \"GET /api/v1/admin/analytics HTTP/1.1\" 401 93 \"-\" \"-\"","service":"zolvex-backend","timestamp":"2026-07-30 10:16:52"}
{"level":"info","message":"::ffff:127.0.0.1 - - [30/Jul/2026:04:46:52 +0000] \"GET /api/v1/admin/services HTTP/1.1\" 200 4913 \"-\" \"-\"","service":"zolvex-backend","timestamp":"2026-07-30 10:16:52"}
{"level":"info","message":"🍃 MongoDB Connected: localhost/zolvex_deepclean","service":"zolvex-backend","timestamp":"2026-07-30 10:17:03"}
{"level":"info","message":"🚀 Zolvex Enterprise Backend running in [development] on http://0.0.0.0:5002","service":"zolvex-backend","timestamp":"2026-07-30 10:17:03"}
{"level":"info","message":"📡 Health Check: http://localhost:5002/api/v1/health","service":"zolvex-backend","timestamp":"2026-07-30 10:17:03"}
{"level":"info","message":"📚 Swagger Docs: http://localhost:5002/api/v1/docs","service":"zolvex-backend","timestamp":"2026-07-30 10:17:03"}
{"level":"info","message":"🍃 MongoDB Connected: localhost/zolvex_deepclean","service":"zolvex-backend","timestamp":"2026-07-30 10:17:17"}
{"level":"info","message":"🚀 Zolvex Enterprise Backend running in [development] on http://0.0.0.0:5002","service":"zolvex-backend","timestamp":"2026-07-30 10:17:17"}
{"level":"info","message":"📡 Health Check: http://localhost:5002/api/v1/health","service":"zolvex-backend","timestamp":"2026-07-30 10:17:17"}
{"level":"info","message":"📚 Swagger Docs: http://localhost:5002/api/v1/docs","service":"zolvex-backend","timestamp":"2026-07-30 10:17:17"}
{"level":"info","message":"::ffff:127.0.0.1 - - [30/Jul/2026:04:47:25 +0000] \"GET /api/v1/health HTTP/1.1\" 200 327 \"-\" \"-\"","service":"zolvex-backend","timestamp":"2026-07-30 10:17:25"}
{"ip":"::ffff:127.0.0.1","level":"error","message":"[POST] /api/v1/auth/login - 401: Invalid email or password","service":"zolvex-backend","stack":"Error: Invalid email or password\n    at AuthService.login (/Users/rrejin/Downloads/zolvex-deepclean/server/src/services/authService.js:72:13)\n    at /Users/rrejin/Downloads/zolvex-deepclean/server/src/controllers/authController.js:23:18","timestamp":"2026-07-30 10:17:30"}
{"level":"info","message":"::ffff:127.0.0.1 - - [30/Jul/2026:04:47:30 +0000] \"POST /api/v1/auth/login HTTP/1.1\" 401 79 \"-\" \"-\"","service":"zolvex-backend","timestamp":"2026-07-30 10:17:30"}
{"level":"info","message":"::ffff:127.0.0.1 - - [30/Jul/2026:04:47:30 +0000] \"GET /api/v1/services HTTP/1.1\" 200 4915 \"-\" \"-\"","service":"zolvex-backend","timestamp":"2026-07-30 10:17:30"}
{"level":"info","message":"::ffff:127.0.0.1 - - [30/Jul/2026:04:47:30 +0000] \"GET /api/v1/services HTTP/1.1\" 200 4915 \"-\" \"-\"","service":"zolvex-backend","timestamp":"2026-07-30 10:17:30"}
{"level":"info","message":"::ffff:127.0.0.1 - - [30/Jul/2026:04:47:30 +0000] \"GET /api/v1/services/deep-cleaning HTTP/1.1\" 200 1217 \"-\" \"-\"","service":"zolvex-backend","timestamp":"2026-07-30 10:17:30"}
{"level":"info","message":"::ffff:127.0.0.1 - - [30/Jul/2026:04:47:30 +0000] \"POST /api/v1/price/calculate HTTP/1.1\" 200 209 \"-\" \"-\"","service":"zolvex-backend","timestamp":"2026-07-30 10:17:30"}
{"level":"info","message":"::ffff:127.0.0.1 - - [30/Jul/2026:04:47:30 +0000] \"POST /api/v1/bookings HTTP/1.1\" 201 747 \"-\" \"-\"","service":"zolvex-backend","timestamp":"2026-07-30 10:17:30"}
{"level":"info","message":"::ffff:127.0.0.1 - - [30/Jul/2026:04:47:30 +0000] \"GET /api/v1/bookings/track/ZLV-2026-5763 HTTP/1.1\" 200 743 \"-\" \"-\"","service":"zolvex-backend","timestamp":"2026-07-30 10:17:30"}
{"ip":"::ffff:127.0.0.1","level":"error","message":"[GET] /api/v1/admin/bookings - 401: Authentication required. Please log in.","service":"zolvex-backend","stack":"Error: Authentication required. Please log in.\n    at authenticate (/Users/rrejin/Downloads/zolvex-deepclean/server/src/middleware/auth.js:18:13)\n    at Layer.handle [as handle_request] (/Users/rrejin/Downloads/zolvex-deepclean/server/node_modules/express/lib/router/layer.js:95:5)\n    at next (/Users/rrejin/Downloads/zolvex-deepclean/server/node_modules/express/lib/router/route.js:149:13)\n    at Route.dispatch (/Users/rrejin/Downloads/zolvex-deepclean/server/node_modules/express/lib/router/route.js:119:3)\n    at Layer.handle [as handle_request] (/Users/rrejin/Downloads/zolvex-deepclean/server/node_modules/express/lib/router/layer.js:95:5)\n    at /Users/rrejin/Downloads/zolvex-deepclean/server/node_modules/express/lib/router/index.js:284:15\n    at router.process_params (/Users/rrejin/Downloads/zolvex-deepclean/server/node_modules/express/lib/router/index.js:346:12)\n    at next (/Users/rrejin/Downloads/zolvex-deepclean/server/node_modules/express/lib/router/index.js:280:10)\n    at router.handle (/Users/rrejin/Downloads/zolvex-deepclean/server/node_modules/express/lib/router/index.js:175:3)\n    at router (/Users/rrejin/Downloads/zolvex-deepclean/server/node_modules/express/lib/router/index.js:47:12)\n    at Layer.handle [as handle_request] (/Users/rrejin/Downloads/zolvex-deepclean/server/node_modules/express/lib/router/layer.js:95:5)\n    at trim_prefix (/Users/rrejin/Downloads/zolvex-deepclean/server/node_modules/express/lib/router/index.js:328:13)\n    at /Users/rrejin/Downloads/zolvex-deepclean/server/node_modules/express/lib/router/index.js:286:9\n    at router.process_params (/Users/rrejin/Downloads/zolvex-deepclean/server/node_modules/express/lib/router/index.js:346:12)\n    at next (/Users/rrejin/Downloads/zolvex-deepclean/server/node_modules/express/lib/router/index.js:280:10)\n    at /Users/rrejin/Downloads/zolvex-deepclean/server/node_modules/express/lib/router/index.js:646:15\n    at next (/Users/rrejin/Downloads/zolvex-deepclean/server/node_modules/express/lib/router/index.js:265:14)\n    at router.handle (/Users/rrejin/Downloads/zolvex-deepclean/server/node_modules/express/lib/router/index.js:175:3)\n    at router (/Users/rrejin/Downloads/zolvex-deepclean/server/node_modules/express/lib/router/index.js:47:12)\n    at Layer.handle [as handle_request] (/Users/rrejin/Downloads/zolvex-deepclean/server/node_modules/express/lib/router/layer.js:95:5)\n    at trim_prefix (/Users/rrejin/Downloads/zolvex-deepclean/server/node_modules/express/lib/router/index.js:328:13)\n    at /Users/rrejin/Downloads/zolvex-deepclean/server/node_modules/express/lib/router/index.js:286:9\n    at router.process_params (/Users/rrejin/Downloads/zolvex-deepclean/server/node_modules/express/lib/router/index.js:346:12)\n    at next (/Users/rrejin/Downloads/zolvex-deepclean/server/node_modules/express/lib/router/index.js:280:10)\n    at /Users/rrejin/Downloads/zolvex-deepclean/server/node_modules/express/lib/router/index.js:646:15\n    at next (/Users/rrejin/Downloads/zolvex-deepclean/server/node_modules/express/lib/router/index.js:265:14)\n    at router.handle (/Users/rrejin/Downloads/zolvex-deepclean/server/node_modules/express/lib/router/index.js:175:3)\n    at router (/Users/rrejin/Downloads/zolvex-deepclean/server/node_modules/express/lib/router/index.js:47:12)\n    at Layer.handle [as handle_request] (/Users/rrejin/Downloads/zolvex-deepclean/server/node_modules/express/lib/router/layer.js:95:5)\n    at trim_prefix (/Users/rrejin/Downloads/zolvex-deepclean/server/node_modules/express/lib/router/index.js:328:13)\n    at /Users/rrejin/Downloads/zolvex-deepclean/server/node_modules/express/lib/router/index.js:286:9\n    at router.process_params (/Users/rrejin/Downloads/zolvex-deepclean/server/node_modules/express/lib/router/index.js:346:12)\n    at next (/Users/rrejin/Downloads/zolvex-deepclean/server/node_modules/express/lib/router/index.js:280:10)\n    at /Users/rrejin/Downloads/zolvex-deepclean/server/node_modules/express/lib/router/index.js:646:15\n    at next (/Users/rrejin/Downloads/zolvex-deepclean/server/node_modules/express/lib/router/index.js:265:14)\n    at router.handle (/Users/rrejin/Downloads/zolvex-deepclean/server/node_modules/express/lib/router/index.js:175:3)\n    at router (/Users/rrejin/Downloads/zolvex-deepclean/server/node_modules/express/lib/router/index.js:47:12)\n    at Layer.handle [as handle_request] (/Users/rrejin/Downloads/zolvex-deepclean/server/node_modules/express/lib/router/layer.js:95:5)\n    at trim_prefix (/Users/rrejin/Downloads/zolvex-deepclean/server/node_modules/express/lib/router/index.js:328:13)\n    at /Users/rrejin/Downloads/zolvex-deepclean/server/node_modules/express/lib/router/index.js:286:9\n    at router.process_params (/Users/rrejin/Downloads/zolvex-deepclean/server/node_modules/express/lib/router/index.js:346:12)\n    at next (/Users/rrejin/Downloads/zolvex-deepclean/server/node_modules/express/lib/router/index.js:280:10)\n    at router.handle (/Users/rrejin/Downloads/zolvex-deepclean/server/node_modules/express/lib/router/index.js:175:3)\n    at router (/Users/rrejin/Downloads/zolvex-deepclean/server/node_modules/express/lib/router/index.js:47:12)\n    at Layer.handle [as handle_request] (/Users/rrejin/Downloads/zolvex-deepclean/server/node_modules/express/lib/router/layer.js:95:5)\n    at trim_prefix (/Users/rrejin/Downloads/zolvex-deepclean/server/node_modules/express/lib/router/index.js:328:13)\n    at /Users/rrejin/Downloads/zolvex-deepclean/server/node_modules/express/lib/router/index.js:286:9\n    at router.process_params (/Users/rrejin/Downloads/zolvex-deepclean/server/node_modules/express/lib/router/index.js:346:12)\n    at next (/Users/rrejin/Downloads/zolvex-deepclean/server/node_modules/express/lib/router/index.js:280:10)\n    at /Users/rrejin/Downloads/zolvex-deepclean/server/node_modules/express-rate-limit/dist/index.cjs:807:7\n    at processTicksAndRejections (node:internal/process/task_queues:104:5)\n    at /Users/rrejin/Downloads/zolvex-deepclean/server/node_modules/express-rate-limit/dist/index.cjs:691:5","timestamp":"2026-07-30 10:17:30"}
{"level":"info","message":"::ffff:127.0.0.1 - - [30/Jul/2026:04:47:30 +0000] \"GET /api/v1/admin/bookings HTTP/1.1\" 401 93 \"-\" \"-\"","service":"zolvex-backend","timestamp":"2026-07-30 10:17:30"}
{"ip":"::ffff:127.0.0.1","level":"error","message":"[GET] /api/v1/admin/services - 401: Authentication required. Please log in.","service":"zolvex-backend","stack":"Error: Authentication required. Please log in.\n    at authenticate (/Users/rrejin/Downloads/zolvex-deepclean/server/src/middleware/auth.js:18:13)\n    at Layer.handle [as handle_request] (/Users/rrejin/Downloads/zolvex-deepclean/server/node_modules/express/lib/router/layer.js:95:5)\n    at next (/Users/rrejin/Downloads/zolvex-deepclean/server/node_modules/express/lib/router/route.js:149:13)\n    at Route.dispatch (/Users/rrejin/Downloads/zolvex-deepclean/server/node_modules/express/lib/router/route.js:119:3)\n    at Layer.handle [as handle_request] (/Users/rrejin/Downloads/zolvex-deepclean/server/node_modules/express/lib/router/layer.js:95:5)\n    at /Users/rrejin/Downloads/zolvex-deepclean/server/node_modules/express/lib/router/index.js:284:15\n    at router.process_params (/Users/rrejin/Downloads/zolvex-deepclean/server/node_modules/express/lib/router/index.js:346:12)\n    at next (/Users/rrejin/Downloads/zolvex-deepclean/server/node_modules/express/lib/router/index.js:280:10)\n    at router.handle (/Users/rrejin/Downloads/zolvex-deepclean/server/node_modules/express/lib/router/index.js:175:3)\n    at router (/Users/rrejin/Downloads/zolvex-deepclean/server/node_modules/express/lib/router/index.js:47:12)\n    at Layer.handle [as handle_request] (/Users/rrejin/Downloads/zolvex-deepclean/server/node_modules/express/lib/router/layer.js:95:5)\n    at trim_prefix (/Users/rrejin/Downloads/zolvex-deepclean/server/node_modules/express/lib/router/index.js:328:13)\n    at /Users/rrejin/Downloads/zolvex-deepclean/server/node_modules/express/lib/router/index.js:286:9\n    at router.process_params (/Users/rrejin/Downloads/zolvex-deepclean/server/node_modules/express/lib/router/index.js:346:12)\n    at next (/Users/rrejin/Downloads/zolvex-deepclean/server/node_modules/express/lib/router/index.js:280:10)\n    at /Users/rrejin/Downloads/zolvex-deepclean/server/node_modules/express/lib/router/index.js:646:15\n    at next (/Users/rrejin/Downloads/zolvex-deepclean/server/node_modules/express/lib/router/index.js:265:14)\n    at router.handle (/Users/rrejin/Downloads/zolvex-deepclean/server/node_modules/express/lib/router/index.js:175:3)\n    at router (/Users/rrejin/Downloads/zolvex-deepclean/server/node_modules/express/lib/router/index.js:47:12)\n    at Layer.handle [as handle_request] (/Users/rrejin/Downloads/zolvex-deepclean/server/node_modules/express/lib/router/layer.js:95:5)\n    at trim_prefix (/Users/rrejin/Downloads/zolvex-deepclean/server/node_modules/express/lib/router/index.js:328:13)\n    at /Users/rrejin/Downloads/zolvex-deepclean/server/node_modules/express/lib/router/index.js:286:9\n    at router.process_params (/Users/rrejin/Downloads/zolvex-deepclean/server/node_modules/express/lib/router/index.js:346:12)\n    at next (/Users/rrejin/Downloads/zolvex-deepclean/server/node_modules/express/lib/router/index.js:280:10)\n    at router.handle (/Users/rrejin/Downloads/zolvex-deepclean/server/node_modules/express/lib/router/index.js:175:3)\n    at router (/Users/rrejin/Downloads/zolvex-deepclean/server/node_modules/express/lib/router/index.js:47:12)\n    at Layer.handle [as handle_request] (/Users/rrejin/Downloads/zolvex-deepclean/server/node_modules/express/lib/router/layer.js:95:5)\n    at trim_prefix (/Users/rrejin/Downloads/zolvex-deepclean/server/node_modules/express/lib/router/index.js:328:13)\n    at /Users/rrejin/Downloads/zolvex-deepclean/server/node_modules/express/lib/router/index.js:286:9\n    at router.process_params (/Users/rrejin/Downloads/zolvex-deepclean/server/node_modules/express/lib/router/index.js:346:12)\n    at next (/Users/rrejin/Downloads/zolvex-deepclean/server/node_modules/express/lib/router/index.js:280:10)\n    at /Users/rrejin/Downloads/zolvex-deepclean/server/node_modules/express-rate-limit/dist/index.cjs:807:7\n    at processTicksAndRejections (node:internal/process/task_queues:104:5)\n    at /Users/rrejin/Downloads/zolvex-deepclean/server/node_modules/express-rate-limit/dist/index.cjs:691:5","timestamp":"2026-07-30 10:17:30"}
{"level":"info","message":"::ffff:127.0.0.1 - - [30/Jul/2026:04:47:30 +0000] \"GET /api/v1/admin/services HTTP/1.1\" 401 93 \"-\" \"-\"","service":"zolvex-backend","timestamp":"2026-07-30 10:17:30"}
{"ip":"::ffff:127.0.0.1","level":"error","message":"[GET] /api/v1/admin/analytics - 401: Authentication required. Please log in.","service":"zolvex-backend","stack":"Error: Authentication required. Please log in.\n    at authenticate (/Users/rrejin/Downloads/zolvex-deepclean/server/src/middleware/auth.js:18:13)\n    at Layer.handle [as handle_request] (/Users/rrejin/Downloads/zolvex-deepclean/server/node_modules/express/lib/router/layer.js:95:5)\n    at trim_prefix (/Users/rrejin/Downloads/zolvex-deepclean/server/node_modules/express/lib/router/index.js:328:13)\n    at /Users/rrejin/Downloads/zolvex-deepclean/server/node_modules/express/lib/router/index.js:286:9\n    at router.process_params (/Users/rrejin/Downloads/zolvex-deepclean/server/node_modules/express/lib/router/index.js:346:12)\n    at next (/Users/rrejin/Downloads/zolvex-deepclean/server/node_modules/express/lib/router/index.js:280:10)\n    at router.handle (/Users/rrejin/Downloads/zolvex-deepclean/server/node_modules/express/lib/router/index.js:175:3)\n    at router (/Users/rrejin/Downloads/zolvex-deepclean/server/node_modules/express/lib/router/index.js:47:12)\n    at Layer.handle [as handle_request] (/Users/rrejin/Downloads/zolvex-deepclean/server/node_modules/express/lib/router/layer.js:95:5)\n    at trim_prefix (/Users/rrejin/Downloads/zolvex-deepclean/server/node_modules/express/lib/router/index.js:328:13)\n    at /Users/rrejin/Downloads/zolvex-deepclean/server/node_modules/express/lib/router/index.js:286:9\n    at router.process_params (/Users/rrejin/Downloads/zolvex-deepclean/server/node_modules/express/lib/router/index.js:346:12)\n    at next (/Users/rrejin/Downloads/zolvex-deepclean/server/node_modules/express/lib/router/index.js:280:10)\n    at /Users/rrejin/Downloads/zolvex-deepclean/server/node_modules/express/lib/router/index.js:646:15\n    at next (/Users/rrejin/Downloads/zolvex-deepclean/server/node_modules/express/lib/router/index.js:265:14)\n    at router.handle (/Users/rrejin/Downloads/zolvex-deepclean/server/node_modules/express/lib/router/index.js:175:3)\n    at router (/Users/rrejin/Downloads/zolvex-deepclean/server/node_modules/express/lib/router/index.js:47:12)\n    at Layer.handle [as handle_request] (/Users/rrejin/Downloads/zolvex-deepclean/server/node_modules/express/lib/router/layer.js:95:5)\n    at trim_prefix (/Users/rrejin/Downloads/zolvex-deepclean/server/node_modules/express/lib/router/index.js:328:13)\n    at /Users/rrejin/Downloads/zolvex-deepclean/server/node_modules/express/lib/router/index.js:286:9\n    at router.process_params (/Users/rrejin/Downloads/zolvex-deepclean/server/node_modules/express/lib/router/index.js:346:12)\n    at next (/Users/rrejin/Downloads/zolvex-deepclean/server/node_modules/express/lib/router/index.js:280:10)\n    at /Users/rrejin/Downloads/zolvex-deepclean/server/node_modules/express/lib/router/index.js:646:15\n    at next (/Users/rrejin/Downloads/zolvex-deepclean/server/node_modules/express/lib/router/index.js:265:14)\n    at router.handle (/Users/rrejin/Downloads/zolvex-deepclean/server/node_modules/express/lib/router/index.js:175:3)\n    at router (/Users/rrejin/Downloads/zolvex-deepclean/server/node_modules/express/lib/router/index.js:47:12)\n    at Layer.handle [as handle_request] (/Users/rrejin/Downloads/zolvex-deepclean/server/node_modules/express/lib/router/layer.js:95:5)\n    at trim_prefix (/Users/rrejin/Downloads/zolvex-deepclean/server/node_modules/express/lib/router/index.js:328:13)\n    at /Users/rrejin/Downloads/zolvex-deepclean/server/node_modules/express/lib/router/index.js:286:9\n    at router.process_params (/Users/rrejin/Downloads/zolvex-deepclean/server/node_modules/express/lib/router/index.js:346:12)\n    at next (/Users/rrejin/Downloads/zolvex-deepclean/server/node_modules/express/lib/router/index.js:280:10)\n    at /Users/rrejin/Downloads/zolvex-deepclean/server/node_modules/express/lib/router/index.js:646:15\n    at next (/Users/rrejin/Downloads/zolvex-deepclean/server/node_modules/express/lib/router/index.js:265:14)\n    at router.handle (/Users/rrejin/Downloads/zolvex-deepclean/server/node_modules/express/lib/router/index.js:175:3)\n    at router (/Users/rrejin/Downloads/zolvex-deepclean/server/node_modules/express/lib/router/index.js:47:12)\n    at Layer.handle [as handle_request] (/Users/rrejin/Downloads/zolvex-deepclean/server/node_modules/express/lib/router/layer.js:95:5)\n    at trim_prefix (/Users/rrejin/Downloads/zolvex-deepclean/server/node_modules/express/lib/router/index.js:328:13)\n    at /Users/rrejin/Downloads/zolvex-deepclean/server/node_modules/express/lib/router/index.js:286:9\n    at router.process_params (/Users/rrejin/Downloads/zolvex-deepclean/server/node_modules/express/lib/router/index.js:346:12)\n    at next (/Users/rrejin/Downloads/zolvex-deepclean/server/node_modules/express/lib/router/index.js:280:10)\n    at /Users/rrejin/Downloads/zolvex-deepclean/server/node_modules/express/lib/router/index.js:646:15\n    at next (/Users/rrejin/Downloads/zolvex-deepclean/server/node_modules/express/lib/router/index.js:265:14)\n    at router.handle (/Users/rrejin/Downloads/zolvex-deepclean/server/node_modules/express/lib/router/index.js:175:3)\n    at router (/Users/rrejin/Downloads/zolvex-deepclean/server/node_modules/express/lib/router/index.js:47:12)\n    at Layer.handle [as handle_request] (/Users/rrejin/Downloads/zolvex-deepclean/server/node_modules/express/lib/router/layer.js:95:5)\n    at trim_prefix (/Users/rrejin/Downloads/zolvex-deepclean/server/node_modules/express/lib/router/index.js:328:13)\n    at /Users/rrejin/Downloads/zolvex-deepclean/server/node_modules/express/lib/router/index.js:286:9\n    at router.process_params (/Users/rrejin/Downloads/zolvex-deepclean/server/node_modules/express/lib/router/index.js:346:12)\n    at next (/Users/rrejin/Downloads/zolvex-deepclean/server/node_modules/express/lib/router/index.js:280:10)\n    at router.handle (/Users/rrejin/Downloads/zolvex-deepclean/server/node_modules/express/lib/router/index.js:175:3)\n    at router (/Users/rrejin/Downloads/zolvex-deepclean/server/node_modules/express/lib/router/index.js:47:12)\n    at Layer.handle [as handle_request] (/Users/rrejin/Downloads/zolvex-deepclean/server/node_modules/express/lib/router/layer.js:95:5)\n    at trim_prefix (/Users/rrejin/Downloads/zolvex-deepclean/server/node_modules/express/lib/router/index.js:328:13)\n    at /Users/rrejin/Downloads/zolvex-deepclean/server/node_modules/express/lib/router/index.js:286:9\n    at router.process_params (/Users/rrejin/Downloads/zolvex-deepclean/server/node_modules/express/lib/router/index.js:346:12)\n    at next (/Users/rrejin/Downloads/zolvex-deepclean/server/node_modules/express/lib/router/index.js:280:10)\n    at /Users/rrejin/Downloads/zolvex-deepclean/server/node_modules/express-rate-limit/dist/index.cjs:807:7\n    at processTicksAndRejections (node:internal/process/task_queues:104:5)\n    at /Users/rrejin/Downloads/zolvex-deepclean/server/node_modules/express-rate-limit/dist/index.cjs:691:5","timestamp":"2026-07-30 10:17:30"}
{"level":"info","message":"::ffff:127.0.0.1 - - [30/Jul/2026:04:47:30 +0000] \"GET /api/v1/admin/analytics HTTP/1.1\" 401 93 \"-\" \"-\"","service":"zolvex-backend","timestamp":"2026-07-30 10:17:30"}
{"level":"info","message":"::ffff:127.0.0.1 - - [30/Jul/2026:04:47:30 +0000] \"GET /api/v1/admin/services HTTP/1.1\" 200 4913 \"-\" \"-\"","service":"zolvex-backend","timestamp":"2026-07-30 10:17:30"}
{"level":"info","message":"::ffff:127.0.0.1 - - [30/Jul/2026:04:47:35 +0000] \"POST /api/v1/auth/login HTTP/1.1\" 200 463 \"-\" \"-\"","service":"zolvex-backend","timestamp":"2026-07-30 10:17:35"}
{"level":"info","message":"🍃 MongoDB Connected: localhost/zolvex_deepclean","service":"zolvex-backend","timestamp":"2026-07-30 10:18:03"}
{"level":"info","message":"🚀 Zolvex Enterprise Backend running in [development] on http://0.0.0.0:5002","service":"zolvex-backend","timestamp":"2026-07-30 10:18:03"}
{"level":"info","message":"📡 Health Check: http://localhost:5002/api/v1/health","service":"zolvex-backend","timestamp":"2026-07-30 10:18:03"}
{"level":"info","message":"📚 Swagger Docs: http://localhost:5002/api/v1/docs","service":"zolvex-backend","timestamp":"2026-07-30 10:18:03"}
{"level":"info","message":"::ffff:127.0.0.1 - - [30/Jul/2026:04:48:12 +0000] \"GET /api/v1/health HTTP/1.1\" 200 327 \"-\" \"-\"","service":"zolvex-backend","timestamp":"2026-07-30 10:18:12"}
{"ip":"::ffff:127.0.0.1","level":"error","message":"[POST] /api/v1/auth/login - 401: Invalid email or password","service":"zolvex-backend","stack":"Error: Invalid email or password\n    at AuthService.login (/Users/rrejin/Downloads/zolvex-deepclean/server/src/services/authService.js:72:13)\n    at /Users/rrejin/Downloads/zolvex-deepclean/server/src/controllers/authController.js:23:18","timestamp":"2026-07-30 10:18:17"}
{"level":"info","message":"::ffff:127.0.0.1 - - [30/Jul/2026:04:48:17 +0000] \"POST /api/v1/auth/login HTTP/1.1\" 401 79 \"-\" \"-\"","service":"zolvex-backend","timestamp":"2026-07-30 10:18:17"}
{"level":"info","message":"::ffff:127.0.0.1 - - [30/Jul/2026:04:48:17 +0000] \"GET /api/v1/services HTTP/1.1\" 200 4915 \"-\" \"-\"","service":"zolvex-backend","timestamp":"2026-07-30 10:18:17"}
{"level":"info","message":"::ffff:127.0.0.1 - - [30/Jul/2026:04:48:17 +0000] \"GET /api/v1/services HTTP/1.1\" 200 4915 \"-\" \"-\"","service":"zolvex-backend","timestamp":"2026-07-30 10:18:17"}
{"level":"info","message":"::ffff:127.0.0.1 - - [30/Jul/2026:04:48:17 +0000] \"GET /api/v1/services/deep-cleaning HTTP/1.1\" 200 1217 \"-\" \"-\"","service":"zolvex-backend","timestamp":"2026-07-30 10:18:17"}
{"level":"info","message":"::ffff:127.0.0.1 - - [30/Jul/2026:04:48:17 +0000] \"POST /api/v1/price/calculate HTTP/1.1\" 200 209 \"-\" \"-\"","service":"zolvex-backend","timestamp":"2026-07-30 10:18:17"}
{"level":"info","message":"::ffff:127.0.0.1 - - [30/Jul/2026:04:48:17 +0000] \"POST /api/v1/bookings HTTP/1.1\" 201 747 \"-\" \"-\"","service":"zolvex-backend","timestamp":"2026-07-30 10:18:17"}
{"level":"info","message":"::ffff:127.0.0.1 - - [30/Jul/2026:04:48:17 +0000] \"GET /api/v1/bookings/track/ZLV-2026-7307 HTTP/1.1\" 200 743 \"-\" \"-\"","service":"zolvex-backend","timestamp":"2026-07-30 10:18:17"}
{"ip":"::ffff:127.0.0.1","level":"error","message":"[GET] /api/v1/admin/bookings - 401: Authentication required. Please log in.","service":"zolvex-backend","stack":"Error: Authentication required. Please log in.\n    at authenticate (/Users/rrejin/Downloads/zolvex-deepclean/server/src/middleware/auth.js:18:13)\n    at Layer.handle [as handle_request] (/Users/rrejin/Downloads/zolvex-deepclean/server/node_modules/express/lib/router/layer.js:95:5)\n    at next (/Users/rrejin/Downloads/zolvex-deepclean/server/node_modules/express/lib/router/route.js:149:13)\n    at Route.dispatch (/Users/rrejin/Downloads/zolvex-deepclean/server/node_modules/express/lib/router/route.js:119:3)\n    at Layer.handle [as handle_request] (/Users/rrejin/Downloads/zolvex-deepclean/server/node_modules/express/lib/router/layer.js:95:5)\n    at /Users/rrejin/Downloads/zolvex-deepclean/server/node_modules/express/lib/router/index.js:284:15\n    at router.process_params (/Users/rrejin/Downloads/zolvex-deepclean/server/node_modules/express/lib/router/index.js:346:12)\n    at next (/Users/rrejin/Downloads/zolvex-deepclean/server/node_modules/express/lib/router/index.js:280:10)\n    at router.handle (/Users/rrejin/Downloads/zolvex-deepclean/server/node_modules/express/lib/router/index.js:175:3)\n    at router (/Users/rrejin/Downloads/zolvex-deepclean/server/node_modules/express/lib/router/index.js:47:12)\n    at Layer.handle [as handle_request] (/Users/rrejin/Downloads/zolvex-deepclean/server/node_modules/express/lib/router/layer.js:95:5)\n    at trim_prefix (/Users/rrejin/Downloads/zolvex-deepclean/server/node_modules/express/lib/router/index.js:328:13)\n    at /Users/rrejin/Downloads/zolvex-deepclean/server/node_modules/express/lib/router/index.js:286:9\n    at router.process_params (/Users/rrejin/Downloads/zolvex-deepclean/server/node_modules/express/lib/router/index.js:346:12)\n    at next (/Users/rrejin/Downloads/zolvex-deepclean/server/node_modules/express/lib/router/index.js:280:10)\n    at /Users/rrejin/Downloads/zolvex-deepclean/server/node_modules/express/lib/router/index.js:646:15\n    at next (/Users/rrejin/Downloads/zolvex-deepclean/server/node_modules/express/lib/router/index.js:265:14)\n    at router.handle (/Users/rrejin/Downloads/zolvex-deepclean/server/node_modules/express/lib/router/index.js:175:3)\n    at router (/Users/rrejin/Downloads/zolvex-deepclean/server/node_modules/express/lib/router/index.js:47:12)\n    at Layer.handle [as handle_request] (/Users/rrejin/Downloads/zolvex-deepclean/server/node_modules/express/lib/router/layer.js:95:5)\n    at trim_prefix (/Users/rrejin/Downloads/zolvex-deepclean/server/node_modules/express/lib/router/index.js:328:13)\n    at /Users/rrejin/Downloads/zolvex-deepclean/server/node_modules/express/lib/router/index.js:286:9\n    at router.process_params (/Users/rrejin/Downloads/zolvex-deepclean/server/node_modules/express/lib/router/index.js:346:12)\n    at next (/Users/rrejin/Downloads/zolvex-deepclean/server/node_modules/express/lib/router/index.js:280:10)\n    at /Users/rrejin/Downloads/zolvex-deepclean/server/node_modules/express/lib/router/index.js:646:15\n    at next (/Users/rrejin/Downloads/zolvex-deepclean/server/node_modules/express/lib/router/index.js:265:14)\n    at router.handle (/Users/rrejin/Downloads/zolvex-deepclean/server/node_modules/express/lib/router/index.js:175:3)\n    at router (/Users/rrejin/Downloads/zolvex-deepclean/server/node_modules/express/lib/router/index.js:47:12)\n    at Layer.handle [as handle_request] (/Users/rrejin/Downloads/zolvex-deepclean/server/node_modules/express/lib/router/layer.js:95:5)\n    at trim_prefix (/Users/rrejin/Downloads/zolvex-deepclean/server/node_modules/express/lib/router/index.js:328:13)\n    at /Users/rrejin/Downloads/zolvex-deepclean/server/node_modules/express/lib/router/index.js:286:9\n    at router.process_params (/Users/rrejin/Downloads/zolvex-deepclean/server/node_modules/express/lib/router/index.js:346:12)\n    at next (/Users/rrejin/Downloads/zolvex-deepclean/server/node_modules/express/lib/router/index.js:280:10)\n    at /Users/rrejin/Downloads/zolvex-deepclean/server/node_modules/express/lib/router/index.js:646:15\n    at next (/Users/rrejin/Downloads/zolvex-deepclean/server/node_modules/express/lib/router/index.js:265:14)\n    at router.handle (/Users/rrejin/Downloads/zolvex-deepclean/server/node_modules/express/lib/router/index.js:175:3)\n    at router (/Users/rrejin/Downloads/zolvex-deepclean/server/node_modules/express/lib/router/index.js:47:12)\n    at Layer.handle [as handle_request] (/Users/rrejin/Downloads/zolvex-deepclean/server/node_modules/express/lib/router/layer.js:95:5)\n    at trim_prefix (/Users/rrejin/Downloads/zolvex-deepclean/server/node_modules/express/lib/router/index.js:328:13)\n    at /Users/rrejin/Downloads/zolvex-deepclean/server/node_modules/express/lib/router/index.js:286:9\n    at router.process_params (/Users/rrejin/Downloads/zolvex-deepclean/server/node_modules/express/lib/router/index.js:346:12)\n    at next (/Users/rrejin/Downloads/zolvex-deepclean/server/node_modules/express/lib/router/index.js:280:10)\n    at router.handle (/Users/rrejin/Downloads/zolvex-deepclean/server/node_modules/express/lib/router/index.js:175:3)\n    at router (/Users/rrejin/Downloads/zolvex-deepclean/server/node_modules/express/lib/router/index.js:47:12)\n    at Layer.handle [as handle_request] (/Users/rrejin/Downloads/zolvex-deepclean/server/node_modules/express/lib/router/layer.js:95:5)\n    at trim_prefix (/Users/rrejin/Downloads/zolvex-deepclean/server/node_modules/express/lib/router/index.js:328:13)\n    at /Users/rrejin/Downloads/zolvex-deepclean/server/node_modules/express/lib/router/index.js:286:9\n    at router.process_params (/Users/rrejin/Downloads/zolvex-deepclean/server/node_modules/express/lib/router/index.js:346:12)\n    at next (/Users/rrejin/Downloads/zolvex-deepclean/server/node_modules/express/lib/router/index.js:280:10)\n    at /Users/rrejin/Downloads/zolvex-deepclean/server/node_modules/express-rate-limit/dist/index.cjs:807:7\n    at processTicksAndRejections (node:internal/process/task_queues:104:5)\n    at /Users/rrejin/Downloads/zolvex-deepclean/server/node_modules/express-rate-limit/dist/index.cjs:691:5","timestamp":"2026-07-30 10:18:17"}
{"level":"info","message":"::ffff:127.0.0.1 - - [30/Jul/2026:04:48:17 +0000] \"GET /api/v1/admin/bookings HTTP/1.1\" 401 93 \"-\" \"-\"","service":"zolvex-backend","timestamp":"2026-07-30 10:18:17"}
{"ip":"::ffff:127.0.0.1","level":"error","message":"[GET] /api/v1/admin/services - 401: Authentication required. Please log in.","service":"zolvex-backend","stack":"Error: Authentication required. Please log in.\n    at authenticate (/Users/rrejin/Downloads/zolvex-deepclean/server/src/middleware/auth.js:18:13)\n    at Layer.handle [as handle_request] (/Users/rrejin/Downloads/zolvex-deepclean/server/node_modules/express/lib/router/layer.js:95:5)\n    at next (/Users/rrejin/Downloads/zolvex-deepclean/server/node_modules/express/lib/router/route.js:149:13)\n    at Route.dispatch (/Users/rrejin/Downloads/zolvex-deepclean/server/node_modules/express/lib/router/route.js:119:3)\n    at Layer.handle [as handle_request] (/Users/rrejin/Downloads/zolvex-deepclean/server/node_modules/express/lib/router/layer.js:95:5)\n    at /Users/rrejin/Downloads/zolvex-deepclean/server/node_modules/express/lib/router/index.js:284:15\n    at router.process_params (/Users/rrejin/Downloads/zolvex-deepclean/server/node_modules/express/lib/router/index.js:346:12)\n    at next (/Users/rrejin/Downloads/zolvex-deepclean/server/node_modules/express/lib/router/index.js:280:10)\n    at router.handle (/Users/rrejin/Downloads/zolvex-deepclean/server/node_modules/express/lib/router/index.js:175:3)\n    at router (/Users/rrejin/Downloads/zolvex-deepclean/server/node_modules/express/lib/router/index.js:47:12)\n    at Layer.handle [as handle_request] (/Users/rrejin/Downloads/zolvex-deepclean/server/node_modules/express/lib/router/layer.js:95:5)\n    at trim_prefix (/Users/rrejin/Downloads/zolvex-deepclean/server/node_modules/express/lib/router/index.js:328:13)\n    at /Users/rrejin/Downloads/zolvex-deepclean/server/node_modules/express/lib/router/index.js:286:9\n    at router.process_params (/Users/rrejin/Downloads/zolvex-deepclean/server/node_modules/express/lib/router/index.js:346:12)\n    at next (/Users/rrejin/Downloads/zolvex-deepclean/server/node_modules/express/lib/router/index.js:280:10)\n    at /Users/rrejin/Downloads/zolvex-deepclean/server/node_modules/express/lib/router/index.js:646:15\n    at next (/Users/rrejin/Downloads/zolvex-deepclean/server/node_modules/express/lib/router/index.js:265:14)\n    at router.handle (/Users/rrejin/Downloads/zolvex-deepclean/server/node_modules/express/lib/router/index.js:175:3)\n    at router (/Users/rrejin/Downloads/zolvex-deepclean/server/node_modules/express/lib/router/index.js:47:12)\n    at Layer.handle [as handle_request] (/Users/rrejin/Downloads/zolvex-deepclean/server/node_modules/express/lib/router/layer.js:95:5)\n    at trim_prefix (/Users/rrejin/Downloads/zolvex-deepclean/server/node_modules/express/lib/router/index.js:328:13)\n    at /Users/rrejin/Downloads/zolvex-deepclean/server/node_modules/express/lib/router/index.js:286:9\n    at router.process_params (/Users/rrejin/Downloads/zolvex-deepclean/server/node_modules/express/lib/router/index.js:346:12)\n    at next (/Users/rrejin/Downloads/zolvex-deepclean/server/node_modules/express/lib/router/index.js:280:10)\n    at router.handle (/Users/rrejin/Downloads/zolvex-deepclean/server/node_modules/express/lib/router/index.js:175:3)\n    at router (/Users/rrejin/Downloads/zolvex-deepclean/server/node_modules/express/lib/router/index.js:47:12)\n    at Layer.handle [as handle_request] (/Users/rrejin/Downloads/zolvex-deepclean/server/node_modules/express/lib/router/layer.js:95:5)\n    at trim_prefix (/Users/rrejin/Downloads/zolvex-deepclean/server/node_modules/express/lib/router/index.js:328:13)\n    at /Users/rrejin/Downloads/zolvex-deepclean/server/node_modules/express/lib/router/index.js:286:9\n    at router.process_params (/Users/rrejin/Downloads/zolvex-deepclean/server/node_modules/express/lib/router/index.js:346:12)\n    at next (/Users/rrejin/Downloads/zolvex-deepclean/server/node_modules/express/lib/router/index.js:280:10)\n    at /Users/rrejin/Downloads/zolvex-deepclean/server/node_modules/express-rate-limit/dist/index.cjs:807:7\n    at processTicksAndRejections (node:internal/process/task_queues:104:5)\n    at /Users/rrejin/Downloads/zolvex-deepclean/server/node_modules/express-rate-limit/dist/index.cjs:691:5","timestamp":"2026-07-30 10:18:17"}
{"level":"info","message":"::ffff:127.0.0.1 - - [30/Jul/2026:04:48:17 +0000] \"GET /api/v1/admin/services HTTP/1.1\" 401 93 \"-\" \"-\"","service":"zolvex-backend","timestamp":"2026-07-30 10:18:17"}
{"ip":"::ffff:127.0.0.1","level":"error","message":"[GET] /api/v1/admin/analytics - 401: Authentication required. Please log in.","service":"zolvex-backend","stack":"Error: Authentication required. Please log in.\n    at authenticate (/Users/rrejin/Downloads/zolvex-deepclean/server/src/middleware/auth.js:18:13)\n    at Layer.handle [as handle_request] (/Users/rrejin/Downloads/zolvex-deepclean/server/node_modules/express/lib/router/layer.js:95:5)\n    at trim_prefix (/Users/rrejin/Downloads/zolvex-deepclean/server/node_modules/express/lib/router/index.js:328:13)\n    at /Users/rrejin/Downloads/zolvex-deepclean/server/node_modules/express/lib/router/index.js:286:9\n    at router.process_params (/Users/rrejin/Downloads/zolvex-deepclean/server/node_modules/express/lib/router/index.js:346:12)\n    at next (/Users/rrejin/Downloads/zolvex-deepclean/server/node_modules/express/lib/router/index.js:280:10)\n    at router.handle (/Users/rrejin/Downloads/zolvex-deepclean/server/node_modules/express/lib/router/index.js:175:3)\n    at router (/Users/rrejin/Downloads/zolvex-deepclean/server/node_modules/express/lib/router/index.js:47:12)\n    at Layer.handle [as handle_request] (/Users/rrejin/Downloads/zolvex-deepclean/server/node_modules/express/lib/router/layer.js:95:5)\n    at trim_prefix (/Users/rrejin/Downloads/zolvex-deepclean/server/node_modules/express/lib/router/index.js:328:13)\n    at /Users/rrejin/Downloads/zolvex-deepclean/server/node_modules/express/lib/router/index.js:286:9\n    at router.process_params (/Users/rrejin/Downloads/zolvex-deepclean/server/node_modules/express/lib/router/index.js:346:12)\n    at next (/Users/rrejin/Downloads/zolvex-deepclean/server/node_modules/express/lib/router/index.js:280:10)\n    at /Users/rrejin/Downloads/zolvex-deepclean/server/node_modules/express/lib/router/index.js:646:15\n    at next (/Users/rrejin/Downloads/zolvex-deepclean/server/node_modules/express/lib/router/index.js:265:14)\n    at router.handle (/Users/rrejin/Downloads/zolvex-deepclean/server/node_modules/express/lib/router/index.js:175:3)\n    at router (/Users/rrejin/Downloads/zolvex-deepclean/server/node_modules/express/lib/router/index.js:47:12)\n    at Layer.handle [as handle_request] (/Users/rrejin/Downloads/zolvex-deepclean/server/node_modules/express/lib/router/layer.js:95:5)\n    at trim_prefix (/Users/rrejin/Downloads/zolvex-deepclean/server/node_modules/express/lib/router/index.js:328:13)\n    at /Users/rrejin/Downloads/zolvex-deepclean/server/node_modules/express/lib/router/index.js:286:9\n    at router.process_params (/Users/rrejin/Downloads/zolvex-deepclean/server/node_modules/express/lib/router/index.js:346:12)\n    at next (/Users/rrejin/Downloads/zolvex-deepclean/server/node_modules/express/lib/router/index.js:280:10)\n    at /Users/rrejin/Downloads/zolvex-deepclean/server/node_modules/express/lib/router/index.js:646:15\n    at next (/Users/rrejin/Downloads/zolvex-deepclean/server/node_modules/express/lib/router/index.js:265:14)\n    at router.handle (/Users/rrejin/Downloads/zolvex-deepclean/server/node_modules/express/lib/router/index.js:175:3)\n    at router (/Users/rrejin/Downloads/zolvex-deepclean/server/node_modules/express/lib/router/index.js:47:12)\n    at Layer.handle [as handle_request] (/Users/rrejin/Downloads/zolvex-deepclean/server/node_modules/express/lib/router/layer.js:95:5)\n    at trim_prefix (/Users/rrejin/Downloads/zolvex-deepclean/server/node_modules/express/lib/router/index.js:328:13)\n    at /Users/rrejin/Downloads/zolvex-deepclean/server/node_modules/express/lib/router/index.js:286:9\n    at router.process_params (/Users/rrejin/Downloads/zolvex-deepclean/server/node_modules/express/lib/router/index.js:346:12)\n    at next (/Users/rrejin/Downloads/zolvex-deepclean/server/node_modules/express/lib/router/index.js:280:10)\n    at /Users/rrejin/Downloads/zolvex-deepclean/server/node_modules/express/lib/router/index.js:646:15\n    at next (/Users/rrejin/Downloads/zolvex-deepclean/server/node_modules/express/lib/router/index.js:265:14)\n    at router.handle (/Users/rrejin/Downloads/zolvex-deepclean/server/node_modules/express/lib/router/index.js:175:3)\n    at router (/Users/rrejin/Downloads/zolvex-deepclean/server/node_modules/express/lib/router/index.js:47:12)\n    at Layer.handle [as handle_request] (/Users/rrejin/Downloads/zolvex-deepclean/server/node_modules/express/lib/router/layer.js:95:5)\n    at trim_prefix (/Users/rrejin/Downloads/zolvex-deepclean/server/node_modules/express/lib/router/index.js:328:13)\n    at /Users/rrejin/Downloads/zolvex-deepclean/server/node_modules/express/lib/router/index.js:286:9\n    at router.process_params (/Users/rrejin/Downloads/zolvex-deepclean/server/node_modules/express/lib/router/index.js:346:12)\n    at next (/Users/rrejin/Downloads/zolvex-deepclean/server/node_modules/express/lib/router/index.js:280:10)\n    at /Users/rrejin/Downloads/zolvex-deepclean/server/node_modules/express/lib/router/index.js:646:15\n    at next (/Users/rrejin/Downloads/zolvex-deepclean/server/node_modules/express/lib/router/index.js:265:14)\n    at router.handle (/Users/rrejin/Downloads/zolvex-deepclean/server/node_modules/express/lib/router/index.js:175:3)\n    at router (/Users/rrejin/Downloads/zolvex-deepclean/server/node_modules/express/lib/router/index.js:47:12)\n    at Layer.handle [as handle_request] (/Users/rrejin/Downloads/zolvex-deepclean/server/node_modules/express/lib/router/layer.js:95:5)\n    at trim_prefix (/Users/rrejin/Downloads/zolvex-deepclean/server/node_modules/express/lib/router/index.js:328:13)\n    at /Users/rrejin/Downloads/zolvex-deepclean/server/node_modules/express/lib/router/index.js:286:9\n    at router.process_params (/Users/rrejin/Downloads/zolvex-deepclean/server/node_modules/express/lib/router/index.js:346:12)\n    at next (/Users/rrejin/Downloads/zolvex-deepclean/server/node_modules/express/lib/router/index.js:280:10)\n    at router.handle (/Users/rrejin/Downloads/zolvex-deepclean/server/node_modules/express/lib/router/index.js:175:3)\n    at router (/Users/rrejin/Downloads/zolvex-deepclean/server/node_modules/express/lib/router/index.js:47:12)\n    at Layer.handle [as handle_request] (/Users/rrejin/Downloads/zolvex-deepclean/server/node_modules/express/lib/router/layer.js:95:5)\n    at trim_prefix (/Users/rrejin/Downloads/zolvex-deepclean/server/node_modules/express/lib/router/index.js:328:13)\n    at /Users/rrejin/Downloads/zolvex-deepclean/server/node_modules/express/lib/router/index.js:286:9\n    at router.process_params (/Users/rrejin/Downloads/zolvex-deepclean/server/node_modules/express/lib/router/index.js:346:12)\n    at next (/Users/rrejin/Downloads/zolvex-deepclean/server/node_modules/express/lib/router/index.js:280:10)\n    at /Users/rrejin/Downloads/zolvex-deepclean/server/node_modules/express-rate-limit/dist/index.cjs:807:7\n    at processTicksAndRejections (node:internal/process/task_queues:104:5)\n    at /Users/rrejin/Downloads/zolvex-deepclean/server/node_modules/express-rate-limit/dist/index.cjs:691:5","timestamp":"2026-07-30 10:18:17"}
{"level":"info","message":"::ffff:127.0.0.1 - - [30/Jul/2026:04:48:17 +0000] \"GET /api/v1/admin/analytics HTTP/1.1\" 401 93 \"-\" \"-\"","service":"zolvex-backend","timestamp":"2026-07-30 10:18:17"}
{"level":"info","message":"::ffff:127.0.0.1 - - [30/Jul/2026:04:48:17 +0000] \"GET /api/v1/admin/services HTTP/1.1\" 200 4913 \"-\" \"-\"","service":"zolvex-backend","timestamp":"2026-07-30 10:18:17"}
{"level":"info","message":"::ffff:127.0.0.1 - - [30/Jul/2026:04:48:22 +0000] \"POST /api/v1/auth/login HTTP/1.1\" 200 463 \"-\" \"-\"","service":"zolvex-backend","timestamp":"2026-07-30 10:18:22"}
{"level":"info","message":"🍃 MongoDB Connected: localhost/zolvex_deepclean","service":"zolvex-backend","timestamp":"2026-07-30 10:18:29"}
{"level":"info","message":"🚀 Zolvex Enterprise Backend running in [development] on http://0.0.0.0:5002","service":"zolvex-backend","timestamp":"2026-07-30 10:18:29"}
{"level":"info","message":"📡 Health Check: http://localhost:5002/api/v1/health","service":"zolvex-backend","timestamp":"2026-07-30 10:18:29"}
{"level":"info","message":"📚 Swagger Docs: http://localhost:5002/api/v1/docs","service":"zolvex-backend","timestamp":"2026-07-30 10:18:29"}
{"level":"info","message":"::ffff:127.0.0.1 - - [30/Jul/2026:04:49:13 +0000] \"GET /api/v1/health HTTP/1.1\" 200 326 \"-\" \"-\"","service":"zolvex-backend","timestamp":"2026-07-30 10:19:13"}
{"ip":"::ffff:127.0.0.1","level":"error","message":"[POST] /api/v1/auth/login - 401: Invalid email or password","service":"zolvex-backend","stack":"Error: Invalid email or password\n    at AuthService.login (/Users/rrejin/Downloads/zolvex-deepclean/server/src/services/authService.js:72:13)\n    at /Users/rrejin/Downloads/zolvex-deepclean/server/src/controllers/authController.js:23:18","timestamp":"2026-07-30 10:19:23"}
{"level":"info","message":"::ffff:127.0.0.1 - - [30/Jul/2026:04:49:23 +0000] \"POST /api/v1/auth/login HTTP/1.1\" 401 79 \"-\" \"-\"","service":"zolvex-backend","timestamp":"2026-07-30 10:19:23"}
{"level":"info","message":"::ffff:127.0.0.1 - - [30/Jul/2026:04:49:23 +0000] \"GET /api/v1/services HTTP/1.1\" 200 4915 \"-\" \"-\"","service":"zolvex-backend","timestamp":"2026-07-30 10:19:23"}
{"level":"info","message":"::ffff:127.0.0.1 - - [30/Jul/2026:04:49:23 +0000] \"POST /api/v1/auth/login HTTP/1.1\" 200 463 \"-\" \"-\"","service":"zolvex-backend","timestamp":"2026-07-30 10:19:23"}
{"level":"info","message":"::ffff:127.0.0.1 - - [30/Jul/2026:04:49:23 +0000] \"GET /api/v1/services HTTP/1.1\" 200 4915 \"-\" \"-\"","service":"zolvex-backend","timestamp":"2026-07-30 10:19:23"}
{"level":"info","message":"::ffff:127.0.0.1 - - [30/Jul/2026:04:49:23 +0000] \"GET /api/v1/services/deep-cleaning HTTP/1.1\" 200 1217 \"-\" \"-\"","service":"zolvex-backend","timestamp":"2026-07-30 10:19:23"}
{"level":"info","message":"::ffff:127.0.0.1 - - [30/Jul/2026:04:49:23 +0000] \"POST /api/v1/price/calculate HTTP/1.1\" 200 209 \"-\" \"-\"","service":"zolvex-backend","timestamp":"2026-07-30 10:19:23"}
{"level":"info","message":"::ffff:127.0.0.1 - - [30/Jul/2026:04:49:23 +0000] \"POST /api/v1/bookings HTTP/1.1\" 201 747 \"-\" \"-\"","service":"zolvex-backend","timestamp":"2026-07-30 10:19:23"}
{"level":"info","message":"::ffff:127.0.0.1 - - [30/Jul/2026:04:49:23 +0000] \"GET /api/v1/bookings/track/ZLV-2026-4762 HTTP/1.1\" 200 743 \"-\" \"-\"","service":"zolvex-backend","timestamp":"2026-07-30 10:19:23"}
{"ip":"::ffff:127.0.0.1","level":"error","message":"[GET] /api/v1/admin/bookings - 401: Authentication required. Please log in.","service":"zolvex-backend","stack":"Error: Authentication required. Please log in.\n    at authenticate (/Users/rrejin/Downloads/zolvex-deepclean/server/src/middleware/auth.js:18:13)\n    at Layer.handle [as handle_request] (/Users/rrejin/Downloads/zolvex-deepclean/server/node_modules/express/lib/router/layer.js:95:5)\n    at next (/Users/rrejin/Downloads/zolvex-deepclean/server/node_modules/express/lib/router/route.js:149:13)\n    at Route.dispatch (/Users/rrejin/Downloads/zolvex-deepclean/server/node_modules/express/lib/router/route.js:119:3)\n    at Layer.handle [as handle_request] (/Users/rrejin/Downloads/zolvex-deepclean/server/node_modules/express/lib/router/layer.js:95:5)\n    at /Users/rrejin/Downloads/zolvex-deepclean/server/node_modules/express/lib/router/index.js:284:15\n    at router.process_params (/Users/rrejin/Downloads/zolvex-deepclean/server/node_modules/express/lib/router/index.js:346:12)\n    at next (/Users/rrejin/Downloads/zolvex-deepclean/server/node_modules/express/lib/router/index.js:280:10)\n    at router.handle (/Users/rrejin/Downloads/zolvex-deepclean/server/node_modules/express/lib/router/index.js:175:3)\n    at router (/Users/rrejin/Downloads/zolvex-deepclean/server/node_modules/express/lib/router/index.js:47:12)\n    at Layer.handle [as handle_request] (/Users/rrejin/Downloads/zolvex-deepclean/server/node_modules/express/lib/router/layer.js:95:5)\n    at trim_prefix (/Users/rrejin/Downloads/zolvex-deepclean/server/node_modules/express/lib/router/index.js:328:13)\n    at /Users/rrejin/Downloads/zolvex-deepclean/server/node_modules/express/lib/router/index.js:286:9\n    at router.process_params (/Users/rrejin/Downloads/zolvex-deepclean/server/node_modules/express/lib/router/index.js:346:12)\n    at next (/Users/rrejin/Downloads/zolvex-deepclean/server/node_modules/express/lib/router/index.js:280:10)\n    at /Users/rrejin/Downloads/zolvex-deepclean/server/node_modules/express/lib/router/index.js:646:15\n    at next (/Users/rrejin/Downloads/zolvex-deepclean/server/node_modules/express/lib/router/index.js:265:14)\n    at router.handle (/Users/rrejin/Downloads/zolvex-deepclean/server/node_modules/express/lib/router/index.js:175:3)\n    at router (/Users/rrejin/Downloads/zolvex-deepclean/server/node_modules/express/lib/router/index.js:47:12)\n    at Layer.handle [as handle_request] (/Users/rrejin/Downloads/zolvex-deepclean/server/node_modules/express/lib/router/layer.js:95:5)\n    at trim_prefix (/Users/rrejin/Downloads/zolvex-deepclean/server/node_modules/express/lib/router/index.js:328:13)\n    at /Users/rrejin/Downloads/zolvex-deepclean/server/node_modules/express/lib/router/index.js:286:9\n    at router.process_params (/Users/rrejin/Downloads/zolvex-deepclean/server/node_modules/express/lib/router/index.js:346:12)\n    at next (/Users/rrejin/Downloads/zolvex-deepclean/server/node_modules/express/lib/router/index.js:280:10)\n    at /Users/rrejin/Downloads/zolvex-deepclean/server/node_modules/express/lib/router/index.js:646:15\n    at next (/Users/rrejin/Downloads/zolvex-deepclean/server/node_modules/express/lib/router/index.js:265:14)\n    at router.handle (/Users/rrejin/Downloads/zolvex-deepclean/server/node_modules/express/lib/router/index.js:175:3)\n    at router (/Users/rrejin/Downloads/zolvex-deepclean/server/node_modules/express/lib/router/index.js:47:12)\n    at Layer.handle [as handle_request] (/Users/rrejin/Downloads/zolvex-deepclean/server/node_modules/express/lib/router/layer.js:95:5)\n    at trim_prefix (/Users/rrejin/Downloads/zolvex-deepclean/server/node_modules/express/lib/router/index.js:328:13)\n    at /Users/rrejin/Downloads/zolvex-deepclean/server/node_modules/express/lib/router/index.js:286:9\n    at router.process_params (/Users/rrejin/Downloads/zolvex-deepclean/server/node_modules/express/lib/router/index.js:346:12)\n    at next (/Users/rrejin/Downloads/zolvex-deepclean/server/node_modules/express/lib/router/index.js:280:10)\n    at /Users/rrejin/Downloads/zolvex-deepclean/server/node_modules/express/lib/router/index.js:646:15\n    at next (/Users/rrejin/Downloads/zolvex-deepclean/server/node_modules/express/lib/router/index.js:265:14)\n    at router.handle (/Users/rrejin/Downloads/zolvex-deepclean/server/node_modules/express/lib/router/index.js:175:3)\n    at router (/Users/rrejin/Downloads/zolvex-deepclean/server/node_modules/express/lib/router/index.js:47:12)\n    at Layer.handle [as handle_request] (/Users/rrejin/Downloads/zolvex-deepclean/server/node_modules/express/lib/router/layer.js:95:5)\n    at trim_prefix (/Users/rrejin/Downloads/zolvex-deepclean/server/node_modules/express/lib/router/index.js:328:13)\n    at /Users/rrejin/Downloads/zolvex-deepclean/server/node_modules/express/lib/router/index.js:286:9\n    at router.process_params (/Users/rrejin/Downloads/zolvex-deepclean/server/node_modules/express/lib/router/index.js:346:12)\n    at next (/Users/rrejin/Downloads/zolvex-deepclean/server/node_modules/express/lib/router/index.js:280:10)\n    at router.handle (/Users/rrejin/Downloads/zolvex-deepclean/server/node_modules/express/lib/router/index.js:175:3)\n    at router (/Users/rrejin/Downloads/zolvex-deepclean/server/node_modules/express/lib/router/index.js:47:12)\n    at Layer.handle [as handle_request] (/Users/rrejin/Downloads/zolvex-deepclean/server/node_modules/express/lib/router/layer.js:95:5)\n    at trim_prefix (/Users/rrejin/Downloads/zolvex-deepclean/server/node_modules/express/lib/router/index.js:328:13)\n    at /Users/rrejin/Downloads/zolvex-deepclean/server/node_modules/express/lib/router/index.js:286:9\n    at router.process_params (/Users/rrejin/Downloads/zolvex-deepclean/server/node_modules/express/lib/router/index.js:346:12)\n    at next (/Users/rrejin/Downloads/zolvex-deepclean/server/node_modules/express/lib/router/index.js:280:10)\n    at /Users/rrejin/Downloads/zolvex-deepclean/server/node_modules/express-rate-limit/dist/index.cjs:807:7\n    at processTicksAndRejections (node:internal/process/task_queues:104:5)\n    at /Users/rrejin/Downloads/zolvex-deepclean/server/node_modules/express-rate-limit/dist/index.cjs:691:5","timestamp":"2026-07-30 10:19:23"}
{"level":"info","message":"::ffff:127.0.0.1 - - [30/Jul/2026:04:49:23 +0000] \"GET /api/v1/admin/bookings HTTP/1.1\" 401 93 \"-\" \"-\"","service":"zolvex-backend","timestamp":"2026-07-30 10:19:23"}
{"ip":"::ffff:127.0.0.1","level":"error","message":"[GET] /api/v1/admin/services - 401: Authentication required. Please log in.","service":"zolvex-backend","stack":"Error: Authentication required. Please log in.\n    at authenticate (/Users/rrejin/Downloads/zolvex-deepclean/server/src/middleware/auth.js:18:13)\n    at Layer.handle [as handle_request] (/Users/rrejin/Downloads/zolvex-deepclean/server/node_modules/express/lib/router/layer.js:95:5)\n    at next (/Users/rrejin/Downloads/zolvex-deepclean/server/node_modules/express/lib/router/route.js:149:13)\n    at Route.dispatch (/Users/rrejin/Downloads/zolvex-deepclean/server/node_modules/express/lib/router/route.js:119:3)\n    at Layer.handle [as handle_request] (/Users/rrejin/Downloads/zolvex-deepclean/server/node_modules/express/lib/router/layer.js:95:5)\n    at /Users/rrejin/Downloads/zolvex-deepclean/server/node_modules/express/lib/router/index.js:284:15\n    at router.process_params (/Users/rrejin/Downloads/zolvex-deepclean/server/node_modules/express/lib/router/index.js:346:12)\n    at next (/Users/rrejin/Downloads/zolvex-deepclean/server/node_modules/express/lib/router/index.js:280:10)\n    at router.handle (/Users/rrejin/Downloads/zolvex-deepclean/server/node_modules/express/lib/router/index.js:175:3)\n    at router (/Users/rrejin/Downloads/zolvex-deepclean/server/node_modules/express/lib/router/index.js:47:12)\n    at Layer.handle [as handle_request] (/Users/rrejin/Downloads/zolvex-deepclean/server/node_modules/express/lib/router/layer.js:95:5)\n    at trim_prefix (/Users/rrejin/Downloads/zolvex-deepclean/server/node_modules/express/lib/router/index.js:328:13)\n    at /Users/rrejin/Downloads/zolvex-deepclean/server/node_modules/express/lib/router/index.js:286:9\n    at router.process_params (/Users/rrejin/Downloads/zolvex-deepclean/server/node_modules/express/lib/router/index.js:346:12)\n    at next (/Users/rrejin/Downloads/zolvex-deepclean/server/node_modules/express/lib/router/index.js:280:10)\n    at /Users/rrejin/Downloads/zolvex-deepclean/server/node_modules/express/lib/router/index.js:646:15\n    at next (/Users/rrejin/Downloads/zolvex-deepclean/server/node_modules/express/lib/router/index.js:265:14)\n    at router.handle (/Users/rrejin/Downloads/zolvex-deepclean/server/node_modules/express/lib/router/index.js:175:3)\n    at router (/Users/rrejin/Downloads/zolvex-deepclean/server/node_modules/express/lib/router/index.js:47:12)\n    at Layer.handle [as handle_request] (/Users/rrejin/Downloads/zolvex-deepclean/server/node_modules/express/lib/router/layer.js:95:5)\n    at trim_prefix (/Users/rrejin/Downloads/zolvex-deepclean/server/node_modules/express/lib/router/index.js:328:13)\n    at /Users/rrejin/Downloads/zolvex-deepclean/server/node_modules/express/lib/router/index.js:286:9\n    at router.process_params (/Users/rrejin/Downloads/zolvex-deepclean/server/node_modules/express/lib/router/index.js:346:12)\n    at next (/Users/rrejin/Downloads/zolvex-deepclean/server/node_modules/express/lib/router/index.js:280:10)\n    at router.handle (/Users/rrejin/Downloads/zolvex-deepclean/server/node_modules/express/lib/router/index.js:175:3)\n    at router (/Users/rrejin/Downloads/zolvex-deepclean/server/node_modules/express/lib/router/index.js:47:12)\n    at Layer.handle [as handle_request] (/Users/rrejin/Downloads/zolvex-deepclean/server/node_modules/express/lib/router/layer.js:95:5)\n    at trim_prefix (/Users/rrejin/Downloads/zolvex-deepclean/server/node_modules/express/lib/router/index.js:328:13)\n    at /Users/rrejin/Downloads/zolvex-deepclean/server/node_modules/express/lib/router/index.js:286:9\n    at router.process_params (/Users/rrejin/Downloads/zolvex-deepclean/server/node_modules/express/lib/router/index.js:346:12)\n    at next (/Users/rrejin/Downloads/zolvex-deepclean/server/node_modules/express/lib/router/index.js:280:10)\n    at /Users/rrejin/Downloads/zolvex-deepclean/server/node_modules/express-rate-limit/dist/index.cjs:807:7\n    at processTicksAndRejections (node:internal/process/task_queues:104:5)\n    at /Users/rrejin/Downloads/zolvex-deepclean/server/node_modules/express-rate-limit/dist/index.cjs:691:5","timestamp":"2026-07-30 10:19:23"}
{"level":"info","message":"::ffff:127.0.0.1 - - [30/Jul/2026:04:49:23 +0000] \"GET /api/v1/admin/services HTTP/1.1\" 401 93 \"-\" \"-\"","service":"zolvex-backend","timestamp":"2026-07-30 10:19:23"}
{"ip":"::ffff:127.0.0.1","level":"error","message":"[GET] /api/v1/admin/analytics - 401: Authentication required. Please log in.","service":"zolvex-backend","stack":"Error: Authentication required. Please log in.\n    at authenticate (/Users/rrejin/Downloads/zolvex-deepclean/server/src/middleware/auth.js:18:13)\n    at Layer.handle [as handle_request] (/Users/rrejin/Downloads/zolvex-deepclean/server/node_modules/express/lib/router/layer.js:95:5)\n    at trim_prefix (/Users/rrejin/Downloads/zolvex-deepclean/server/node_modules/express/lib/router/index.js:328:13)\n    at /Users/rrejin/Downloads/zolvex-deepclean/server/node_modules/express/lib/router/index.js:286:9\n    at router.process_params (/Users/rrejin/Downloads/zolvex-deepclean/server/node_modules/express/lib/router/index.js:346:12)\n    at next (/Users/rrejin/Downloads/zolvex-deepclean/server/node_modules/express/lib/router/index.js:280:10)\n    at router.handle (/Users/rrejin/Downloads/zolvex-deepclean/server/node_modules/express/lib/router/index.js:175:3)\n    at router (/Users/rrejin/Downloads/zolvex-deepclean/server/node_modules/express/lib/router/index.js:47:12)\n    at Layer.handle [as handle_request] (/Users/rrejin/Downloads/zolvex-deepclean/server/node_modules/express/lib/router/layer.js:95:5)\n    at trim_prefix (/Users/rrejin/Downloads/zolvex-deepclean/server/node_modules/express/lib/router/index.js:328:13)\n    at /Users/rrejin/Downloads/zolvex-deepclean/server/node_modules/express/lib/router/index.js:286:9\n    at router.process_params (/Users/rrejin/Downloads/zolvex-deepclean/server/node_modules/express/lib/router/index.js:346:12)\n    at next (/Users/rrejin/Downloads/zolvex-deepclean/server/node_modules/express/lib/router/index.js:280:10)\n    at /Users/rrejin/Downloads/zolvex-deepclean/server/node_modules/express/lib/router/index.js:646:15\n    at next (/Users/rrejin/Downloads/zolvex-deepclean/server/node_modules/express/lib/router/index.js:265:14)\n    at router.handle (/Users/rrejin/Downloads/zolvex-deepclean/server/node_modules/express/lib/router/index.js:175:3)\n    at router (/Users/rrejin/Downloads/zolvex-deepclean/server/node_modules/express/lib/router/index.js:47:12)\n    at Layer.handle [as handle_request] (/Users/rrejin/Downloads/zolvex-deepclean/server/node_modules/express/lib/router/layer.js:95:5)\n    at trim_prefix (/Users/rrejin/Downloads/zolvex-deepclean/server/node_modules/express/lib/router/index.js:328:13)\n    at /Users/rrejin/Downloads/zolvex-deepclean/server/node_modules/express/lib/router/index.js:286:9\n    at router.process_params (/Users/rrejin/Downloads/zolvex-deepclean/server/node_modules/express/lib/router/index.js:346:12)\n    at next (/Users/rrejin/Downloads/zolvex-deepclean/server/node_modules/express/lib/router/index.js:280:10)\n    at /Users/rrejin/Downloads/zolvex-deepclean/server/node_modules/express/lib/router/index.js:646:15\n    at next (/Users/rrejin/Downloads/zolvex-deepclean/server/node_modules/express/lib/router/index.js:265:14)\n    at router.handle (/Users/rrejin/Downloads/zolvex-deepclean/server/node_modules/express/lib/router/index.js:175:3)\n    at router (/Users/rrejin/Downloads/zolvex-deepclean/server/node_modules/express/lib/router/index.js:47:12)\n    at Layer.handle [as handle_request] (/Users/rrejin/Downloads/zolvex-deepclean/server/node_modules/express/lib/router/layer.js:95:5)\n    at trim_prefix (/Users/rrejin/Downloads/zolvex-deepclean/server/node_modules/express/lib/router/index.js:328:13)\n    at /Users/rrejin/Downloads/zolvex-deepclean/server/node_modules/express/lib/router/index.js:286:9\n    at router.process_params (/Users/rrejin/Downloads/zolvex-deepclean/server/node_modules/express/lib/router/index.js:346:12)\n    at next (/Users/rrejin/Downloads/zolvex-deepclean/server/node_modules/express/lib/router/index.js:280:10)\n    at /Users/rrejin/Downloads/zolvex-deepclean/server/node_modules/express/lib/router/index.js:646:15\n    at next (/Users/rrejin/Downloads/zolvex-deepclean/server/node_modules/express/lib/router/index.js:265:14)\n    at router.handle (/Users/rrejin/Downloads/zolvex-deepclean/server/node_modules/express/lib/router/index.js:175:3)\n    at router (/Users/rrejin/Downloads/zolvex-deepclean/server/node_modules/express/lib/router/index.js:47:12)\n    at Layer.handle [as handle_request] (/Users/rrejin/Downloads/zolvex-deepclean/server/node_modules/express/lib/router/layer.js:95:5)\n    at trim_prefix (/Users/rrejin/Downloads/zolvex-deepclean/server/node_modules/express/lib/router/index.js:328:13)\n    at /Users/rrejin/Downloads/zolvex-deepclean/server/node_modules/express/lib/router/index.js:286:9\n    at router.process_params (/Users/rrejin/Downloads/zolvex-deepclean/server/node_modules/express/lib/router/index.js:346:12)\n    at next (/Users/rrejin/Downloads/zolvex-deepclean/server/node_modules/express/lib/router/index.js:280:10)\n    at /Users/rrejin/Downloads/zolvex-deepclean/server/node_modules/express/lib/router/index.js:646:15\n    at next (/Users/rrejin/Downloads/zolvex-deepclean/server/node_modules/express/lib/router/index.js:265:14)\n    at router.handle (/Users/rrejin/Downloads/zolvex-deepclean/server/node_modules/express/lib/router/index.js:175:3)\n    at router (/Users/rrejin/Downloads/zolvex-deepclean/server/node_modules/express/lib/router/index.js:47:12)\n    at Layer.handle [as handle_request] (/Users/rrejin/Downloads/zolvex-deepclean/server/node_modules/express/lib/router/layer.js:95:5)\n    at trim_prefix (/Users/rrejin/Downloads/zolvex-deepclean/server/node_modules/express/lib/router/index.js:328:13)\n    at /Users/rrejin/Downloads/zolvex-deepclean/server/node_modules/express/lib/router/index.js:286:9\n    at router.process_params (/Users/rrejin/Downloads/zolvex-deepclean/server/node_modules/express/lib/router/index.js:346:12)\n    at next (/Users/rrejin/Downloads/zolvex-deepclean/server/node_modules/express/lib/router/index.js:280:10)\n    at router.handle (/Users/rrejin/Downloads/zolvex-deepclean/server/node_modules/express/lib/router/index.js:175:3)\n    at router (/Users/rrejin/Downloads/zolvex-deepclean/server/node_modules/express/lib/router/index.js:47:12)\n    at Layer.handle [as handle_request] (/Users/rrejin/Downloads/zolvex-deepclean/server/node_modules/express/lib/router/layer.js:95:5)\n    at trim_prefix (/Users/rrejin/Downloads/zolvex-deepclean/server/node_modules/express/lib/router/index.js:328:13)\n    at /Users/rrejin/Downloads/zolvex-deepclean/server/node_modules/express/lib/router/index.js:286:9\n    at router.process_params (/Users/rrejin/Downloads/zolvex-deepclean/server/node_modules/express/lib/router/index.js:346:12)\n    at next (/Users/rrejin/Downloads/zolvex-deepclean/server/node_modules/express/lib/router/index.js:280:10)\n    at /Users/rrejin/Downloads/zolvex-deepclean/server/node_modules/express-rate-limit/dist/index.cjs:807:7\n    at processTicksAndRejections (node:internal/process/task_queues:104:5)\n    at /Users/rrejin/Downloads/zolvex-deepclean/server/node_modules/express-rate-limit/dist/index.cjs:691:5","timestamp":"2026-07-30 10:19:23"}
{"level":"info","message":"::ffff:127.0.0.1 - - [30/Jul/2026:04:49:23 +0000] \"GET /api/v1/admin/analytics HTTP/1.1\" 401 93 \"-\" \"-\"","service":"zolvex-backend","timestamp":"2026-07-30 10:19:23"}
{"level":"info","message":"::ffff:127.0.0.1 - - [30/Jul/2026:04:49:23 +0000] \"GET /api/v1/admin/services HTTP/1.1\" 200 4913 \"-\" \"-\"","service":"zolvex-backend","timestamp":"2026-07-30 10:19:23"}
{"ip":"127.0.0.1","level":"error","message":"[GET] /api/v1/admin/analytics - 401: Authentication required. Please log in.","service":"zolvex-backend","stack":"Error: Authentication required. Please log in.\n    at authenticate (/Users/rrejin/Downloads/zolvex-deepclean/server/src/middleware/auth.js:18:13)\n    at Layer.handle [as handle_request] (/Users/rrejin/Downloads/zolvex-deepclean/server/node_modules/express/lib/router/layer.js:95:5)\n    at trim_prefix (/Users/rrejin/Downloads/zolvex-deepclean/server/node_modules/express/lib/router/index.js:328:13)\n    at /Users/rrejin/Downloads/zolvex-deepclean/server/node_modules/express/lib/router/index.js:286:9\n    at router.process_params (/Users/rrejin/Downloads/zolvex-deepclean/server/node_modules/express/lib/router/index.js:346:12)\n    at next (/Users/rrejin/Downloads/zolvex-deepclean/server/node_modules/express/lib/router/index.js:280:10)\n    at router.handle (/Users/rrejin/Downloads/zolvex-deepclean/server/node_modules/express/lib/router/index.js:175:3)\n    at router (/Users/rrejin/Downloads/zolvex-deepclean/server/node_modules/express/lib/router/index.js:47:12)\n    at Layer.handle [as handle_request] (/Users/rrejin/Downloads/zolvex-deepclean/server/node_modules/express/lib/router/layer.js:95:5)\n    at trim_prefix (/Users/rrejin/Downloads/zolvex-deepclean/server/node_modules/express/lib/router/index.js:328:13)","timestamp":"2026-07-30 10:19:35"}
{"ip":"127.0.0.1","level":"error","message":"[GET] /api/v1/admin/analytics - 401: Authentication required. Please log in.","service":"zolvex-backend","stack":"Error: Authentication required. Please log in.\n    at authenticate (/Users/rrejin/Downloads/zolvex-deepclean/server/src/middleware/auth.js:18:13)\n    at Layer.handle [as handle_request] (/Users/rrejin/Downloads/zolvex-deepclean/server/node_modules/express/lib/router/layer.js:95:5)\n    at trim_prefix (/Users/rrejin/Downloads/zolvex-deepclean/server/node_modules/express/lib/router/index.js:328:13)\n    at /Users/rrejin/Downloads/zolvex-deepclean/server/node_modules/express/lib/router/index.js:286:9\n    at router.process_params (/Users/rrejin/Downloads/zolvex-deepclean/server/node_modules/express/lib/router/index.js:346:12)\n    at next (/Users/rrejin/Downloads/zolvex-deepclean/server/node_modules/express/lib/router/index.js:280:10)\n    at router.handle (/Users/rrejin/Downloads/zolvex-deepclean/server/node_modules/express/lib/router/index.js:175:3)\n    at router (/Users/rrejin/Downloads/zolvex-deepclean/server/node_modules/express/lib/router/index.js:47:12)\n    at Layer.handle [as handle_request] (/Users/rrejin/Downloads/zolvex-deepclean/server/node_modules/express/lib/router/layer.js:95:5)\n    at trim_prefix (/Users/rrejin/Downloads/zolvex-deepclean/server/node_modules/express/lib/router/index.js:328:13)","timestamp":"2026-07-30 10:19:35"}
{"level":"info","message":"🍃 MongoDB Connected: localhost/zolvex_deepclean","service":"zolvex-backend","timestamp":"2026-07-30 10:19:47"}
{"level":"info","message":"🚀 Zolvex Enterprise Backend running in [development] on http://0.0.0.0:5002","service":"zolvex-backend","timestamp":"2026-07-30 10:19:47"}
{"level":"info","message":"📡 Health Check: http://localhost:5002/api/v1/health","service":"zolvex-backend","timestamp":"2026-07-30 10:19:47"}
{"level":"info","message":"📚 Swagger Docs: http://localhost:5002/api/v1/docs","service":"zolvex-backend","timestamp":"2026-07-30 10:19:47"}
{"ip":"127.0.0.1","level":"error","message":"[GET] /api/v1/admin/analytics - 401: Authentication required. Please log in.","service":"zolvex-backend","stack":"Error: Authentication required. Please log in.\n    at authenticate (/Users/rrejin/Downloads/zolvex-deepclean/server/src/middleware/auth.js:18:13)\n    at Layer.handle [as handle_request] (/Users/rrejin/Downloads/zolvex-deepclean/server/node_modules/express/lib/router/layer.js:95:5)\n    at trim_prefix (/Users/rrejin/Downloads/zolvex-deepclean/server/node_modules/express/lib/router/index.js:328:13)\n    at /Users/rrejin/Downloads/zolvex-deepclean/server/node_modules/express/lib/router/index.js:286:9\n    at router.process_params (/Users/rrejin/Downloads/zolvex-deepclean/server/node_modules/express/lib/router/index.js:346:12)\n    at next (/Users/rrejin/Downloads/zolvex-deepclean/server/node_modules/express/lib/router/index.js:280:10)\n    at router.handle (/Users/rrejin/Downloads/zolvex-deepclean/server/node_modules/express/lib/router/index.js:175:3)\n    at router (/Users/rrejin/Downloads/zolvex-deepclean/server/node_modules/express/lib/router/index.js:47:12)\n    at Layer.handle [as handle_request] (/Users/rrejin/Downloads/zolvex-deepclean/server/node_modules/express/lib/router/layer.js:95:5)\n    at trim_prefix (/Users/rrejin/Downloads/zolvex-deepclean/server/node_modules/express/lib/router/index.js:328:13)","timestamp":"2026-07-30 10:20:02"}
{"ip":"127.0.0.1","level":"error","message":"[GET] /api/v1/admin/analytics - 401: Authentication required. Please log in.","service":"zolvex-backend","stack":"Error: Authentication required. Please log in.\n    at authenticate (/Users/rrejin/Downloads/zolvex-deepclean/server/src/middleware/auth.js:18:13)\n    at Layer.handle [as handle_request] (/Users/rrejin/Downloads/zolvex-deepclean/server/node_modules/express/lib/router/layer.js:95:5)\n    at trim_prefix (/Users/rrejin/Downloads/zolvex-deepclean/server/node_modules/express/lib/router/index.js:328:13)\n    at /Users/rrejin/Downloads/zolvex-deepclean/server/node_modules/express/lib/router/index.js:286:9\n    at router.process_params (/Users/rrejin/Downloads/zolvex-deepclean/server/node_modules/express/lib/router/index.js:346:12)\n    at next (/Users/rrejin/Downloads/zolvex-deepclean/server/node_modules/express/lib/router/index.js:280:10)\n    at router.handle (/Users/rrejin/Downloads/zolvex-deepclean/server/node_modules/express/lib/router/index.js:175:3)\n    at router (/Users/rrejin/Downloads/zolvex-deepclean/server/node_modules/express/lib/router/index.js:47:12)\n    at Layer.handle [as handle_request] (/Users/rrejin/Downloads/zolvex-deepclean/server/node_modules/express/lib/router/layer.js:95:5)\n    at trim_prefix (/Users/rrejin/Downloads/zolvex-deepclean/server/node_modules/express/lib/router/index.js:328:13)","timestamp":"2026-07-30 10:20:02"}
{"level":"info","message":"::ffff:127.0.0.1 - - [30/Jul/2026:04:50:25 +0000] \"GET /api/v1/health HTTP/1.1\" 200 327 \"-\" \"-\"","service":"zolvex-backend","timestamp":"2026-07-30 10:20:25"}
{"ip":"::ffff:127.0.0.1","level":"error","message":"[POST] /api/v1/auth/login - 401: Invalid email or password","service":"zolvex-backend","stack":"Error: Invalid email or password\n    at AuthService.login (/Users/rrejin/Downloads/zolvex-deepclean/server/src/services/authService.js:72:13)\n    at /Users/rrejin/Downloads/zolvex-deepclean/server/src/controllers/authController.js:23:18","timestamp":"2026-07-30 10:20:35"}
{"level":"info","message":"::ffff:127.0.0.1 - - [30/Jul/2026:04:50:35 +0000] \"POST /api/v1/auth/login HTTP/1.1\" 401 79 \"-\" \"-\"","service":"zolvex-backend","timestamp":"2026-07-30 10:20:35"}
{"level":"info","message":"::ffff:127.0.0.1 - - [30/Jul/2026:04:50:35 +0000] \"GET /api/v1/services HTTP/1.1\" 200 4915 \"-\" \"-\"","service":"zolvex-backend","timestamp":"2026-07-30 10:20:35"}
{"level":"info","message":"::ffff:127.0.0.1 - - [30/Jul/2026:04:50:35 +0000] \"POST /api/v1/auth/login HTTP/1.1\" 200 463 \"-\" \"-\"","service":"zolvex-backend","timestamp":"2026-07-30 10:20:35"}
{"level":"info","message":"::ffff:127.0.0.1 - - [30/Jul/2026:04:50:35 +0000] \"GET /api/v1/services HTTP/1.1\" 200 4915 \"-\" \"-\"","service":"zolvex-backend","timestamp":"2026-07-30 10:20:35"}
{"level":"info","message":"::ffff:127.0.0.1 - - [30/Jul/2026:04:50:35 +0000] \"GET /api/v1/services/deep-cleaning HTTP/1.1\" 200 1217 \"-\" \"-\"","service":"zolvex-backend","timestamp":"2026-07-30 10:20:35"}
{"level":"info","message":"::ffff:127.0.0.1 - - [30/Jul/2026:04:50:35 +0000] \"POST /api/v1/price/calculate HTTP/1.1\" 200 209 \"-\" \"-\"","service":"zolvex-backend","timestamp":"2026-07-30 10:20:35"}
{"level":"info","message":"::ffff:127.0.0.1 - - [30/Jul/2026:04:50:35 +0000] \"POST /api/v1/bookings HTTP/1.1\" 201 747 \"-\" \"-\"","service":"zolvex-backend","timestamp":"2026-07-30 10:20:35"}
{"level":"info","message":"::ffff:127.0.0.1 - - [30/Jul/2026:04:50:35 +0000] \"GET /api/v1/bookings/track/ZLV-2026-6735 HTTP/1.1\" 200 743 \"-\" \"-\"","service":"zolvex-backend","timestamp":"2026-07-30 10:20:35"}
{"ip":"::ffff:127.0.0.1","level":"error","message":"[GET] /api/v1/admin/bookings - 401: Authentication required. Please log in.","service":"zolvex-backend","stack":"Error: Authentication required. Please log in.\n    at authenticate (/Users/rrejin/Downloads/zolvex-deepclean/server/src/middleware/auth.js:18:13)\n    at Layer.handle [as handle_request] (/Users/rrejin/Downloads/zolvex-deepclean/server/node_modules/express/lib/router/layer.js:95:5)\n    at next (/Users/rrejin/Downloads/zolvex-deepclean/server/node_modules/express/lib/router/route.js:149:13)\n    at Route.dispatch (/Users/rrejin/Downloads/zolvex-deepclean/server/node_modules/express/lib/router/route.js:119:3)\n    at Layer.handle [as handle_request] (/Users/rrejin/Downloads/zolvex-deepclean/server/node_modules/express/lib/router/layer.js:95:5)\n    at /Users/rrejin/Downloads/zolvex-deepclean/server/node_modules/express/lib/router/index.js:284:15\n    at router.process_params (/Users/rrejin/Downloads/zolvex-deepclean/server/node_modules/express/lib/router/index.js:346:12)\n    at next (/Users/rrejin/Downloads/zolvex-deepclean/server/node_modules/express/lib/router/index.js:280:10)\n    at router.handle (/Users/rrejin/Downloads/zolvex-deepclean/server/node_modules/express/lib/router/index.js:175:3)\n    at router (/Users/rrejin/Downloads/zolvex-deepclean/server/node_modules/express/lib/router/index.js:47:12)\n    at Layer.handle [as handle_request] (/Users/rrejin/Downloads/zolvex-deepclean/server/node_modules/express/lib/router/layer.js:95:5)\n    at trim_prefix (/Users/rrejin/Downloads/zolvex-deepclean/server/node_modules/express/lib/router/index.js:328:13)\n    at /Users/rrejin/Downloads/zolvex-deepclean/server/node_modules/express/lib/router/index.js:286:9\n    at router.process_params (/Users/rrejin/Downloads/zolvex-deepclean/server/node_modules/express/lib/router/index.js:346:12)\n    at next (/Users/rrejin/Downloads/zolvex-deepclean/server/node_modules/express/lib/router/index.js:280:10)\n    at /Users/rrejin/Downloads/zolvex-deepclean/server/node_modules/express/lib/router/index.js:646:15\n    at next (/Users/rrejin/Downloads/zolvex-deepclean/server/node_modules/express/lib/router/index.js:265:14)\n    at router.handle (/Users/rrejin/Downloads/zolvex-deepclean/server/node_modules/express/lib/router/index.js:175:3)\n    at router (/Users/rrejin/Downloads/zolvex-deepclean/server/node_modules/express/lib/router/index.js:47:12)\n    at Layer.handle [as handle_request] (/Users/rrejin/Downloads/zolvex-deepclean/server/node_modules/express/lib/router/layer.js:95:5)\n    at trim_prefix (/Users/rrejin/Downloads/zolvex-deepclean/server/node_modules/express/lib/router/index.js:328:13)\n    at /Users/rrejin/Downloads/zolvex-deepclean/server/node_modules/express/lib/router/index.js:286:9\n    at router.process_params (/Users/rrejin/Downloads/zolvex-deepclean/server/node_modules/express/lib/router/index.js:346:12)\n    at next (/Users/rrejin/Downloads/zolvex-deepclean/server/node_modules/express/lib/router/index.js:280:10)\n    at /Users/rrejin/Downloads/zolvex-deepclean/server/node_modules/express/lib/router/index.js:646:15\n    at next (/Users/rrejin/Downloads/zolvex-deepclean/server/node_modules/express/lib/router/index.js:265:14)\n    at router.handle (/Users/rrejin/Downloads/zolvex-deepclean/server/node_modules/express/lib/router/index.js:175:3)\n    at router (/Users/rrejin/Downloads/zolvex-deepclean/server/node_modules/express/lib/router/index.js:47:12)\n    at Layer.handle [as handle_request] (/Users/rrejin/Downloads/zolvex-deepclean/server/node_modules/express/lib/router/layer.js:95:5)\n    at trim_prefix (/Users/rrejin/Downloads/zolvex-deepclean/server/node_modules/express/lib/router/index.js:328:13)\n    at /Users/rrejin/Downloads/zolvex-deepclean/server/node_modules/express/lib/router/index.js:286:9\n    at router.process_params (/Users/rrejin/Downloads/zolvex-deepclean/server/node_modules/express/lib/router/index.js:346:12)\n    at next (/Users/rrejin/Downloads/zolvex-deepclean/server/node_modules/express/lib/router/index.js:280:10)\n    at /Users/rrejin/Downloads/zolvex-deepclean/server/node_modules/express/lib/router/index.js:646:15\n    at next (/Users/rrejin/Downloads/zolvex-deepclean/server/node_modules/express/lib/router/index.js:265:14)\n    at router.handle (/Users/rrejin/Downloads/zolvex-deepclean/server/node_modules/express/lib/router/index.js:175:3)\n    at router (/Users/rrejin/Downloads/zolvex-deepclean/server/node_modules/express/lib/router/index.js:47:12)\n    at Layer.handle [as handle_request] (/Users/rrejin/Downloads/zolvex-deepclean/server/node_modules/express/lib/router/layer.js:95:5)\n    at trim_prefix (/Users/rrejin/Downloads/zolvex-deepclean/server/node_modules/express/lib/router/index.js:328:13)\n    at /Users/rrejin/Downloads/zolvex-deepclean/server/node_modules/express/lib/router/index.js:286:9\n    at router.process_params (/Users/rrejin/Downloads/zolvex-deepclean/server/node_modules/express/lib/router/index.js:346:12)\n    at next (/Users/rrejin/Downloads/zolvex-deepclean/server/node_modules/express/lib/router/index.js:280:10)\n    at router.handle (/Users/rrejin/Downloads/zolvex-deepclean/server/node_modules/express/lib/router/index.js:175:3)\n    at router (/Users/rrejin/Downloads/zolvex-deepclean/server/node_modules/express/lib/router/index.js:47:12)\n    at Layer.handle [as handle_request] (/Users/rrejin/Downloads/zolvex-deepclean/server/node_modules/express/lib/router/layer.js:95:5)\n    at trim_prefix (/Users/rrejin/Downloads/zolvex-deepclean/server/node_modules/express/lib/router/index.js:328:13)\n    at /Users/rrejin/Downloads/zolvex-deepclean/server/node_modules/express/lib/router/index.js:286:9\n    at router.process_params (/Users/rrejin/Downloads/zolvex-deepclean/server/node_modules/express/lib/router/index.js:346:12)\n    at next (/Users/rrejin/Downloads/zolvex-deepclean/server/node_modules/express/lib/router/index.js:280:10)\n    at /Users/rrejin/Downloads/zolvex-deepclean/server/node_modules/express-rate-limit/dist/index.cjs:706:9\n    at processTicksAndRejections (node:internal/process/task_queues:104:5)\n    at /Users/rrejin/Downloads/zolvex-deepclean/server/node_modules/express-rate-limit/dist/index.cjs:691:5","timestamp":"2026-07-30 10:20:35"}
{"level":"info","message":"::ffff:127.0.0.1 - - [30/Jul/2026:04:50:35 +0000] \"GET /api/v1/admin/bookings HTTP/1.1\" 401 93 \"-\" \"-\"","service":"zolvex-backend","timestamp":"2026-07-30 10:20:35"}
{"ip":"::ffff:127.0.0.1","level":"error","message":"[GET] /api/v1/admin/services - 401: Authentication required. Please log in.","service":"zolvex-backend","stack":"Error: Authentication required. Please log in.\n    at authenticate (/Users/rrejin/Downloads/zolvex-deepclean/server/src/middleware/auth.js:18:13)\n    at Layer.handle [as handle_request] (/Users/rrejin/Downloads/zolvex-deepclean/server/node_modules/express/lib/router/layer.js:95:5)\n    at next (/Users/rrejin/Downloads/zolvex-deepclean/server/node_modules/express/lib/router/route.js:149:13)\n    at Route.dispatch (/Users/rrejin/Downloads/zolvex-deepclean/server/node_modules/express/lib/router/route.js:119:3)\n    at Layer.handle [as handle_request] (/Users/rrejin/Downloads/zolvex-deepclean/server/node_modules/express/lib/router/layer.js:95:5)\n    at /Users/rrejin/Downloads/zolvex-deepclean/server/node_modules/express/lib/router/index.js:284:15\n    at router.process_params (/Users/rrejin/Downloads/zolvex-deepclean/server/node_modules/express/lib/router/index.js:346:12)\n    at next (/Users/rrejin/Downloads/zolvex-deepclean/server/node_modules/express/lib/router/index.js:280:10)\n    at router.handle (/Users/rrejin/Downloads/zolvex-deepclean/server/node_modules/express/lib/router/index.js:175:3)\n    at router (/Users/rrejin/Downloads/zolvex-deepclean/server/node_modules/express/lib/router/index.js:47:12)\n    at Layer.handle [as handle_request] (/Users/rrejin/Downloads/zolvex-deepclean/server/node_modules/express/lib/router/layer.js:95:5)\n    at trim_prefix (/Users/rrejin/Downloads/zolvex-deepclean/server/node_modules/express/lib/router/index.js:328:13)\n    at /Users/rrejin/Downloads/zolvex-deepclean/server/node_modules/express/lib/router/index.js:286:9\n    at router.process_params (/Users/rrejin/Downloads/zolvex-deepclean/server/node_modules/express/lib/router/index.js:346:12)\n    at next (/Users/rrejin/Downloads/zolvex-deepclean/server/node_modules/express/lib/router/index.js:280:10)\n    at /Users/rrejin/Downloads/zolvex-deepclean/server/node_modules/express/lib/router/index.js:646:15\n    at next (/Users/rrejin/Downloads/zolvex-deepclean/server/node_modules/express/lib/router/index.js:265:14)\n    at router.handle (/Users/rrejin/Downloads/zolvex-deepclean/server/node_modules/express/lib/router/index.js:175:3)\n    at router (/Users/rrejin/Downloads/zolvex-deepclean/server/node_modules/express/lib/router/index.js:47:12)\n    at Layer.handle [as handle_request] (/Users/rrejin/Downloads/zolvex-deepclean/server/node_modules/express/lib/router/layer.js:95:5)\n    at trim_prefix (/Users/rrejin/Downloads/zolvex-deepclean/server/node_modules/express/lib/router/index.js:328:13)\n    at /Users/rrejin/Downloads/zolvex-deepclean/server/node_modules/express/lib/router/index.js:286:9\n    at router.process_params (/Users/rrejin/Downloads/zolvex-deepclean/server/node_modules/express/lib/router/index.js:346:12)\n    at next (/Users/rrejin/Downloads/zolvex-deepclean/server/node_modules/express/lib/router/index.js:280:10)\n    at router.handle (/Users/rrejin/Downloads/zolvex-deepclean/server/node_modules/express/lib/router/index.js:175:3)\n    at router (/Users/rrejin/Downloads/zolvex-deepclean/server/node_modules/express/lib/router/index.js:47:12)\n    at Layer.handle [as handle_request] (/Users/rrejin/Downloads/zolvex-deepclean/server/node_modules/express/lib/router/layer.js:95:5)\n    at trim_prefix (/Users/rrejin/Downloads/zolvex-deepclean/server/node_modules/express/lib/router/index.js:328:13)\n    at /Users/rrejin/Downloads/zolvex-deepclean/server/node_modules/express/lib/router/index.js:286:9\n    at router.process_params (/Users/rrejin/Downloads/zolvex-deepclean/server/node_modules/express/lib/router/index.js:346:12)\n    at next (/Users/rrejin/Downloads/zolvex-deepclean/server/node_modules/express/lib/router/index.js:280:10)\n    at /Users/rrejin/Downloads/zolvex-deepclean/server/node_modules/express-rate-limit/dist/index.cjs:706:9\n    at processTicksAndRejections (node:internal/process/task_queues:104:5)\n    at /Users/rrejin/Downloads/zolvex-deepclean/server/node_modules/express-rate-limit/dist/index.cjs:691:5","timestamp":"2026-07-30 10:20:35"}
{"level":"info","message":"::ffff:127.0.0.1 - - [30/Jul/2026:04:50:35 +0000] \"GET /api/v1/admin/services HTTP/1.1\" 401 93 \"-\" \"-\"","service":"zolvex-backend","timestamp":"2026-07-30 10:20:35"}
{"ip":"::ffff:127.0.0.1","level":"error","message":"[GET] /api/v1/admin/analytics - 401: Authentication required. Please log in.","service":"zolvex-backend","stack":"Error: Authentication required. Please log in.\n    at authenticate (/Users/rrejin/Downloads/zolvex-deepclean/server/src/middleware/auth.js:18:13)\n    at Layer.handle [as handle_request] (/Users/rrejin/Downloads/zolvex-deepclean/server/node_modules/express/lib/router/layer.js:95:5)\n    at trim_prefix (/Users/rrejin/Downloads/zolvex-deepclean/server/node_modules/express/lib/router/index.js:328:13)\n    at /Users/rrejin/Downloads/zolvex-deepclean/server/node_modules/express/lib/router/index.js:286:9\n    at router.process_params (/Users/rrejin/Downloads/zolvex-deepclean/server/node_modules/express/lib/router/index.js:346:12)\n    at next (/Users/rrejin/Downloads/zolvex-deepclean/server/node_modules/express/lib/router/index.js:280:10)\n    at router.handle (/Users/rrejin/Downloads/zolvex-deepclean/server/node_modules/express/lib/router/index.js:175:3)\n    at router (/Users/rrejin/Downloads/zolvex-deepclean/server/node_modules/express/lib/router/index.js:47:12)\n    at Layer.handle [as handle_request] (/Users/rrejin/Downloads/zolvex-deepclean/server/node_modules/express/lib/router/layer.js:95:5)\n    at trim_prefix (/Users/rrejin/Downloads/zolvex-deepclean/server/node_modules/express/lib/router/index.js:328:13)\n    at /Users/rrejin/Downloads/zolvex-deepclean/server/node_modules/express/lib/router/index.js:286:9\n    at router.process_params (/Users/rrejin/Downloads/zolvex-deepclean/server/node_modules/express/lib/router/index.js:346:12)\n    at next (/Users/rrejin/Downloads/zolvex-deepclean/server/node_modules/express/lib/router/index.js:280:10)\n    at /Users/rrejin/Downloads/zolvex-deepclean/server/node_modules/express/lib/router/index.js:646:15\n    at next (/Users/rrejin/Downloads/zolvex-deepclean/server/node_modules/express/lib/router/index.js:265:14)\n    at router.handle (/Users/rrejin/Downloads/zolvex-deepclean/server/node_modules/express/lib/router/index.js:175:3)\n    at router (/Users/rrejin/Downloads/zolvex-deepclean/server/node_modules/express/lib/router/index.js:47:12)\n    at Layer.handle [as handle_request] (/Users/rrejin/Downloads/zolvex-deepclean/server/node_modules/express/lib/router/layer.js:95:5)\n    at trim_prefix (/Users/rrejin/Downloads/zolvex-deepclean/server/node_modules/express/lib/router/index.js:328:13)\n    at /Users/rrejin/Downloads/zolvex-deepclean/server/node_modules/express/lib/router/index.js:286:9\n    at router.process_params (/Users/rrejin/Downloads/zolvex-deepclean/server/node_modules/express/lib/router/index.js:346:12)\n    at next (/Users/rrejin/Downloads/zolvex-deepclean/server/node_modules/express/lib/router/index.js:280:10)\n    at /Users/rrejin/Downloads/zolvex-deepclean/server/node_modules/express/lib/router/index.js:646:15\n    at next (/Users/rrejin/Downloads/zolvex-deepclean/server/node_modules/express/lib/router/index.js:265:14)\n    at router.handle (/Users/rrejin/Downloads/zolvex-deepclean/server/node_modules/express/lib/router/index.js:175:3)\n    at router (/Users/rrejin/Downloads/zolvex-deepclean/server/node_modules/express/lib/router/index.js:47:12)\n    at Layer.handle [as handle_request] (/Users/rrejin/Downloads/zolvex-deepclean/server/node_modules/express/lib/router/layer.js:95:5)\n    at trim_prefix (/Users/rrejin/Downloads/zolvex-deepclean/server/node_modules/express/lib/router/index.js:328:13)\n    at /Users/rrejin/Downloads/zolvex-deepclean/server/node_modules/express/lib/router/index.js:286:9\n    at router.process_params (/Users/rrejin/Downloads/zolvex-deepclean/server/node_modules/express/lib/router/index.js:346:12)\n    at next (/Users/rrejin/Downloads/zolvex-deepclean/server/node_modules/express/lib/router/index.js:280:10)\n    at /Users/rrejin/Downloads/zolvex-deepclean/server/node_modules/express/lib/router/index.js:646:15\n    at next (/Users/rrejin/Downloads/zolvex-deepclean/server/node_modules/express/lib/router/index.js:265:14)\n    at router.handle (/Users/rrejin/Downloads/zolvex-deepclean/server/node_modules/express/lib/router/index.js:175:3)\n    at router (/Users/rrejin/Downloads/zolvex-deepclean/server/node_modules/express/lib/router/index.js:47:12)\n    at Layer.handle [as handle_request] (/Users/rrejin/Downloads/zolvex-deepclean/server/node_modules/express/lib/router/layer.js:95:5)\n    at trim_prefix (/Users/rrejin/Downloads/zolvex-deepclean/server/node_modules/express/lib/router/index.js:328:13)\n    at /Users/rrejin/Downloads/zolvex-deepclean/server/node_modules/express/lib/router/index.js:286:9\n    at router.process_params (/Users/rrejin/Downloads/zolvex-deepclean/server/node_modules/express/lib/router/index.js:346:12)\n    at next (/Users/rrejin/Downloads/zolvex-deepclean/server/node_modules/express/lib/router/index.js:280:10)\n    at /Users/rrejin/Downloads/zolvex-deepclean/server/node_modules/express/lib/router/index.js:646:15\n    at next (/Users/rrejin/Downloads/zolvex-deepclean/server/node_modules/express/lib/router/index.js:265:14)\n    at router.handle (/Users/rrejin/Downloads/zolvex-deepclean/server/node_modules/express/lib/router/index.js:175:3)\n    at router (/Users/rrejin/Downloads/zolvex-deepclean/server/node_modules/express/lib/router/index.js:47:12)\n    at Layer.handle [as handle_request] (/Users/rrejin/Downloads/zolvex-deepclean/server/node_modules/express/lib/router/layer.js:95:5)\n    at trim_prefix (/Users/rrejin/Downloads/zolvex-deepclean/server/node_modules/express/lib/router/index.js:328:13)\n    at /Users/rrejin/Downloads/zolvex-deepclean/server/node_modules/express/lib/router/index.js:286:9\n    at router.process_params (/Users/rrejin/Downloads/zolvex-deepclean/server/node_modules/express/lib/router/index.js:346:12)\n    at next (/Users/rrejin/Downloads/zolvex-deepclean/server/node_modules/express/lib/router/index.js:280:10)\n    at router.handle (/Users/rrejin/Downloads/zolvex-deepclean/server/node_modules/express/lib/router/index.js:175:3)\n    at router (/Users/rrejin/Downloads/zolvex-deepclean/server/node_modules/express/lib/router/index.js:47:12)\n    at Layer.handle [as handle_request] (/Users/rrejin/Downloads/zolvex-deepclean/server/node_modules/express/lib/router/layer.js:95:5)\n    at trim_prefix (/Users/rrejin/Downloads/zolvex-deepclean/server/node_modules/express/lib/router/index.js:328:13)\n    at /Users/rrejin/Downloads/zolvex-deepclean/server/node_modules/express/lib/router/index.js:286:9\n    at router.process_params (/Users/rrejin/Downloads/zolvex-deepclean/server/node_modules/express/lib/router/index.js:346:12)\n    at next (/Users/rrejin/Downloads/zolvex-deepclean/server/node_modules/express/lib/router/index.js:280:10)\n    at /Users/rrejin/Downloads/zolvex-deepclean/server/node_modules/express-rate-limit/dist/index.cjs:706:9\n    at processTicksAndRejections (node:internal/process/task_queues:104:5)\n    at /Users/rrejin/Downloads/zolvex-deepclean/server/node_modules/express-rate-limit/dist/index.cjs:691:5","timestamp":"2026-07-30 10:20:35"}
{"level":"info","message":"::ffff:127.0.0.1 - - [30/Jul/2026:04:50:35 +0000] \"GET /api/v1/admin/analytics HTTP/1.1\" 401 93 \"-\" \"-\"","service":"zolvex-backend","timestamp":"2026-07-30 10:20:35"}
{"level":"info","message":"::ffff:127.0.0.1 - - [30/Jul/2026:04:50:35 +0000] \"GET /api/v1/admin/services HTTP/1.1\" 200 4913 \"-\" \"-\"","service":"zolvex-backend","timestamp":"2026-07-30 10:20:35"}
{"level":"info","message":"🍃 MongoDB Connected: localhost/zolvex_deepclean","service":"zolvex-backend","timestamp":"2026-07-30 10:20:42"}
{"level":"info","message":"🚀 Zolvex Enterprise Backend running in [development] on http://0.0.0.0:5002","service":"zolvex-backend","timestamp":"2026-07-30 10:20:42"}
{"level":"info","message":"📡 Health Check: http://localhost:5002/api/v1/health","service":"zolvex-backend","timestamp":"2026-07-30 10:20:42"}
{"level":"info","message":"📚 Swagger Docs: http://localhost:5002/api/v1/docs","service":"zolvex-backend","timestamp":"2026-07-30 10:20:42"}
{"level":"info","message":"🍃 MongoDB Connected: localhost/zolvex_deepclean","service":"zolvex-backend","timestamp":"2026-07-30 10:20:44"}
{"level":"info","message":"🚀 Zolvex Enterprise Backend running in [development] on http://0.0.0.0:5002","service":"zolvex-backend","timestamp":"2026-07-30 10:20:44"}
{"level":"info","message":"📡 Health Check: http://localhost:5002/api/v1/health","service":"zolvex-backend","timestamp":"2026-07-30 10:20:44"}
{"level":"info","message":"📚 Swagger Docs: http://localhost:5002/api/v1/docs","service":"zolvex-backend","timestamp":"2026-07-30 10:20:44"}
{"level":"info","message":"::ffff:127.0.0.1 - - [30/Jul/2026:04:52:08 +0000] \"GET /api/v1/health HTTP/1.1\" 200 327 \"-\" \"-\"","service":"zolvex-backend","timestamp":"2026-07-30 10:22:08"}
{"level":"info","message":"::ffff:127.0.0.1 - - [30/Jul/2026:04:52:18 +0000] \"POST /api/v1/auth/login HTTP/1.1\" 200 463 \"-\" \"-\"","service":"zolvex-backend","timestamp":"2026-07-30 10:22:18"}
{"ip":"::ffff:127.0.0.1","level":"error","message":"[POST] /api/v1/auth/login - 401: Invalid email or password","service":"zolvex-backend","stack":"Error: Invalid email or password\n    at AuthService.login (/Users/rrejin/Downloads/zolvex-deepclean/server/src/services/authService.js:72:13)\n    at /Users/rrejin/Downloads/zolvex-deepclean/server/src/controllers/authController.js:23:18","timestamp":"2026-07-30 10:22:18"}
{"level":"info","message":"::ffff:127.0.0.1 - - [30/Jul/2026:04:52:18 +0000] \"POST /api/v1/auth/login HTTP/1.1\" 401 79 \"-\" \"-\"","service":"zolvex-backend","timestamp":"2026-07-30 10:22:18"}
{"level":"info","message":"::ffff:127.0.0.1 - - [30/Jul/2026:04:52:18 +0000] \"GET /api/v1/services HTTP/1.1\" 200 4915 \"-\" \"-\"","service":"zolvex-backend","timestamp":"2026-07-30 10:22:18"}
{"level":"info","message":"::ffff:127.0.0.1 - - [30/Jul/2026:04:52:18 +0000] \"GET /api/v1/services HTTP/1.1\" 200 4915 \"-\" \"-\"","service":"zolvex-backend","timestamp":"2026-07-30 10:22:18"}
{"level":"info","message":"::ffff:127.0.0.1 - - [30/Jul/2026:04:52:18 +0000] \"GET /api/v1/services/deep-cleaning HTTP/1.1\" 200 1217 \"-\" \"-\"","service":"zolvex-backend","timestamp":"2026-07-30 10:22:18"}
{"level":"info","message":"::ffff:127.0.0.1 - - [30/Jul/2026:04:52:18 +0000] \"POST /api/v1/price/calculate HTTP/1.1\" 200 209 \"-\" \"-\"","service":"zolvex-backend","timestamp":"2026-07-30 10:22:18"}
{"level":"info","message":"::ffff:127.0.0.1 - - [30/Jul/2026:04:52:18 +0000] \"POST /api/v1/bookings HTTP/1.1\" 201 747 \"-\" \"-\"","service":"zolvex-backend","timestamp":"2026-07-30 10:22:18"}
{"level":"info","message":"::ffff:127.0.0.1 - - [30/Jul/2026:04:52:18 +0000] \"GET /api/v1/bookings/track/ZLV-2026-7464 HTTP/1.1\" 200 743 \"-\" \"-\"","service":"zolvex-backend","timestamp":"2026-07-30 10:22:18"}
{"ip":"::ffff:127.0.0.1","level":"error","message":"[GET] /api/v1/admin/bookings - 401: Authentication required. Please log in.","service":"zolvex-backend","stack":"Error: Authentication required. Please log in.\n    at authenticate (/Users/rrejin/Downloads/zolvex-deepclean/server/src/middleware/auth.js:18:13)\n    at Layer.handle [as handle_request] (/Users/rrejin/Downloads/zolvex-deepclean/server/node_modules/express/lib/router/layer.js:95:5)\n    at next (/Users/rrejin/Downloads/zolvex-deepclean/server/node_modules/express/lib/router/route.js:149:13)\n    at Route.dispatch (/Users/rrejin/Downloads/zolvex-deepclean/server/node_modules/express/lib/router/route.js:119:3)\n    at Layer.handle [as handle_request] (/Users/rrejin/Downloads/zolvex-deepclean/server/node_modules/express/lib/router/layer.js:95:5)\n    at /Users/rrejin/Downloads/zolvex-deepclean/server/node_modules/express/lib/router/index.js:284:15\n    at router.process_params (/Users/rrejin/Downloads/zolvex-deepclean/server/node_modules/express/lib/router/index.js:346:12)\n    at next (/Users/rrejin/Downloads/zolvex-deepclean/server/node_modules/express/lib/router/index.js:280:10)\n    at router.handle (/Users/rrejin/Downloads/zolvex-deepclean/server/node_modules/express/lib/router/index.js:175:3)\n    at router (/Users/rrejin/Downloads/zolvex-deepclean/server/node_modules/express/lib/router/index.js:47:12)\n    at Layer.handle [as handle_request] (/Users/rrejin/Downloads/zolvex-deepclean/server/node_modules/express/lib/router/layer.js:95:5)\n    at trim_prefix (/Users/rrejin/Downloads/zolvex-deepclean/server/node_modules/express/lib/router/index.js:328:13)\n    at /Users/rrejin/Downloads/zolvex-deepclean/server/node_modules/express/lib/router/index.js:286:9\n    at router.process_params (/Users/rrejin/Downloads/zolvex-deepclean/server/node_modules/express/lib/router/index.js:346:12)\n    at next (/Users/rrejin/Downloads/zolvex-deepclean/server/node_modules/express/lib/router/index.js:280:10)\n    at /Users/rrejin/Downloads/zolvex-deepclean/server/node_modules/express/lib/router/index.js:646:15\n    at next (/Users/rrejin/Downloads/zolvex-deepclean/server/node_modules/express/lib/router/index.js:265:14)\n    at router.handle (/Users/rrejin/Downloads/zolvex-deepclean/server/node_modules/express/lib/router/index.js:175:3)\n    at router (/Users/rrejin/Downloads/zolvex-deepclean/server/node_modules/express/lib/router/index.js:47:12)\n    at Layer.handle [as handle_request] (/Users/rrejin/Downloads/zolvex-deepclean/server/node_modules/express/lib/router/layer.js:95:5)\n    at trim_prefix (/Users/rrejin/Downloads/zolvex-deepclean/server/node_modules/express/lib/router/index.js:328:13)\n    at /Users/rrejin/Downloads/zolvex-deepclean/server/node_modules/express/lib/router/index.js:286:9\n    at router.process_params (/Users/rrejin/Downloads/zolvex-deepclean/server/node_modules/express/lib/router/index.js:346:12)\n    at next (/Users/rrejin/Downloads/zolvex-deepclean/server/node_modules/express/lib/router/index.js:280:10)\n    at /Users/rrejin/Downloads/zolvex-deepclean/server/node_modules/express/lib/router/index.js:646:15\n    at next (/Users/rrejin/Downloads/zolvex-deepclean/server/node_modules/express/lib/router/index.js:265:14)\n    at router.handle (/Users/rrejin/Downloads/zolvex-deepclean/server/node_modules/express/lib/router/index.js:175:3)\n    at router (/Users/rrejin/Downloads/zolvex-deepclean/server/node_modules/express/lib/router/index.js:47:12)\n    at Layer.handle [as handle_request] (/Users/rrejin/Downloads/zolvex-deepclean/server/node_modules/express/lib/router/layer.js:95:5)\n    at trim_prefix (/Users/rrejin/Downloads/zolvex-deepclean/server/node_modules/express/lib/router/index.js:328:13)\n    at /Users/rrejin/Downloads/zolvex-deepclean/server/node_modules/express/lib/router/index.js:286:9\n    at router.process_params (/Users/rrejin/Downloads/zolvex-deepclean/server/node_modules/express/lib/router/index.js:346:12)\n    at next (/Users/rrejin/Downloads/zolvex-deepclean/server/node_modules/express/lib/router/index.js:280:10)\n    at /Users/rrejin/Downloads/zolvex-deepclean/server/node_modules/express/lib/router/index.js:646:15\n    at next (/Users/rrejin/Downloads/zolvex-deepclean/server/node_modules/express/lib/router/index.js:265:14)\n    at router.handle (/Users/rrejin/Downloads/zolvex-deepclean/server/node_modules/express/lib/router/index.js:175:3)\n    at router (/Users/rrejin/Downloads/zolvex-deepclean/server/node_modules/express/lib/router/index.js:47:12)\n    at Layer.handle [as handle_request] (/Users/rrejin/Downloads/zolvex-deepclean/server/node_modules/express/lib/router/layer.js:95:5)\n    at trim_prefix (/Users/rrejin/Downloads/zolvex-deepclean/server/node_modules/express/lib/router/index.js:328:13)\n    at /Users/rrejin/Downloads/zolvex-deepclean/server/node_modules/express/lib/router/index.js:286:9\n    at router.process_params (/Users/rrejin/Downloads/zolvex-deepclean/server/node_modules/express/lib/router/index.js:346:12)\n    at next (/Users/rrejin/Downloads/zolvex-deepclean/server/node_modules/express/lib/router/index.js:280:10)\n    at router.handle (/Users/rrejin/Downloads/zolvex-deepclean/server/node_modules/express/lib/router/index.js:175:3)\n    at router (/Users/rrejin/Downloads/zolvex-deepclean/server/node_modules/express/lib/router/index.js:47:12)\n    at Layer.handle [as handle_request] (/Users/rrejin/Downloads/zolvex-deepclean/server/node_modules/express/lib/router/layer.js:95:5)\n    at trim_prefix (/Users/rrejin/Downloads/zolvex-deepclean/server/node_modules/express/lib/router/index.js:328:13)\n    at /Users/rrejin/Downloads/zolvex-deepclean/server/node_modules/express/lib/router/index.js:286:9\n    at router.process_params (/Users/rrejin/Downloads/zolvex-deepclean/server/node_modules/express/lib/router/index.js:346:12)\n    at next (/Users/rrejin/Downloads/zolvex-deepclean/server/node_modules/express/lib/router/index.js:280:10)\n    at /Users/rrejin/Downloads/zolvex-deepclean/server/node_modules/express-rate-limit/dist/index.cjs:706:9\n    at processTicksAndRejections (node:internal/process/task_queues:104:5)\n    at /Users/rrejin/Downloads/zolvex-deepclean/server/node_modules/express-rate-limit/dist/index.cjs:691:5","timestamp":"2026-07-30 10:22:18"}
{"level":"info","message":"::ffff:127.0.0.1 - - [30/Jul/2026:04:52:18 +0000] \"GET /api/v1/admin/bookings HTTP/1.1\" 401 93 \"-\" \"-\"","service":"zolvex-backend","timestamp":"2026-07-30 10:22:18"}
{"ip":"::ffff:127.0.0.1","level":"error","message":"[GET] /api/v1/admin/services - 401: Authentication required. Please log in.","service":"zolvex-backend","stack":"Error: Authentication required. Please log in.\n    at authenticate (/Users/rrejin/Downloads/zolvex-deepclean/server/src/middleware/auth.js:18:13)\n    at Layer.handle [as handle_request] (/Users/rrejin/Downloads/zolvex-deepclean/server/node_modules/express/lib/router/layer.js:95:5)\n    at next (/Users/rrejin/Downloads/zolvex-deepclean/server/node_modules/express/lib/router/route.js:149:13)\n    at Route.dispatch (/Users/rrejin/Downloads/zolvex-deepclean/server/node_modules/express/lib/router/route.js:119:3)\n    at Layer.handle [as handle_request] (/Users/rrejin/Downloads/zolvex-deepclean/server/node_modules/express/lib/router/layer.js:95:5)\n    at /Users/rrejin/Downloads/zolvex-deepclean/server/node_modules/express/lib/router/index.js:284:15\n    at router.process_params (/Users/rrejin/Downloads/zolvex-deepclean/server/node_modules/express/lib/router/index.js:346:12)\n    at next (/Users/rrejin/Downloads/zolvex-deepclean/server/node_modules/express/lib/router/index.js:280:10)\n    at router.handle (/Users/rrejin/Downloads/zolvex-deepclean/server/node_modules/express/lib/router/index.js:175:3)\n    at router (/Users/rrejin/Downloads/zolvex-deepclean/server/node_modules/express/lib/router/index.js:47:12)\n    at Layer.handle [as handle_request] (/Users/rrejin/Downloads/zolvex-deepclean/server/node_modules/express/lib/router/layer.js:95:5)\n    at trim_prefix (/Users/rrejin/Downloads/zolvex-deepclean/server/node_modules/express/lib/router/index.js:328:13)\n    at /Users/rrejin/Downloads/zolvex-deepclean/server/node_modules/express/lib/router/index.js:286:9\n    at router.process_params (/Users/rrejin/Downloads/zolvex-deepclean/server/node_modules/express/lib/router/index.js:346:12)\n    at next (/Users/rrejin/Downloads/zolvex-deepclean/server/node_modules/express/lib/router/index.js:280:10)\n    at /Users/rrejin/Downloads/zolvex-deepclean/server/node_modules/express/lib/router/index.js:646:15\n    at next (/Users/rrejin/Downloads/zolvex-deepclean/server/node_modules/express/lib/router/index.js:265:14)\n    at router.handle (/Users/rrejin/Downloads/zolvex-deepclean/server/node_modules/express/lib/router/index.js:175:3)\n    at router (/Users/rrejin/Downloads/zolvex-deepclean/server/node_modules/express/lib/router/index.js:47:12)\n    at Layer.handle [as handle_request] (/Users/rrejin/Downloads/zolvex-deepclean/server/node_modules/express/lib/router/layer.js:95:5)\n    at trim_prefix (/Users/rrejin/Downloads/zolvex-deepclean/server/node_modules/express/lib/router/index.js:328:13)\n    at /Users/rrejin/Downloads/zolvex-deepclean/server/node_modules/express/lib/router/index.js:286:9\n    at router.process_params (/Users/rrejin/Downloads/zolvex-deepclean/server/node_modules/express/lib/router/index.js:346:12)\n    at next (/Users/rrejin/Downloads/zolvex-deepclean/server/node_modules/express/lib/router/index.js:280:10)\n    at router.handle (/Users/rrejin/Downloads/zolvex-deepclean/server/node_modules/express/lib/router/index.js:175:3)\n    at router (/Users/rrejin/Downloads/zolvex-deepclean/server/node_modules/express/lib/router/index.js:47:12)\n    at Layer.handle [as handle_request] (/Users/rrejin/Downloads/zolvex-deepclean/server/node_modules/express/lib/router/layer.js:95:5)\n    at trim_prefix (/Users/rrejin/Downloads/zolvex-deepclean/server/node_modules/express/lib/router/index.js:328:13)\n    at /Users/rrejin/Downloads/zolvex-deepclean/server/node_modules/express/lib/router/index.js:286:9\n    at router.process_params (/Users/rrejin/Downloads/zolvex-deepclean/server/node_modules/express/lib/router/index.js:346:12)\n    at next (/Users/rrejin/Downloads/zolvex-deepclean/server/node_modules/express/lib/router/index.js:280:10)\n    at /Users/rrejin/Downloads/zolvex-deepclean/server/node_modules/express-rate-limit/dist/index.cjs:706:9\n    at processTicksAndRejections (node:internal/process/task_queues:104:5)\n    at /Users/rrejin/Downloads/zolvex-deepclean/server/node_modules/express-rate-limit/dist/index.cjs:691:5","timestamp":"2026-07-30 10:22:18"}
{"level":"info","message":"::ffff:127.0.0.1 - - [30/Jul/2026:04:52:18 +0000] \"GET /api/v1/admin/services HTTP/1.1\" 401 93 \"-\" \"-\"","service":"zolvex-backend","timestamp":"2026-07-30 10:22:18"}
{"ip":"::ffff:127.0.0.1","level":"error","message":"[GET] /api/v1/admin/analytics - 401: Authentication required. Please log in.","service":"zolvex-backend","stack":"Error: Authentication required. Please log in.\n    at authenticate (/Users/rrejin/Downloads/zolvex-deepclean/server/src/middleware/auth.js:18:13)\n    at Layer.handle [as handle_request] (/Users/rrejin/Downloads/zolvex-deepclean/server/node_modules/express/lib/router/layer.js:95:5)\n    at trim_prefix (/Users/rrejin/Downloads/zolvex-deepclean/server/node_modules/express/lib/router/index.js:328:13)\n    at /Users/rrejin/Downloads/zolvex-deepclean/server/node_modules/express/lib/router/index.js:286:9\n    at router.process_params (/Users/rrejin/Downloads/zolvex-deepclean/server/node_modules/express/lib/router/index.js:346:12)\n    at next (/Users/rrejin/Downloads/zolvex-deepclean/server/node_modules/express/lib/router/index.js:280:10)\n    at router.handle (/Users/rrejin/Downloads/zolvex-deepclean/server/node_modules/express/lib/router/index.js:175:3)\n    at router (/Users/rrejin/Downloads/zolvex-deepclean/server/node_modules/express/lib/router/index.js:47:12)\n    at Layer.handle [as handle_request] (/Users/rrejin/Downloads/zolvex-deepclean/server/node_modules/express/lib/router/layer.js:95:5)\n    at trim_prefix (/Users/rrejin/Downloads/zolvex-deepclean/server/node_modules/express/lib/router/index.js:328:13)\n    at /Users/rrejin/Downloads/zolvex-deepclean/server/node_modules/express/lib/router/index.js:286:9\n    at router.process_params (/Users/rrejin/Downloads/zolvex-deepclean/server/node_modules/express/lib/router/index.js:346:12)\n    at next (/Users/rrejin/Downloads/zolvex-deepclean/server/node_modules/express/lib/router/index.js:280:10)\n    at /Users/rrejin/Downloads/zolvex-deepclean/server/node_modules/express/lib/router/index.js:646:15\n    at next (/Users/rrejin/Downloads/zolvex-deepclean/server/node_modules/express/lib/router/index.js:265:14)\n    at router.handle (/Users/rrejin/Downloads/zolvex-deepclean/server/node_modules/express/lib/router/index.js:175:3)\n    at router (/Users/rrejin/Downloads/zolvex-deepclean/server/node_modules/express/lib/router/index.js:47:12)\n    at Layer.handle [as handle_request] (/Users/rrejin/Downloads/zolvex-deepclean/server/node_modules/express/lib/router/layer.js:95:5)\n    at trim_prefix (/Users/rrejin/Downloads/zolvex-deepclean/server/node_modules/express/lib/router/index.js:328:13)\n    at /Users/rrejin/Downloads/zolvex-deepclean/server/node_modules/express/lib/router/index.js:286:9\n    at router.process_params (/Users/rrejin/Downloads/zolvex-deepclean/server/node_modules/express/lib/router/index.js:346:12)\n    at next (/Users/rrejin/Downloads/zolvex-deepclean/server/node_modules/express/lib/router/index.js:280:10)\n    at /Users/rrejin/Downloads/zolvex-deepclean/server/node_modules/express/lib/router/index.js:646:15\n    at next (/Users/rrejin/Downloads/zolvex-deepclean/server/node_modules/express/lib/router/index.js:265:14)\n    at router.handle (/Users/rrejin/Downloads/zolvex-deepclean/server/node_modules/express/lib/router/index.js:175:3)\n    at router (/Users/rrejin/Downloads/zolvex-deepclean/server/node_modules/express/lib/router/index.js:47:12)\n    at Layer.handle [as handle_request] (/Users/rrejin/Downloads/zolvex-deepclean/server/node_modules/express/lib/router/layer.js:95:5)\n    at trim_prefix (/Users/rrejin/Downloads/zolvex-deepclean/server/node_modules/express/lib/router/index.js:328:13)\n    at /Users/rrejin/Downloads/zolvex-deepclean/server/node_modules/express/lib/router/index.js:286:9\n    at router.process_params (/Users/rrejin/Downloads/zolvex-deepclean/server/node_modules/express/lib/router/index.js:346:12)\n    at next (/Users/rrejin/Downloads/zolvex-deepclean/server/node_modules/express/lib/router/index.js:280:10)\n    at /Users/rrejin/Downloads/zolvex-deepclean/server/node_modules/express/lib/router/index.js:646:15\n    at next (/Users/rrejin/Downloads/zolvex-deepclean/server/node_modules/express/lib/router/index.js:265:14)\n    at router.handle (/Users/rrejin/Downloads/zolvex-deepclean/server/node_modules/express/lib/router/index.js:175:3)\n    at router (/Users/rrejin/Downloads/zolvex-deepclean/server/node_modules/express/lib/router/index.js:47:12)\n    at Layer.handle [as handle_request] (/Users/rrejin/Downloads/zolvex-deepclean/server/node_modules/express/lib/router/layer.js:95:5)\n    at trim_prefix (/Users/rrejin/Downloads/zolvex-deepclean/server/node_modules/express/lib/router/index.js:328:13)\n    at /Users/rrejin/Downloads/zolvex-deepclean/server/node_modules/express/lib/router/index.js:286:9\n    at router.process_params (/Users/rrejin/Downloads/zolvex-deepclean/server/node_modules/express/lib/router/index.js:346:12)\n    at next (/Users/rrejin/Downloads/zolvex-deepclean/server/node_modules/express/lib/router/index.js:280:10)\n    at /Users/rrejin/Downloads/zolvex-deepclean/server/node_modules/express/lib/router/index.js:646:15\n    at next (/Users/rrejin/Downloads/zolvex-deepclean/server/node_modules/express/lib/router/index.js:265:14)\n    at router.handle (/Users/rrejin/Downloads/zolvex-deepclean/server/node_modules/express/lib/router/index.js:175:3)\n    at router (/Users/rrejin/Downloads/zolvex-deepclean/server/node_modules/express/lib/router/index.js:47:12)\n    at Layer.handle [as handle_request] (/Users/rrejin/Downloads/zolvex-deepclean/server/node_modules/express/lib/router/layer.js:95:5)\n    at trim_prefix (/Users/rrejin/Downloads/zolvex-deepclean/server/node_modules/express/lib/router/index.js:328:13)\n    at /Users/rrejin/Downloads/zolvex-deepclean/server/node_modules/express/lib/router/index.js:286:9\n    at router.process_params (/Users/rrejin/Downloads/zolvex-deepclean/server/node_modules/express/lib/router/index.js:346:12)\n    at next (/Users/rrejin/Downloads/zolvex-deepclean/server/node_modules/express/lib/router/index.js:280:10)\n    at router.handle (/Users/rrejin/Downloads/zolvex-deepclean/server/node_modules/express/lib/router/index.js:175:3)\n    at router (/Users/rrejin/Downloads/zolvex-deepclean/server/node_modules/express/lib/router/index.js:47:12)\n    at Layer.handle [as handle_request] (/Users/rrejin/Downloads/zolvex-deepclean/server/node_modules/express/lib/router/layer.js:95:5)\n    at trim_prefix (/Users/rrejin/Downloads/zolvex-deepclean/server/node_modules/express/lib/router/index.js:328:13)\n    at /Users/rrejin/Downloads/zolvex-deepclean/server/node_modules/express/lib/router/index.js:286:9\n    at router.process_params (/Users/rrejin/Downloads/zolvex-deepclean/server/node_modules/express/lib/router/index.js:346:12)\n    at next (/Users/rrejin/Downloads/zolvex-deepclean/server/node_modules/express/lib/router/index.js:280:10)\n    at /Users/rrejin/Downloads/zolvex-deepclean/server/node_modules/express-rate-limit/dist/index.cjs:706:9\n    at processTicksAndRejections (node:internal/process/task_queues:104:5)\n    at /Users/rrejin/Downloads/zolvex-deepclean/server/node_modules/express-rate-limit/dist/index.cjs:691:5","timestamp":"2026-07-30 10:22:18"}
{"level":"info","message":"::ffff:127.0.0.1 - - [30/Jul/2026:04:52:18 +0000] \"GET /api/v1/admin/analytics HTTP/1.1\" 401 93 \"-\" \"-\"","service":"zolvex-backend","timestamp":"2026-07-30 10:22:18"}
{"level":"info","message":"::ffff:127.0.0.1 - - [30/Jul/2026:04:52:18 +0000] \"GET /api/v1/admin/services HTTP/1.1\" 200 4913 \"-\" \"-\"","service":"zolvex-backend","timestamp":"2026-07-30 10:22:18"}
{"level":"info","message":"🍃 MongoDB Connected: localhost/zolvex_deepclean","service":"zolvex-backend","timestamp":"2026-07-30 10:22:26"}
{"level":"info","message":"🚀 Zolvex Enterprise Backend running in [development] on http://0.0.0.0:5002","service":"zolvex-backend","timestamp":"2026-07-30 10:22:26"}
{"level":"info","message":"📡 Health Check: http://localhost:5002/api/v1/health","service":"zolvex-backend","timestamp":"2026-07-30 10:22:26"}
{"level":"info","message":"📚 Swagger Docs: http://localhost:5002/api/v1/docs","service":"zolvex-backend","timestamp":"2026-07-30 10:22:26"}
{"level":"info","message":"::ffff:127.0.0.1 - - [30/Jul/2026:04:52:35 +0000] \"GET /api/v1/health HTTP/1.1\" 200 327 \"-\" \"-\"","service":"zolvex-backend","timestamp":"2026-07-30 10:22:35"}
{"level":"info","message":"::ffff:127.0.0.1 - - [30/Jul/2026:04:52:45 +0000] \"POST /api/v1/auth/login HTTP/1.1\" 200 463 \"-\" \"-\"","service":"zolvex-backend","timestamp":"2026-07-30 10:22:45"}
{"ip":"::ffff:127.0.0.1","level":"error","message":"[POST] /api/v1/auth/login - 401: Invalid email or password","service":"zolvex-backend","stack":"Error: Invalid email or password\n    at AuthService.login (/Users/rrejin/Downloads/zolvex-deepclean/server/src/services/authService.js:72:13)\n    at /Users/rrejin/Downloads/zolvex-deepclean/server/src/controllers/authController.js:23:18","timestamp":"2026-07-30 10:22:45"}
{"level":"info","message":"::ffff:127.0.0.1 - - [30/Jul/2026:04:52:45 +0000] \"POST /api/v1/auth/login HTTP/1.1\" 401 79 \"-\" \"-\"","service":"zolvex-backend","timestamp":"2026-07-30 10:22:45"}
{"level":"info","message":"::ffff:127.0.0.1 - - [30/Jul/2026:04:52:45 +0000] \"GET /api/v1/services HTTP/1.1\" 200 4915 \"-\" \"-\"","service":"zolvex-backend","timestamp":"2026-07-30 10:22:45"}
{"level":"info","message":"::ffff:127.0.0.1 - - [30/Jul/2026:04:52:45 +0000] \"GET /api/v1/services HTTP/1.1\" 200 4915 \"-\" \"-\"","service":"zolvex-backend","timestamp":"2026-07-30 10:22:45"}
{"level":"info","message":"::ffff:127.0.0.1 - - [30/Jul/2026:04:52:45 +0000] \"GET /api/v1/services/deep-cleaning HTTP/1.1\" 200 1217 \"-\" \"-\"","service":"zolvex-backend","timestamp":"2026-07-30 10:22:45"}
{"level":"info","message":"::ffff:127.0.0.1 - - [30/Jul/2026:04:52:45 +0000] \"POST /api/v1/price/calculate HTTP/1.1\" 200 209 \"-\" \"-\"","service":"zolvex-backend","timestamp":"2026-07-30 10:22:45"}
{"level":"info","message":"::ffff:127.0.0.1 - - [30/Jul/2026:04:52:45 +0000] \"POST /api/v1/bookings HTTP/1.1\" 201 747 \"-\" \"-\"","service":"zolvex-backend","timestamp":"2026-07-30 10:22:45"}
{"level":"info","message":"::ffff:127.0.0.1 - - [30/Jul/2026:04:52:45 +0000] \"GET /api/v1/bookings/track/ZLV-2026-2759 HTTP/1.1\" 200 743 \"-\" \"-\"","service":"zolvex-backend","timestamp":"2026-07-30 10:22:45"}
{"ip":"::ffff:127.0.0.1","level":"error","message":"[GET] /api/v1/admin/bookings - 401: Authentication required. Please log in.","service":"zolvex-backend","stack":"Error: Authentication required. Please log in.\n    at authenticate (/Users/rrejin/Downloads/zolvex-deepclean/server/src/middleware/auth.js:18:13)\n    at Layer.handle [as handle_request] (/Users/rrejin/Downloads/zolvex-deepclean/server/node_modules/express/lib/router/layer.js:95:5)\n    at next (/Users/rrejin/Downloads/zolvex-deepclean/server/node_modules/express/lib/router/route.js:149:13)\n    at Route.dispatch (/Users/rrejin/Downloads/zolvex-deepclean/server/node_modules/express/lib/router/route.js:119:3)\n    at Layer.handle [as handle_request] (/Users/rrejin/Downloads/zolvex-deepclean/server/node_modules/express/lib/router/layer.js:95:5)\n    at /Users/rrejin/Downloads/zolvex-deepclean/server/node_modules/express/lib/router/index.js:284:15\n    at router.process_params (/Users/rrejin/Downloads/zolvex-deepclean/server/node_modules/express/lib/router/index.js:346:12)\n    at next (/Users/rrejin/Downloads/zolvex-deepclean/server/node_modules/express/lib/router/index.js:280:10)\n    at router.handle (/Users/rrejin/Downloads/zolvex-deepclean/server/node_modules/express/lib/router/index.js:175:3)\n    at router (/Users/rrejin/Downloads/zolvex-deepclean/server/node_modules/express/lib/router/index.js:47:12)\n    at Layer.handle [as handle_request] (/Users/rrejin/Downloads/zolvex-deepclean/server/node_modules/express/lib/router/layer.js:95:5)\n    at trim_prefix (/Users/rrejin/Downloads/zolvex-deepclean/server/node_modules/express/lib/router/index.js:328:13)\n    at /Users/rrejin/Downloads/zolvex-deepclean/server/node_modules/express/lib/router/index.js:286:9\n    at router.process_params (/Users/rrejin/Downloads/zolvex-deepclean/server/node_modules/express/lib/router/index.js:346:12)\n    at next (/Users/rrejin/Downloads/zolvex-deepclean/server/node_modules/express/lib/router/index.js:280:10)\n    at /Users/rrejin/Downloads/zolvex-deepclean/server/node_modules/express/lib/router/index.js:646:15\n    at next (/Users/rrejin/Downloads/zolvex-deepclean/server/node_modules/express/lib/router/index.js:265:14)\n    at router.handle (/Users/rrejin/Downloads/zolvex-deepclean/server/node_modules/express/lib/router/index.js:175:3)\n    at router (/Users/rrejin/Downloads/zolvex-deepclean/server/node_modules/express/lib/router/index.js:47:12)\n    at Layer.handle [as handle_request] (/Users/rrejin/Downloads/zolvex-deepclean/server/node_modules/express/lib/router/layer.js:95:5)\n    at trim_prefix (/Users/rrejin/Downloads/zolvex-deepclean/server/node_modules/express/lib/router/index.js:328:13)\n    at /Users/rrejin/Downloads/zolvex-deepclean/server/node_modules/express/lib/router/index.js:286:9\n    at router.process_params (/Users/rrejin/Downloads/zolvex-deepclean/server/node_modules/express/lib/router/index.js:346:12)\n    at next (/Users/rrejin/Downloads/zolvex-deepclean/server/node_modules/express/lib/router/index.js:280:10)\n    at /Users/rrejin/Downloads/zolvex-deepclean/server/node_modules/express/lib/router/index.js:646:15\n    at next (/Users/rrejin/Downloads/zolvex-deepclean/server/node_modules/express/lib/router/index.js:265:14)\n    at router.handle (/Users/rrejin/Downloads/zolvex-deepclean/server/node_modules/express/lib/router/index.js:175:3)\n    at router (/Users/rrejin/Downloads/zolvex-deepclean/server/node_modules/express/lib/router/index.js:47:12)\n    at Layer.handle [as handle_request] (/Users/rrejin/Downloads/zolvex-deepclean/server/node_modules/express/lib/router/layer.js:95:5)\n    at trim_prefix (/Users/rrejin/Downloads/zolvex-deepclean/server/node_modules/express/lib/router/index.js:328:13)\n    at /Users/rrejin/Downloads/zolvex-deepclean/server/node_modules/express/lib/router/index.js:286:9\n    at router.process_params (/Users/rrejin/Downloads/zolvex-deepclean/server/node_modules/express/lib/router/index.js:346:12)\n    at next (/Users/rrejin/Downloads/zolvex-deepclean/server/node_modules/express/lib/router/index.js:280:10)\n    at /Users/rrejin/Downloads/zolvex-deepclean/server/node_modules/express/lib/router/index.js:646:15\n    at next (/Users/rrejin/Downloads/zolvex-deepclean/server/node_modules/express/lib/router/index.js:265:14)\n    at router.handle (/Users/rrejin/Downloads/zolvex-deepclean/server/node_modules/express/lib/router/index.js:175:3)\n    at router (/Users/rrejin/Downloads/zolvex-deepclean/server/node_modules/express/lib/router/index.js:47:12)\n    at Layer.handle [as handle_request] (/Users/rrejin/Downloads/zolvex-deepclean/server/node_modules/express/lib/router/layer.js:95:5)\n    at trim_prefix (/Users/rrejin/Downloads/zolvex-deepclean/server/node_modules/express/lib/router/index.js:328:13)\n    at /Users/rrejin/Downloads/zolvex-deepclean/server/node_modules/express/lib/router/index.js:286:9\n    at router.process_params (/Users/rrejin/Downloads/zolvex-deepclean/server/node_modules/express/lib/router/index.js:346:12)\n    at next (/Users/rrejin/Downloads/zolvex-deepclean/server/node_modules/express/lib/router/index.js:280:10)\n    at router.handle (/Users/rrejin/Downloads/zolvex-deepclean/server/node_modules/express/lib/router/index.js:175:3)\n    at router (/Users/rrejin/Downloads/zolvex-deepclean/server/node_modules/express/lib/router/index.js:47:12)\n    at Layer.handle [as handle_request] (/Users/rrejin/Downloads/zolvex-deepclean/server/node_modules/express/lib/router/layer.js:95:5)\n    at trim_prefix (/Users/rrejin/Downloads/zolvex-deepclean/server/node_modules/express/lib/router/index.js:328:13)\n    at /Users/rrejin/Downloads/zolvex-deepclean/server/node_modules/express/lib/router/index.js:286:9\n    at router.process_params (/Users/rrejin/Downloads/zolvex-deepclean/server/node_modules/express/lib/router/index.js:346:12)\n    at next (/Users/rrejin/Downloads/zolvex-deepclean/server/node_modules/express/lib/router/index.js:280:10)\n    at next (/Users/rrejin/Downloads/zolvex-deepclean/server/src/middleware/rateLimiter.js:28:27)\n    at Layer.handle [as handle_request] (/Users/rrejin/Downloads/zolvex-deepclean/server/node_modules/express/lib/router/layer.js:95:5)\n    at trim_prefix (/Users/rrejin/Downloads/zolvex-deepclean/server/node_modules/express/lib/router/index.js:328:13)\n    at /Users/rrejin/Downloads/zolvex-deepclean/server/node_modules/express/lib/router/index.js:286:9\n    at router.process_params (/Users/rrejin/Downloads/zolvex-deepclean/server/node_modules/express/lib/router/index.js:346:12)\n    at next (/Users/rrejin/Downloads/zolvex-deepclean/server/node_modules/express/lib/router/index.js:280:10)\n    at logger (/Users/rrejin/Downloads/zolvex-deepclean/server/node_modules/morgan/index.js:170:5)\n    at Layer.handle [as handle_request] (/Users/rrejin/Downloads/zolvex-deepclean/server/node_modules/express/lib/router/layer.js:95:5)\n    at trim_prefix (/Users/rrejin/Downloads/zolvex-deepclean/server/node_modules/express/lib/router/index.js:328:13)\n    at /Users/rrejin/Downloads/zolvex-deepclean/server/node_modules/express/lib/router/index.js:286:9\n    at router.process_params (/Users/rrejin/Downloads/zolvex-deepclean/server/node_modules/express/lib/router/index.js:346:12)\n    at next (/Users/rrejin/Downloads/zolvex-deepclean/server/node_modules/express/lib/router/index.js:280:10)\n    at /Users/rrejin/Downloads/zolvex-deepclean/server/node_modules/express-mongo-sanitize/index.js:122:5\n    at Layer.handle [as handle_request] (/Users/rrejin/Downloads/zolvex-deepclean/server/node_modules/express/lib/router/layer.js:95:5)\n    at trim_prefix (/Users/rrejin/Downloads/zolvex-deepclean/server/node_modules/express/lib/router/index.js:328:13)\n    at /Users/rrejin/Downloads/zolvex-deepclean/server/node_modules/express/lib/router/index.js:286:9\n    at router.process_params (/Users/rrejin/Downloads/zolvex-deepclean/server/node_modules/express/lib/router/index.js:346:12)\n    at next (/Users/rrejin/Downloads/zolvex-deepclean/server/node_modules/express/lib/router/index.js:280:10)\n    at cookieParser (/Users/rrejin/Downloads/zolvex-deepclean/server/node_modules/cookie-parser/index.js:57:14)\n    at Layer.handle [as handle_request] (/Users/rrejin/Downloads/zolvex-deepclean/server/node_modules/express/lib/router/layer.js:95:5)\n    at trim_prefix (/Users/rrejin/Downloads/zolvex-deepclean/server/node_modules/express/lib/router/index.js:328:13)\n    at /Users/rrejin/Downloads/zolvex-deepclean/server/node_modules/express/lib/router/index.js:286:9\n    at router.process_params (/Users/rrejin/Downloads/zolvex-deepclean/server/node_modules/express/lib/router/index.js:346:12)\n    at next (/Users/rrejin/Downloads/zolvex-deepclean/server/node_modules/express/lib/router/index.js:280:10)\n    at urlencodedParser (/Users/rrejin/Downloads/zolvex-deepclean/server/node_modules/body-parser/lib/types/urlencoded.js:95:7)\n    at Layer.handle [as handle_request] (/Users/rrejin/Downloads/zolvex-deepclean/server/node_modules/express/lib/router/layer.js:95:5)\n    at trim_prefix (/Users/rrejin/Downloads/zolvex-deepclean/server/node_modules/express/lib/router/index.js:328:13)\n    at /Users/rrejin/Downloads/zolvex-deepclean/server/node_modules/express/lib/router/index.js:286:9\n    at router.process_params (/Users/rrejin/Downloads/zolvex-deepclean/server/node_modules/express/lib/router/index.js:346:12)\n    at next (/Users/rrejin/Downloads/zolvex-deepclean/server/node_modules/express/lib/router/index.js:280:10)\n    at jsonParser (/Users/rrejin/Downloads/zolvex-deepclean/server/node_modules/body-parser/lib/types/json.js:117:7)\n    at Layer.handle [as handle_request] (/Users/rrejin/Downloads/zolvex-deepclean/server/node_modules/express/lib/router/layer.js:95:5)\n    at trim_prefix (/Users/rrejin/Downloads/zolvex-deepclean/server/node_modules/express/lib/router/index.js:328:13)\n    at /Users/rrejin/Downloads/zolvex-deepclean/server/node_modules/express/lib/router/index.js:286:9\n    at router.process_params (/Users/rrejin/Downloads/zolvex-deepclean/server/node_modules/express/lib/router/index.js:346:12)\n    at next (/Users/rrejin/Downloads/zolvex-deepclean/server/node_modules/express/lib/router/index.js:280:10)\n    at cors (/Users/rrejin/Downloads/zolvex-deepclean/server/node_modules/cors/lib/index.js:188:7)\n    at /Users/rrejin/Downloads/zolvex-deepclean/server/node_modules/cors/lib/index.js:224:17\n    at originCallback (/Users/rrejin/Downloads/zolvex-deepclean/server/node_modules/cors/lib/index.js:214:15)\n    at /Users/rrejin/Downloads/zolvex-deepclean/server/node_modules/cors/lib/index.js:219:13\n    at optionsCallback (/Users/rrejin/Downloads/zolvex-deepclean/server/node_modules/cors/lib/index.js:199:9)\n    at corsMiddleware (/Users/rrejin/Downloads/zolvex-deepclean/server/node_modules/cors/lib/index.js:204:7)\n    at Layer.handle [as handle_request] (/Users/rrejin/Downloads/zolvex-deepclean/server/node_modules/express/lib/router/layer.js:95:5)\n    at trim_prefix (/Users/rrejin/Downloads/zolvex-deepclean/server/node_modules/express/lib/router/index.js:328:13)\n    at /Users/rrejin/Downloads/zolvex-deepclean/server/node_modules/express/lib/router/index.js:286:9\n    at router.process_params (/Users/rrejin/Downloads/zolvex-deepclean/server/node_modules/express/lib/router/index.js:346:12)\n    at next (/Users/rrejin/Downloads/zolvex-deepclean/server/node_modules/express/lib/router/index.js:280:10)\n    at internalNext (/Users/rrejin/Downloads/zolvex-deepclean/server/node_modules/helmet/index.cjs:558:6)\n    at xXssProtectionMiddleware (/Users/rrejin/Downloads/zolvex-deepclean/server/node_modules/helmet/index.cjs:338:3)\n    at internalNext (/Users/rrejin/Downloads/zolvex-deepclean/server/node_modules/helmet/index.cjs:556:6)\n    at xPoweredByMiddleware (/Users/rrejin/Downloads/zolvex-deepclean/server/node_modules/helmet/index.cjs:331:3)","timestamp":"2026-07-30 10:22:45"}
{"level":"info","message":"::ffff:127.0.0.1 - - [30/Jul/2026:04:52:45 +0000] \"GET /api/v1/admin/bookings HTTP/1.1\" 401 93 \"-\" \"-\"","service":"zolvex-backend","timestamp":"2026-07-30 10:22:45"}
{"ip":"::ffff:127.0.0.1","level":"error","message":"[GET] /api/v1/admin/services - 401: Authentication required. Please log in.","service":"zolvex-backend","stack":"Error: Authentication required. Please log in.\n    at authenticate (/Users/rrejin/Downloads/zolvex-deepclean/server/src/middleware/auth.js:18:13)\n    at Layer.handle [as handle_request] (/Users/rrejin/Downloads/zolvex-deepclean/server/node_modules/express/lib/router/layer.js:95:5)\n    at next (/Users/rrejin/Downloads/zolvex-deepclean/server/node_modules/express/lib/router/route.js:149:13)\n    at Route.dispatch (/Users/rrejin/Downloads/zolvex-deepclean/server/node_modules/express/lib/router/route.js:119:3)\n    at Layer.handle [as handle_request] (/Users/rrejin/Downloads/zolvex-deepclean/server/node_modules/express/lib/router/layer.js:95:5)\n    at /Users/rrejin/Downloads/zolvex-deepclean/server/node_modules/express/lib/router/index.js:284:15\n    at router.process_params (/Users/rrejin/Downloads/zolvex-deepclean/server/node_modules/express/lib/router/index.js:346:12)\n    at next (/Users/rrejin/Downloads/zolvex-deepclean/server/node_modules/express/lib/router/index.js:280:10)\n    at router.handle (/Users/rrejin/Downloads/zolvex-deepclean/server/node_modules/express/lib/router/index.js:175:3)\n    at router (/Users/rrejin/Downloads/zolvex-deepclean/server/node_modules/express/lib/router/index.js:47:12)\n    at Layer.handle [as handle_request] (/Users/rrejin/Downloads/zolvex-deepclean/server/node_modules/express/lib/router/layer.js:95:5)\n    at trim_prefix (/Users/rrejin/Downloads/zolvex-deepclean/server/node_modules/express/lib/router/index.js:328:13)\n    at /Users/rrejin/Downloads/zolvex-deepclean/server/node_modules/express/lib/router/index.js:286:9\n    at router.process_params (/Users/rrejin/Downloads/zolvex-deepclean/server/node_modules/express/lib/router/index.js:346:12)\n    at next (/Users/rrejin/Downloads/zolvex-deepclean/server/node_modules/express/lib/router/index.js:280:10)\n    at /Users/rrejin/Downloads/zolvex-deepclean/server/node_modules/express/lib/router/index.js:646:15\n    at next (/Users/rrejin/Downloads/zolvex-deepclean/server/node_modules/express/lib/router/index.js:265:14)\n    at router.handle (/Users/rrejin/Downloads/zolvex-deepclean/server/node_modules/express/lib/router/index.js:175:3)\n    at router (/Users/rrejin/Downloads/zolvex-deepclean/server/node_modules/express/lib/router/index.js:47:12)\n    at Layer.handle [as handle_request] (/Users/rrejin/Downloads/zolvex-deepclean/server/node_modules/express/lib/router/layer.js:95:5)\n    at trim_prefix (/Users/rrejin/Downloads/zolvex-deepclean/server/node_modules/express/lib/router/index.js:328:13)\n    at /Users/rrejin/Downloads/zolvex-deepclean/server/node_modules/express/lib/router/index.js:286:9\n    at router.process_params (/Users/rrejin/Downloads/zolvex-deepclean/server/node_modules/express/lib/router/index.js:346:12)\n    at next (/Users/rrejin/Downloads/zolvex-deepclean/server/node_modules/express/lib/router/index.js:280:10)\n    at router.handle (/Users/rrejin/Downloads/zolvex-deepclean/server/node_modules/express/lib/router/index.js:175:3)\n    at router (/Users/rrejin/Downloads/zolvex-deepclean/server/node_modules/express/lib/router/index.js:47:12)\n    at Layer.handle [as handle_request] (/Users/rrejin/Downloads/zolvex-deepclean/server/node_modules/express/lib/router/layer.js:95:5)\n    at trim_prefix (/Users/rrejin/Downloads/zolvex-deepclean/server/node_modules/express/lib/router/index.js:328:13)\n    at /Users/rrejin/Downloads/zolvex-deepclean/server/node_modules/express/lib/router/index.js:286:9\n    at router.process_params (/Users/rrejin/Downloads/zolvex-deepclean/server/node_modules/express/lib/router/index.js:346:12)\n    at next (/Users/rrejin/Downloads/zolvex-deepclean/server/node_modules/express/lib/router/index.js:280:10)\n    at next (/Users/rrejin/Downloads/zolvex-deepclean/server/src/middleware/rateLimiter.js:28:27)\n    at Layer.handle [as handle_request] (/Users/rrejin/Downloads/zolvex-deepclean/server/node_modules/express/lib/router/layer.js:95:5)\n    at trim_prefix (/Users/rrejin/Downloads/zolvex-deepclean/server/node_modules/express/lib/router/index.js:328:13)\n    at /Users/rrejin/Downloads/zolvex-deepclean/server/node_modules/express/lib/router/index.js:286:9\n    at router.process_params (/Users/rrejin/Downloads/zolvex-deepclean/server/node_modules/express/lib/router/index.js:346:12)\n    at next (/Users/rrejin/Downloads/zolvex-deepclean/server/node_modules/express/lib/router/index.js:280:10)\n    at logger (/Users/rrejin/Downloads/zolvex-deepclean/server/node_modules/morgan/index.js:170:5)\n    at Layer.handle [as handle_request] (/Users/rrejin/Downloads/zolvex-deepclean/server/node_modules/express/lib/router/layer.js:95:5)\n    at trim_prefix (/Users/rrejin/Downloads/zolvex-deepclean/server/node_modules/express/lib/router/index.js:328:13)\n    at /Users/rrejin/Downloads/zolvex-deepclean/server/node_modules/express/lib/router/index.js:286:9\n    at router.process_params (/Users/rrejin/Downloads/zolvex-deepclean/server/node_modules/express/lib/router/index.js:346:12)\n    at next (/Users/rrejin/Downloads/zolvex-deepclean/server/node_modules/express/lib/router/index.js:280:10)\n    at /Users/rrejin/Downloads/zolvex-deepclean/server/node_modules/express-mongo-sanitize/index.js:122:5\n    at Layer.handle [as handle_request] (/Users/rrejin/Downloads/zolvex-deepclean/server/node_modules/express/lib/router/layer.js:95:5)\n    at trim_prefix (/Users/rrejin/Downloads/zolvex-deepclean/server/node_modules/express/lib/router/index.js:328:13)\n    at /Users/rrejin/Downloads/zolvex-deepclean/server/node_modules/express/lib/router/index.js:286:9\n    at router.process_params (/Users/rrejin/Downloads/zolvex-deepclean/server/node_modules/express/lib/router/index.js:346:12)\n    at next (/Users/rrejin/Downloads/zolvex-deepclean/server/node_modules/express/lib/router/index.js:280:10)\n    at cookieParser (/Users/rrejin/Downloads/zolvex-deepclean/server/node_modules/cookie-parser/index.js:57:14)\n    at Layer.handle [as handle_request] (/Users/rrejin/Downloads/zolvex-deepclean/server/node_modules/express/lib/router/layer.js:95:5)\n    at trim_prefix (/Users/rrejin/Downloads/zolvex-deepclean/server/node_modules/express/lib/router/index.js:328:13)\n    at /Users/rrejin/Downloads/zolvex-deepclean/server/node_modules/express/lib/router/index.js:286:9\n    at router.process_params (/Users/rrejin/Downloads/zolvex-deepclean/server/node_modules/express/lib/router/index.js:346:12)\n    at next (/Users/rrejin/Downloads/zolvex-deepclean/server/node_modules/express/lib/router/index.js:280:10)\n    at urlencodedParser (/Users/rrejin/Downloads/zolvex-deepclean/server/node_modules/body-parser/lib/types/urlencoded.js:95:7)\n    at Layer.handle [as handle_request] (/Users/rrejin/Downloads/zolvex-deepclean/server/node_modules/express/lib/router/layer.js:95:5)\n    at trim_prefix (/Users/rrejin/Downloads/zolvex-deepclean/server/node_modules/express/lib/router/index.js:328:13)\n    at /Users/rrejin/Downloads/zolvex-deepclean/server/node_modules/express/lib/router/index.js:286:9\n    at router.process_params (/Users/rrejin/Downloads/zolvex-deepclean/server/node_modules/express/lib/router/index.js:346:12)\n    at next (/Users/rrejin/Downloads/zolvex-deepclean/server/node_modules/express/lib/router/index.js:280:10)\n    at jsonParser (/Users/rrejin/Downloads/zolvex-deepclean/server/node_modules/body-parser/lib/types/json.js:117:7)\n    at Layer.handle [as handle_request] (/Users/rrejin/Downloads/zolvex-deepclean/server/node_modules/express/lib/router/layer.js:95:5)\n    at trim_prefix (/Users/rrejin/Downloads/zolvex-deepclean/server/node_modules/express/lib/router/index.js:328:13)\n    at /Users/rrejin/Downloads/zolvex-deepclean/server/node_modules/express/lib/router/index.js:286:9\n    at router.process_params (/Users/rrejin/Downloads/zolvex-deepclean/server/node_modules/express/lib/router/index.js:346:12)\n    at next (/Users/rrejin/Downloads/zolvex-deepclean/server/node_modules/express/lib/router/index.js:280:10)\n    at cors (/Users/rrejin/Downloads/zolvex-deepclean/server/node_modules/cors/lib/index.js:188:7)\n    at /Users/rrejin/Downloads/zolvex-deepclean/server/node_modules/cors/lib/index.js:224:17\n    at originCallback (/Users/rrejin/Downloads/zolvex-deepclean/server/node_modules/cors/lib/index.js:214:15)\n    at /Users/rrejin/Downloads/zolvex-deepclean/server/node_modules/cors/lib/index.js:219:13\n    at optionsCallback (/Users/rrejin/Downloads/zolvex-deepclean/server/node_modules/cors/lib/index.js:199:9)\n    at corsMiddleware (/Users/rrejin/Downloads/zolvex-deepclean/server/node_modules/cors/lib/index.js:204:7)\n    at Layer.handle [as handle_request] (/Users/rrejin/Downloads/zolvex-deepclean/server/node_modules/express/lib/router/layer.js:95:5)\n    at trim_prefix (/Users/rrejin/Downloads/zolvex-deepclean/server/node_modules/express/lib/router/index.js:328:13)\n    at /Users/rrejin/Downloads/zolvex-deepclean/server/node_modules/express/lib/router/index.js:286:9\n    at router.process_params (/Users/rrejin/Downloads/zolvex-deepclean/server/node_modules/express/lib/router/index.js:346:12)\n    at next (/Users/rrejin/Downloads/zolvex-deepclean/server/node_modules/express/lib/router/index.js:280:10)\n    at internalNext (/Users/rrejin/Downloads/zolvex-deepclean/server/node_modules/helmet/index.cjs:558:6)\n    at xXssProtectionMiddleware (/Users/rrejin/Downloads/zolvex-deepclean/server/node_modules/helmet/index.cjs:338:3)\n    at internalNext (/Users/rrejin/Downloads/zolvex-deepclean/server/node_modules/helmet/index.cjs:556:6)\n    at xPoweredByMiddleware (/Users/rrejin/Downloads/zolvex-deepclean/server/node_modules/helmet/index.cjs:331:3)\n    at internalNext (/Users/rrejin/Downloads/zolvex-deepclean/server/node_modules/helmet/index.cjs:556:6)\n    at xPermittedCrossDomainPoliciesMiddleware (/Users/rrejin/Downloads/zolvex-deepclean/server/node_modules/helmet/index.cjs:324:3)\n    at internalNext (/Users/rrejin/Downloads/zolvex-deepclean/server/node_modules/helmet/index.cjs:556:6)\n    at xFrameOptionsMiddleware (/Users/rrejin/Downloads/zolvex-deepclean/server/node_modules/helmet/index.cjs:308:3)\n    at internalNext (/Users/rrejin/Downloads/zolvex-deepclean/server/node_modules/helmet/index.cjs:556:6)\n    at xDownloadOptionsMiddleware (/Users/rrejin/Downloads/zolvex-deepclean/server/node_modules/helmet/index.cjs:288:3)\n    at internalNext (/Users/rrejin/Downloads/zolvex-deepclean/server/node_modules/helmet/index.cjs:556:6)\n    at xDnsPrefetchControlMiddleware (/Users/rrejin/Downloads/zolvex-deepclean/server/node_modules/helmet/index.cjs:281:3)\n    at internalNext (/Users/rrejin/Downloads/zolvex-deepclean/server/node_modules/helmet/index.cjs:556:6)\n    at xContentTypeOptionsMiddleware (/Users/rrejin/Downloads/zolvex-deepclean/server/node_modules/helmet/index.cjs:273:3)\n    at internalNext (/Users/rrejin/Downloads/zolvex-deepclean/server/node_modules/helmet/index.cjs:556:6)\n    at strictTransportSecurityMiddleware (/Users/rrejin/Downloads/zolvex-deepclean/server/node_modules/helmet/index.cjs:266:3)\n    at internalNext (/Users/rrejin/Downloads/zolvex-deepclean/server/node_modules/helmet/index.cjs:556:6)\n    at referrerPolicyMiddleware (/Users/rrejin/Downloads/zolvex-deepclean/server/node_modules/helmet/index.cjs:234:3)\n    at internalNext (/Users/rrejin/Downloads/zolvex-deepclean/server/node_modules/helmet/index.cjs:556:6)\n    at originAgentClusterMiddleware (/Users/rrejin/Downloads/zolvex-deepclean/server/node_modules/helmet/index.cjs:209:3)\n    at internalNext (/Users/rrejin/Downloads/zolvex-deepclean/server/node_modules/helmet/index.cjs:556:6)\n    at crossOriginResourcePolicyMiddleware (/Users/rrejin/Downloads/zolvex-deepclean/server/node_modules/helmet/index.cjs:202:3)","timestamp":"2026-07-30 10:22:45"}
{"level":"info","message":"::ffff:127.0.0.1 - - [30/Jul/2026:04:52:45 +0000] \"GET /api/v1/admin/services HTTP/1.1\" 401 93 \"-\" \"-\"","service":"zolvex-backend","timestamp":"2026-07-30 10:22:45"}
{"ip":"::ffff:127.0.0.1","level":"error","message":"[GET] /api/v1/admin/analytics - 401: Authentication required. Please log in.","service":"zolvex-backend","stack":"Error: Authentication required. Please log in.\n    at authenticate (/Users/rrejin/Downloads/zolvex-deepclean/server/src/middleware/auth.js:18:13)\n    at Layer.handle [as handle_request] (/Users/rrejin/Downloads/zolvex-deepclean/server/node_modules/express/lib/router/layer.js:95:5)\n    at trim_prefix (/Users/rrejin/Downloads/zolvex-deepclean/server/node_modules/express/lib/router/index.js:328:13)\n    at /Users/rrejin/Downloads/zolvex-deepclean/server/node_modules/express/lib/router/index.js:286:9\n    at router.process_params (/Users/rrejin/Downloads/zolvex-deepclean/server/node_modules/express/lib/router/index.js:346:12)\n    at next (/Users/rrejin/Downloads/zolvex-deepclean/server/node_modules/express/lib/router/index.js:280:10)\n    at router.handle (/Users/rrejin/Downloads/zolvex-deepclean/server/node_modules/express/lib/router/index.js:175:3)\n    at router (/Users/rrejin/Downloads/zolvex-deepclean/server/node_modules/express/lib/router/index.js:47:12)\n    at Layer.handle [as handle_request] (/Users/rrejin/Downloads/zolvex-deepclean/server/node_modules/express/lib/router/layer.js:95:5)\n    at trim_prefix (/Users/rrejin/Downloads/zolvex-deepclean/server/node_modules/express/lib/router/index.js:328:13)\n    at /Users/rrejin/Downloads/zolvex-deepclean/server/node_modules/express/lib/router/index.js:286:9\n    at router.process_params (/Users/rrejin/Downloads/zolvex-deepclean/server/node_modules/express/lib/router/index.js:346:12)\n    at next (/Users/rrejin/Downloads/zolvex-deepclean/server/node_modules/express/lib/router/index.js:280:10)\n    at /Users/rrejin/Downloads/zolvex-deepclean/server/node_modules/express/lib/router/index.js:646:15\n    at next (/Users/rrejin/Downloads/zolvex-deepclean/server/node_modules/express/lib/router/index.js:265:14)\n    at router.handle (/Users/rrejin/Downloads/zolvex-deepclean/server/node_modules/express/lib/router/index.js:175:3)\n    at router (/Users/rrejin/Downloads/zolvex-deepclean/server/node_modules/express/lib/router/index.js:47:12)\n    at Layer.handle [as handle_request] (/Users/rrejin/Downloads/zolvex-deepclean/server/node_modules/express/lib/router/layer.js:95:5)\n    at trim_prefix (/Users/rrejin/Downloads/zolvex-deepclean/server/node_modules/express/lib/router/index.js:328:13)\n    at /Users/rrejin/Downloads/zolvex-deepclean/server/node_modules/express/lib/router/index.js:286:9\n    at router.process_params (/Users/rrejin/Downloads/zolvex-deepclean/server/node_modules/express/lib/router/index.js:346:12)\n    at next (/Users/rrejin/Downloads/zolvex-deepclean/server/node_modules/express/lib/router/index.js:280:10)\n    at /Users/rrejin/Downloads/zolvex-deepclean/server/node_modules/express/lib/router/index.js:646:15\n    at next (/Users/rrejin/Downloads/zolvex-deepclean/server/node_modules/express/lib/router/index.js:265:14)\n    at router.handle (/Users/rrejin/Downloads/zolvex-deepclean/server/node_modules/express/lib/router/index.js:175:3)\n    at router (/Users/rrejin/Downloads/zolvex-deepclean/server/node_modules/express/lib/router/index.js:47:12)\n    at Layer.handle [as handle_request] (/Users/rrejin/Downloads/zolvex-deepclean/server/node_modules/express/lib/router/layer.js:95:5)\n    at trim_prefix (/Users/rrejin/Downloads/zolvex-deepclean/server/node_modules/express/lib/router/index.js:328:13)\n    at /Users/rrejin/Downloads/zolvex-deepclean/server/node_modules/express/lib/router/index.js:286:9\n    at router.process_params (/Users/rrejin/Downloads/zolvex-deepclean/server/node_modules/express/lib/router/index.js:346:12)\n    at next (/Users/rrejin/Downloads/zolvex-deepclean/server/node_modules/express/lib/router/index.js:280:10)\n    at /Users/rrejin/Downloads/zolvex-deepclean/server/node_modules/express/lib/router/index.js:646:15\n    at next (/Users/rrejin/Downloads/zolvex-deepclean/server/node_modules/express/lib/router/index.js:265:14)\n    at router.handle (/Users/rrejin/Downloads/zolvex-deepclean/server/node_modules/express/lib/router/index.js:175:3)\n    at router (/Users/rrejin/Downloads/zolvex-deepclean/server/node_modules/express/lib/router/index.js:47:12)\n    at Layer.handle [as handle_request] (/Users/rrejin/Downloads/zolvex-deepclean/server/node_modules/express/lib/router/layer.js:95:5)\n    at trim_prefix (/Users/rrejin/Downloads/zolvex-deepclean/server/node_modules/express/lib/router/index.js:328:13)\n    at /Users/rrejin/Downloads/zolvex-deepclean/server/node_modules/express/lib/router/index.js:286:9\n    at router.process_params (/Users/rrejin/Downloads/zolvex-deepclean/server/node_modules/express/lib/router/index.js:346:12)\n    at next (/Users/rrejin/Downloads/zolvex-deepclean/server/node_modules/express/lib/router/index.js:280:10)\n    at /Users/rrejin/Downloads/zolvex-deepclean/server/node_modules/express/lib/router/index.js:646:15\n    at next (/Users/rrejin/Downloads/zolvex-deepclean/server/node_modules/express/lib/router/index.js:265:14)\n    at router.handle (/Users/rrejin/Downloads/zolvex-deepclean/server/node_modules/express/lib/router/index.js:175:3)\n    at router (/Users/rrejin/Downloads/zolvex-deepclean/server/node_modules/express/lib/router/index.js:47:12)\n    at Layer.handle [as handle_request] (/Users/rrejin/Downloads/zolvex-deepclean/server/node_modules/express/lib/router/layer.js:95:5)\n    at trim_prefix (/Users/rrejin/Downloads/zolvex-deepclean/server/node_modules/express/lib/router/index.js:328:13)\n    at /Users/rrejin/Downloads/zolvex-deepclean/server/node_modules/express/lib/router/index.js:286:9\n    at router.process_params (/Users/rrejin/Downloads/zolvex-deepclean/server/node_modules/express/lib/router/index.js:346:12)\n    at next (/Users/rrejin/Downloads/zolvex-deepclean/server/node_modules/express/lib/router/index.js:280:10)\n    at router.handle (/Users/rrejin/Downloads/zolvex-deepclean/server/node_modules/express/lib/router/index.js:175:3)\n    at router (/Users/rrejin/Downloads/zolvex-deepclean/server/node_modules/express/lib/router/index.js:47:12)\n    at Layer.handle [as handle_request] (/Users/rrejin/Downloads/zolvex-deepclean/server/node_modules/express/lib/router/layer.js:95:5)\n    at trim_prefix (/Users/rrejin/Downloads/zolvex-deepclean/server/node_modules/express/lib/router/index.js:328:13)\n    at /Users/rrejin/Downloads/zolvex-deepclean/server/node_modules/express/lib/router/index.js:286:9\n    at router.process_params (/Users/rrejin/Downloads/zolvex-deepclean/server/node_modules/express/lib/router/index.js:346:12)\n    at next (/Users/rrejin/Downloads/zolvex-deepclean/server/node_modules/express/lib/router/index.js:280:10)\n    at next (/Users/rrejin/Downloads/zolvex-deepclean/server/src/middleware/rateLimiter.js:28:27)\n    at Layer.handle [as handle_request] (/Users/rrejin/Downloads/zolvex-deepclean/server/node_modules/express/lib/router/layer.js:95:5)\n    at trim_prefix (/Users/rrejin/Downloads/zolvex-deepclean/server/node_modules/express/lib/router/index.js:328:13)\n    at /Users/rrejin/Downloads/zolvex-deepclean/server/node_modules/express/lib/router/index.js:286:9\n    at router.process_params (/Users/rrejin/Downloads/zolvex-deepclean/server/node_modules/express/lib/router/index.js:346:12)\n    at next (/Users/rrejin/Downloads/zolvex-deepclean/server/node_modules/express/lib/router/index.js:280:10)\n    at logger (/Users/rrejin/Downloads/zolvex-deepclean/server/node_modules/morgan/index.js:170:5)\n    at Layer.handle [as handle_request] (/Users/rrejin/Downloads/zolvex-deepclean/server/node_modules/express/lib/router/layer.js:95:5)\n    at trim_prefix (/Users/rrejin/Downloads/zolvex-deepclean/server/node_modules/express/lib/router/index.js:328:13)\n    at /Users/rrejin/Downloads/zolvex-deepclean/server/node_modules/express/lib/router/index.js:286:9\n    at router.process_params (/Users/rrejin/Downloads/zolvex-deepclean/server/node_modules/express/lib/router/index.js:346:12)\n    at next (/Users/rrejin/Downloads/zolvex-deepclean/server/node_modules/express/lib/router/index.js:280:10)\n    at /Users/rrejin/Downloads/zolvex-deepclean/server/node_modules/express-mongo-sanitize/index.js:122:5\n    at Layer.handle [as handle_request] (/Users/rrejin/Downloads/zolvex-deepclean/server/node_modules/express/lib/router/layer.js:95:5)\n    at trim_prefix (/Users/rrejin/Downloads/zolvex-deepclean/server/node_modules/express/lib/router/index.js:328:13)\n    at /Users/rrejin/Downloads/zolvex-deepclean/server/node_modules/express/lib/router/index.js:286:9\n    at router.process_params (/Users/rrejin/Downloads/zolvex-deepclean/server/node_modules/express/lib/router/index.js:346:12)\n    at next (/Users/rrejin/Downloads/zolvex-deepclean/server/node_modules/express/lib/router/index.js:280:10)\n    at cookieParser (/Users/rrejin/Downloads/zolvex-deepclean/server/node_modules/cookie-parser/index.js:57:14)\n    at Layer.handle [as handle_request] (/Users/rrejin/Downloads/zolvex-deepclean/server/node_modules/express/lib/router/layer.js:95:5)\n    at trim_prefix (/Users/rrejin/Downloads/zolvex-deepclean/server/node_modules/express/lib/router/index.js:328:13)\n    at /Users/rrejin/Downloads/zolvex-deepclean/server/node_modules/express/lib/router/index.js:286:9\n    at router.process_params (/Users/rrejin/Downloads/zolvex-deepclean/server/node_modules/express/lib/router/index.js:346:12)\n    at next (/Users/rrejin/Downloads/zolvex-deepclean/server/node_modules/express/lib/router/index.js:280:10)\n    at urlencodedParser (/Users/rrejin/Downloads/zolvex-deepclean/server/node_modules/body-parser/lib/types/urlencoded.js:95:7)\n    at Layer.handle [as handle_request] (/Users/rrejin/Downloads/zolvex-deepclean/server/node_modules/express/lib/router/layer.js:95:5)\n    at trim_prefix (/Users/rrejin/Downloads/zolvex-deepclean/server/node_modules/express/lib/router/index.js:328:13)\n    at /Users/rrejin/Downloads/zolvex-deepclean/server/node_modules/express/lib/router/index.js:286:9\n    at router.process_params (/Users/rrejin/Downloads/zolvex-deepclean/server/node_modules/express/lib/router/index.js:346:12)\n    at next (/Users/rrejin/Downloads/zolvex-deepclean/server/node_modules/express/lib/router/index.js:280:10)\n    at jsonParser (/Users/rrejin/Downloads/zolvex-deepclean/server/node_modules/body-parser/lib/types/json.js:117:7)\n    at Layer.handle [as handle_request] (/Users/rrejin/Downloads/zolvex-deepclean/server/node_modules/express/lib/router/layer.js:95:5)\n    at trim_prefix (/Users/rrejin/Downloads/zolvex-deepclean/server/node_modules/express/lib/router/index.js:328:13)\n    at /Users/rrejin/Downloads/zolvex-deepclean/server/node_modules/express/lib/router/index.js:286:9\n    at router.process_params (/Users/rrejin/Downloads/zolvex-deepclean/server/node_modules/express/lib/router/index.js:346:12)\n    at next (/Users/rrejin/Downloads/zolvex-deepclean/server/node_modules/express/lib/router/index.js:280:10)\n    at cors (/Users/rrejin/Downloads/zolvex-deepclean/server/node_modules/cors/lib/index.js:188:7)\n    at /Users/rrejin/Downloads/zolvex-deepclean/server/node_modules/cors/lib/index.js:224:17\n    at originCallback (/Users/rrejin/Downloads/zolvex-deepclean/server/node_modules/cors/lib/index.js:214:15)\n    at /Users/rrejin/Downloads/zolvex-deepclean/server/node_modules/cors/lib/index.js:219:13\n    at optionsCallback (/Users/rrejin/Downloads/zolvex-deepclean/server/node_modules/cors/lib/index.js:199:9)\n    at corsMiddleware (/Users/rrejin/Downloads/zolvex-deepclean/server/node_modules/cors/lib/index.js:204:7)\n    at Layer.handle [as handle_request] (/Users/rrejin/Downloads/zolvex-deepclean/server/node_modules/express/lib/router/layer.js:95:5)\n    at trim_prefix (/Users/rrejin/Downloads/zolvex-deepclean/server/node_modules/express/lib/router/index.js:328:13)","timestamp":"2026-07-30 10:22:45"}
{"level":"info","message":"::ffff:127.0.0.1 - - [30/Jul/2026:04:52:45 +0000] \"GET /api/v1/admin/analytics HTTP/1.1\" 401 93 \"-\" \"-\"","service":"zolvex-backend","timestamp":"2026-07-30 10:22:45"}
{"level":"info","message":"::ffff:127.0.0.1 - - [30/Jul/2026:04:52:45 +0000] \"GET /api/v1/admin/services HTTP/1.1\" 200 4913 \"-\" \"-\"","service":"zolvex-backend","timestamp":"2026-07-30 10:22:45"}
{"level":"info","message":"🍃 MongoDB Connected: localhost/zolvex_deepclean","service":"zolvex-backend","timestamp":"2026-07-30 10:22:53"}
{"level":"info","message":"🚀 Zolvex Enterprise Backend running in [development] on http://0.0.0.0:5002","service":"zolvex-backend","timestamp":"2026-07-30 10:22:53"}
{"level":"info","message":"📡 Health Check: http://localhost:5002/api/v1/health","service":"zolvex-backend","timestamp":"2026-07-30 10:22:53"}
{"level":"info","message":"📚 Swagger Docs: http://localhost:5002/api/v1/docs","service":"zolvex-backend","timestamp":"2026-07-30 10:22:53"}
{"level":"info","message":"::ffff:127.0.0.1 - - [30/Jul/2026:04:53:01 +0000] \"GET /api/v1/health HTTP/1.1\" 200 327 \"-\" \"-\"","service":"zolvex-backend","timestamp":"2026-07-30 10:23:01"}
{"ip":"::ffff:127.0.0.1","level":"error","message":"[POST] /api/v1/auth/login - 401: Invalid email or password","service":"zolvex-backend","stack":"Error: Invalid email or password\n    at AuthService.login (/Users/rrejin/Downloads/zolvex-deepclean/server/src/services/authService.js:72:13)\n    at /Users/rrejin/Downloads/zolvex-deepclean/server/src/controllers/authController.js:23:18","timestamp":"2026-07-30 10:23:11"}
{"level":"info","message":"::ffff:127.0.0.1 - - [30/Jul/2026:04:53:11 +0000] \"POST /api/v1/auth/login HTTP/1.1\" 401 79 \"-\" \"-\"","service":"zolvex-backend","timestamp":"2026-07-30 10:23:11"}
{"level":"info","message":"::ffff:127.0.0.1 - - [30/Jul/2026:04:53:11 +0000] \"POST /api/v1/auth/login HTTP/1.1\" 200 463 \"-\" \"-\"","service":"zolvex-backend","timestamp":"2026-07-30 10:23:11"}
{"level":"info","message":"::ffff:127.0.0.1 - - [30/Jul/2026:04:53:11 +0000] \"GET /api/v1/services HTTP/1.1\" 200 4915 \"-\" \"-\"","service":"zolvex-backend","timestamp":"2026-07-30 10:23:11"}
{"level":"info","message":"::ffff:127.0.0.1 - - [30/Jul/2026:04:53:11 +0000] \"GET /api/v1/services HTTP/1.1\" 200 4915 \"-\" \"-\"","service":"zolvex-backend","timestamp":"2026-07-30 10:23:11"}
{"level":"info","message":"::ffff:127.0.0.1 - - [30/Jul/2026:04:53:11 +0000] \"GET /api/v1/services/deep-cleaning HTTP/1.1\" 200 1217 \"-\" \"-\"","service":"zolvex-backend","timestamp":"2026-07-30 10:23:11"}
{"level":"info","message":"::ffff:127.0.0.1 - - [30/Jul/2026:04:53:11 +0000] \"POST /api/v1/price/calculate HTTP/1.1\" 200 209 \"-\" \"-\"","service":"zolvex-backend","timestamp":"2026-07-30 10:23:11"}
{"level":"info","message":"::ffff:127.0.0.1 - - [30/Jul/2026:04:53:11 +0000] \"POST /api/v1/bookings HTTP/1.1\" 201 747 \"-\" \"-\"","service":"zolvex-backend","timestamp":"2026-07-30 10:23:11"}
{"level":"info","message":"::ffff:127.0.0.1 - - [30/Jul/2026:04:53:11 +0000] \"GET /api/v1/bookings/track/ZLV-2026-7988 HTTP/1.1\" 200 743 \"-\" \"-\"","service":"zolvex-backend","timestamp":"2026-07-30 10:23:11"}
{"ip":"::ffff:127.0.0.1","level":"error","message":"[GET] /api/v1/admin/bookings - 401: Authentication required. Please log in.","service":"zolvex-backend","stack":"Error: Authentication required. Please log in.\n    at authenticate (/Users/rrejin/Downloads/zolvex-deepclean/server/src/middleware/auth.js:18:13)\n    at Layer.handle [as handle_request] (/Users/rrejin/Downloads/zolvex-deepclean/server/node_modules/express/lib/router/layer.js:95:5)\n    at next (/Users/rrejin/Downloads/zolvex-deepclean/server/node_modules/express/lib/router/route.js:149:13)\n    at Route.dispatch (/Users/rrejin/Downloads/zolvex-deepclean/server/node_modules/express/lib/router/route.js:119:3)\n    at Layer.handle [as handle_request] (/Users/rrejin/Downloads/zolvex-deepclean/server/node_modules/express/lib/router/layer.js:95:5)\n    at /Users/rrejin/Downloads/zolvex-deepclean/server/node_modules/express/lib/router/index.js:284:15\n    at router.process_params (/Users/rrejin/Downloads/zolvex-deepclean/server/node_modules/express/lib/router/index.js:346:12)\n    at next (/Users/rrejin/Downloads/zolvex-deepclean/server/node_modules/express/lib/router/index.js:280:10)\n    at router.handle (/Users/rrejin/Downloads/zolvex-deepclean/server/node_modules/express/lib/router/index.js:175:3)\n    at router (/Users/rrejin/Downloads/zolvex-deepclean/server/node_modules/express/lib/router/index.js:47:12)\n    at Layer.handle [as handle_request] (/Users/rrejin/Downloads/zolvex-deepclean/server/node_modules/express/lib/router/layer.js:95:5)\n    at trim_prefix (/Users/rrejin/Downloads/zolvex-deepclean/server/node_modules/express/lib/router/index.js:328:13)\n    at /Users/rrejin/Downloads/zolvex-deepclean/server/node_modules/express/lib/router/index.js:286:9\n    at router.process_params (/Users/rrejin/Downloads/zolvex-deepclean/server/node_modules/express/lib/router/index.js:346:12)\n    at next (/Users/rrejin/Downloads/zolvex-deepclean/server/node_modules/express/lib/router/index.js:280:10)\n    at /Users/rrejin/Downloads/zolvex-deepclean/server/node_modules/express/lib/router/index.js:646:15\n    at next (/Users/rrejin/Downloads/zolvex-deepclean/server/node_modules/express/lib/router/index.js:265:14)\n    at router.handle (/Users/rrejin/Downloads/zolvex-deepclean/server/node_modules/express/lib/router/index.js:175:3)\n    at router (/Users/rrejin/Downloads/zolvex-deepclean/server/node_modules/express/lib/router/index.js:47:12)\n    at Layer.handle [as handle_request] (/Users/rrejin/Downloads/zolvex-deepclean/server/node_modules/express/lib/router/layer.js:95:5)\n    at trim_prefix (/Users/rrejin/Downloads/zolvex-deepclean/server/node_modules/express/lib/router/index.js:328:13)\n    at /Users/rrejin/Downloads/zolvex-deepclean/server/node_modules/express/lib/router/index.js:286:9\n    at router.process_params (/Users/rrejin/Downloads/zolvex-deepclean/server/node_modules/express/lib/router/index.js:346:12)\n    at next (/Users/rrejin/Downloads/zolvex-deepclean/server/node_modules/express/lib/router/index.js:280:10)\n    at /Users/rrejin/Downloads/zolvex-deepclean/server/node_modules/express/lib/router/index.js:646:15\n    at next (/Users/rrejin/Downloads/zolvex-deepclean/server/node_modules/express/lib/router/index.js:265:14)\n    at router.handle (/Users/rrejin/Downloads/zolvex-deepclean/server/node_modules/express/lib/router/index.js:175:3)\n    at router (/Users/rrejin/Downloads/zolvex-deepclean/server/node_modules/express/lib/router/index.js:47:12)\n    at Layer.handle [as handle_request] (/Users/rrejin/Downloads/zolvex-deepclean/server/node_modules/express/lib/router/layer.js:95:5)\n    at trim_prefix (/Users/rrejin/Downloads/zolvex-deepclean/server/node_modules/express/lib/router/index.js:328:13)\n    at /Users/rrejin/Downloads/zolvex-deepclean/server/node_modules/express/lib/router/index.js:286:9\n    at router.process_params (/Users/rrejin/Downloads/zolvex-deepclean/server/node_modules/express/lib/router/index.js:346:12)\n    at next (/Users/rrejin/Downloads/zolvex-deepclean/server/node_modules/express/lib/router/index.js:280:10)\n    at /Users/rrejin/Downloads/zolvex-deepclean/server/node_modules/express/lib/router/index.js:646:15\n    at next (/Users/rrejin/Downloads/zolvex-deepclean/server/node_modules/express/lib/router/index.js:265:14)\n    at router.handle (/Users/rrejin/Downloads/zolvex-deepclean/server/node_modules/express/lib/router/index.js:175:3)\n    at router (/Users/rrejin/Downloads/zolvex-deepclean/server/node_modules/express/lib/router/index.js:47:12)\n    at Layer.handle [as handle_request] (/Users/rrejin/Downloads/zolvex-deepclean/server/node_modules/express/lib/router/layer.js:95:5)\n    at trim_prefix (/Users/rrejin/Downloads/zolvex-deepclean/server/node_modules/express/lib/router/index.js:328:13)\n    at /Users/rrejin/Downloads/zolvex-deepclean/server/node_modules/express/lib/router/index.js:286:9\n    at router.process_params (/Users/rrejin/Downloads/zolvex-deepclean/server/node_modules/express/lib/router/index.js:346:12)\n    at next (/Users/rrejin/Downloads/zolvex-deepclean/server/node_modules/express/lib/router/index.js:280:10)\n    at router.handle (/Users/rrejin/Downloads/zolvex-deepclean/server/node_modules/express/lib/router/index.js:175:3)\n    at router (/Users/rrejin/Downloads/zolvex-deepclean/server/node_modules/express/lib/router/index.js:47:12)\n    at Layer.handle [as handle_request] (/Users/rrejin/Downloads/zolvex-deepclean/server/node_modules/express/lib/router/layer.js:95:5)\n    at trim_prefix (/Users/rrejin/Downloads/zolvex-deepclean/server/node_modules/express/lib/router/index.js:328:13)\n    at /Users/rrejin/Downloads/zolvex-deepclean/server/node_modules/express/lib/router/index.js:286:9\n    at router.process_params (/Users/rrejin/Downloads/zolvex-deepclean/server/node_modules/express/lib/router/index.js:346:12)\n    at next (/Users/rrejin/Downloads/zolvex-deepclean/server/node_modules/express/lib/router/index.js:280:10)\n    at next (/Users/rrejin/Downloads/zolvex-deepclean/server/src/middleware/rateLimiter.js:28:27)\n    at Layer.handle [as handle_request] (/Users/rrejin/Downloads/zolvex-deepclean/server/node_modules/express/lib/router/layer.js:95:5)\n    at trim_prefix (/Users/rrejin/Downloads/zolvex-deepclean/server/node_modules/express/lib/router/index.js:328:13)\n    at /Users/rrejin/Downloads/zolvex-deepclean/server/node_modules/express/lib/router/index.js:286:9\n    at router.process_params (/Users/rrejin/Downloads/zolvex-deepclean/server/node_modules/express/lib/router/index.js:346:12)\n    at next (/Users/rrejin/Downloads/zolvex-deepclean/server/node_modules/express/lib/router/index.js:280:10)\n    at logger (/Users/rrejin/Downloads/zolvex-deepclean/server/node_modules/morgan/index.js:170:5)\n    at Layer.handle [as handle_request] (/Users/rrejin/Downloads/zolvex-deepclean/server/node_modules/express/lib/router/layer.js:95:5)\n    at trim_prefix (/Users/rrejin/Downloads/zolvex-deepclean/server/node_modules/express/lib/router/index.js:328:13)\n    at /Users/rrejin/Downloads/zolvex-deepclean/server/node_modules/express/lib/router/index.js:286:9\n    at router.process_params (/Users/rrejin/Downloads/zolvex-deepclean/server/node_modules/express/lib/router/index.js:346:12)\n    at next (/Users/rrejin/Downloads/zolvex-deepclean/server/node_modules/express/lib/router/index.js:280:10)\n    at /Users/rrejin/Downloads/zolvex-deepclean/server/node_modules/express-mongo-sanitize/index.js:122:5\n    at Layer.handle [as handle_request] (/Users/rrejin/Downloads/zolvex-deepclean/server/node_modules/express/lib/router/layer.js:95:5)\n    at trim_prefix (/Users/rrejin/Downloads/zolvex-deepclean/server/node_modules/express/lib/router/index.js:328:13)\n    at /Users/rrejin/Downloads/zolvex-deepclean/server/node_modules/express/lib/router/index.js:286:9\n    at router.process_params (/Users/rrejin/Downloads/zolvex-deepclean/server/node_modules/express/lib/router/index.js:346:12)\n    at next (/Users/rrejin/Downloads/zolvex-deepclean/server/node_modules/express/lib/router/index.js:280:10)\n    at cookieParser (/Users/rrejin/Downloads/zolvex-deepclean/server/node_modules/cookie-parser/index.js:57:14)\n    at Layer.handle [as handle_request] (/Users/rrejin/Downloads/zolvex-deepclean/server/node_modules/express/lib/router/layer.js:95:5)\n    at trim_prefix (/Users/rrejin/Downloads/zolvex-deepclean/server/node_modules/express/lib/router/index.js:328:13)\n    at /Users/rrejin/Downloads/zolvex-deepclean/server/node_modules/express/lib/router/index.js:286:9\n    at router.process_params (/Users/rrejin/Downloads/zolvex-deepclean/server/node_modules/express/lib/router/index.js:346:12)\n    at next (/Users/rrejin/Downloads/zolvex-deepclean/server/node_modules/express/lib/router/index.js:280:10)\n    at urlencodedParser (/Users/rrejin/Downloads/zolvex-deepclean/server/node_modules/body-parser/lib/types/urlencoded.js:95:7)\n    at Layer.handle [as handle_request] (/Users/rrejin/Downloads/zolvex-deepclean/server/node_modules/express/lib/router/layer.js:95:5)\n    at trim_prefix (/Users/rrejin/Downloads/zolvex-deepclean/server/node_modules/express/lib/router/index.js:328:13)\n    at /Users/rrejin/Downloads/zolvex-deepclean/server/node_modules/express/lib/router/index.js:286:9\n    at router.process_params (/Users/rrejin/Downloads/zolvex-deepclean/server/node_modules/express/lib/router/index.js:346:12)\n    at next (/Users/rrejin/Downloads/zolvex-deepclean/server/node_modules/express/lib/router/index.js:280:10)\n    at jsonParser (/Users/rrejin/Downloads/zolvex-deepclean/server/node_modules/body-parser/lib/types/json.js:117:7)\n    at Layer.handle [as handle_request] (/Users/rrejin/Downloads/zolvex-deepclean/server/node_modules/express/lib/router/layer.js:95:5)\n    at trim_prefix (/Users/rrejin/Downloads/zolvex-deepclean/server/node_modules/express/lib/router/index.js:328:13)\n    at /Users/rrejin/Downloads/zolvex-deepclean/server/node_modules/express/lib/router/index.js:286:9\n    at router.process_params (/Users/rrejin/Downloads/zolvex-deepclean/server/node_modules/express/lib/router/index.js:346:12)\n    at next (/Users/rrejin/Downloads/zolvex-deepclean/server/node_modules/express/lib/router/index.js:280:10)\n    at cors (/Users/rrejin/Downloads/zolvex-deepclean/server/node_modules/cors/lib/index.js:188:7)\n    at /Users/rrejin/Downloads/zolvex-deepclean/server/node_modules/cors/lib/index.js:224:17\n    at originCallback (/Users/rrejin/Downloads/zolvex-deepclean/server/node_modules/cors/lib/index.js:214:15)\n    at /Users/rrejin/Downloads/zolvex-deepclean/server/node_modules/cors/lib/index.js:219:13\n    at optionsCallback (/Users/rrejin/Downloads/zolvex-deepclean/server/node_modules/cors/lib/index.js:199:9)\n    at corsMiddleware (/Users/rrejin/Downloads/zolvex-deepclean/server/node_modules/cors/lib/index.js:204:7)\n    at Layer.handle [as handle_request] (/Users/rrejin/Downloads/zolvex-deepclean/server/node_modules/express/lib/router/layer.js:95:5)\n    at trim_prefix (/Users/rrejin/Downloads/zolvex-deepclean/server/node_modules/express/lib/router/index.js:328:13)\n    at /Users/rrejin/Downloads/zolvex-deepclean/server/node_modules/express/lib/router/index.js:286:9\n    at router.process_params (/Users/rrejin/Downloads/zolvex-deepclean/server/node_modules/express/lib/router/index.js:346:12)\n    at next (/Users/rrejin/Downloads/zolvex-deepclean/server/node_modules/express/lib/router/index.js:280:10)\n    at internalNext (/Users/rrejin/Downloads/zolvex-deepclean/server/node_modules/helmet/index.cjs:558:6)\n    at xXssProtectionMiddleware (/Users/rrejin/Downloads/zolvex-deepclean/server/node_modules/helmet/index.cjs:338:3)\n    at internalNext (/Users/rrejin/Downloads/zolvex-deepclean/server/node_modules/helmet/index.cjs:556:6)\n    at xPoweredByMiddleware (/Users/rrejin/Downloads/zolvex-deepclean/server/node_modules/helmet/index.cjs:331:3)","timestamp":"2026-07-30 10:23:11"}
{"level":"info","message":"::ffff:127.0.0.1 - - [30/Jul/2026:04:53:11 +0000] \"GET /api/v1/admin/bookings HTTP/1.1\" 401 93 \"-\" \"-\"","service":"zolvex-backend","timestamp":"2026-07-30 10:23:11"}
{"ip":"::ffff:127.0.0.1","level":"error","message":"[GET] /api/v1/admin/services - 401: Authentication required. Please log in.","service":"zolvex-backend","stack":"Error: Authentication required. Please log in.\n    at authenticate (/Users/rrejin/Downloads/zolvex-deepclean/server/src/middleware/auth.js:18:13)\n    at Layer.handle [as handle_request] (/Users/rrejin/Downloads/zolvex-deepclean/server/node_modules/express/lib/router/layer.js:95:5)\n    at next (/Users/rrejin/Downloads/zolvex-deepclean/server/node_modules/express/lib/router/route.js:149:13)\n    at Route.dispatch (/Users/rrejin/Downloads/zolvex-deepclean/server/node_modules/express/lib/router/route.js:119:3)\n    at Layer.handle [as handle_request] (/Users/rrejin/Downloads/zolvex-deepclean/server/node_modules/express/lib/router/layer.js:95:5)\n    at /Users/rrejin/Downloads/zolvex-deepclean/server/node_modules/express/lib/router/index.js:284:15\n    at router.process_params (/Users/rrejin/Downloads/zolvex-deepclean/server/node_modules/express/lib/router/index.js:346:12)\n    at next (/Users/rrejin/Downloads/zolvex-deepclean/server/node_modules/express/lib/router/index.js:280:10)\n    at router.handle (/Users/rrejin/Downloads/zolvex-deepclean/server/node_modules/express/lib/router/index.js:175:3)\n    at router (/Users/rrejin/Downloads/zolvex-deepclean/server/node_modules/express/lib/router/index.js:47:12)\n    at Layer.handle [as handle_request] (/Users/rrejin/Downloads/zolvex-deepclean/server/node_modules/express/lib/router/layer.js:95:5)\n    at trim_prefix (/Users/rrejin/Downloads/zolvex-deepclean/server/node_modules/express/lib/router/index.js:328:13)\n    at /Users/rrejin/Downloads/zolvex-deepclean/server/node_modules/express/lib/router/index.js:286:9\n    at router.process_params (/Users/rrejin/Downloads/zolvex-deepclean/server/node_modules/express/lib/router/index.js:346:12)\n    at next (/Users/rrejin/Downloads/zolvex-deepclean/server/node_modules/express/lib/router/index.js:280:10)\n    at /Users/rrejin/Downloads/zolvex-deepclean/server/node_modules/express/lib/router/index.js:646:15\n    at next (/Users/rrejin/Downloads/zolvex-deepclean/server/node_modules/express/lib/router/index.js:265:14)\n    at router.handle (/Users/rrejin/Downloads/zolvex-deepclean/server/node_modules/express/lib/router/index.js:175:3)\n    at router (/Users/rrejin/Downloads/zolvex-deepclean/server/node_modules/express/lib/router/index.js:47:12)\n    at Layer.handle [as handle_request] (/Users/rrejin/Downloads/zolvex-deepclean/server/node_modules/express/lib/router/layer.js:95:5)\n    at trim_prefix (/Users/rrejin/Downloads/zolvex-deepclean/server/node_modules/express/lib/router/index.js:328:13)\n    at /Users/rrejin/Downloads/zolvex-deepclean/server/node_modules/express/lib/router/index.js:286:9\n    at router.process_params (/Users/rrejin/Downloads/zolvex-deepclean/server/node_modules/express/lib/router/index.js:346:12)\n    at next (/Users/rrejin/Downloads/zolvex-deepclean/server/node_modules/express/lib/router/index.js:280:10)\n    at router.handle (/Users/rrejin/Downloads/zolvex-deepclean/server/node_modules/express/lib/router/index.js:175:3)\n    at router (/Users/rrejin/Downloads/zolvex-deepclean/server/node_modules/express/lib/router/index.js:47:12)\n    at Layer.handle [as handle_request] (/Users/rrejin/Downloads/zolvex-deepclean/server/node_modules/express/lib/router/layer.js:95:5)\n    at trim_prefix (/Users/rrejin/Downloads/zolvex-deepclean/server/node_modules/express/lib/router/index.js:328:13)\n    at /Users/rrejin/Downloads/zolvex-deepclean/server/node_modules/express/lib/router/index.js:286:9\n    at router.process_params (/Users/rrejin/Downloads/zolvex-deepclean/server/node_modules/express/lib/router/index.js:346:12)\n    at next (/Users/rrejin/Downloads/zolvex-deepclean/server/node_modules/express/lib/router/index.js:280:10)\n    at next (/Users/rrejin/Downloads/zolvex-deepclean/server/src/middleware/rateLimiter.js:28:27)\n    at Layer.handle [as handle_request] (/Users/rrejin/Downloads/zolvex-deepclean/server/node_modules/express/lib/router/layer.js:95:5)\n    at trim_prefix (/Users/rrejin/Downloads/zolvex-deepclean/server/node_modules/express/lib/router/index.js:328:13)\n    at /Users/rrejin/Downloads/zolvex-deepclean/server/node_modules/express/lib/router/index.js:286:9\n    at router.process_params (/Users/rrejin/Downloads/zolvex-deepclean/server/node_modules/express/lib/router/index.js:346:12)\n    at next (/Users/rrejin/Downloads/zolvex-deepclean/server/node_modules/express/lib/router/index.js:280:10)\n    at logger (/Users/rrejin/Downloads/zolvex-deepclean/server/node_modules/morgan/index.js:170:5)\n    at Layer.handle [as handle_request] (/Users/rrejin/Downloads/zolvex-deepclean/server/node_modules/express/lib/router/layer.js:95:5)\n    at trim_prefix (/Users/rrejin/Downloads/zolvex-deepclean/server/node_modules/express/lib/router/index.js:328:13)\n    at /Users/rrejin/Downloads/zolvex-deepclean/server/node_modules/express/lib/router/index.js:286:9\n    at router.process_params (/Users/rrejin/Downloads/zolvex-deepclean/server/node_modules/express/lib/router/index.js:346:12)\n    at next (/Users/rrejin/Downloads/zolvex-deepclean/server/node_modules/express/lib/router/index.js:280:10)\n    at /Users/rrejin/Downloads/zolvex-deepclean/server/node_modules/express-mongo-sanitize/index.js:122:5\n    at Layer.handle [as handle_request] (/Users/rrejin/Downloads/zolvex-deepclean/server/node_modules/express/lib/router/layer.js:95:5)\n    at trim_prefix (/Users/rrejin/Downloads/zolvex-deepclean/server/node_modules/express/lib/router/index.js:328:13)\n    at /Users/rrejin/Downloads/zolvex-deepclean/server/node_modules/express/lib/router/index.js:286:9\n    at router.process_params (/Users/rrejin/Downloads/zolvex-deepclean/server/node_modules/express/lib/router/index.js:346:12)\n    at next (/Users/rrejin/Downloads/zolvex-deepclean/server/node_modules/express/lib/router/index.js:280:10)\n    at cookieParser (/Users/rrejin/Downloads/zolvex-deepclean/server/node_modules/cookie-parser/index.js:57:14)\n    at Layer.handle [as handle_request] (/Users/rrejin/Downloads/zolvex-deepclean/server/node_modules/express/lib/router/layer.js:95:5)\n    at trim_prefix (/Users/rrejin/Downloads/zolvex-deepclean/server/node_modules/express/lib/router/index.js:328:13)\n    at /Users/rrejin/Downloads/zolvex-deepclean/server/node_modules/express/lib/router/index.js:286:9\n    at router.process_params (/Users/rrejin/Downloads/zolvex-deepclean/server/node_modules/express/lib/router/index.js:346:12)\n    at next (/Users/rrejin/Downloads/zolvex-deepclean/server/node_modules/express/lib/router/index.js:280:10)\n    at urlencodedParser (/Users/rrejin/Downloads/zolvex-deepclean/server/node_modules/body-parser/lib/types/urlencoded.js:95:7)\n    at Layer.handle [as handle_request] (/Users/rrejin/Downloads/zolvex-deepclean/server/node_modules/express/lib/router/layer.js:95:5)\n    at trim_prefix (/Users/rrejin/Downloads/zolvex-deepclean/server/node_modules/express/lib/router/index.js:328:13)\n    at /Users/rrejin/Downloads/zolvex-deepclean/server/node_modules/express/lib/router/index.js:286:9\n    at router.process_params (/Users/rrejin/Downloads/zolvex-deepclean/server/node_modules/express/lib/router/index.js:346:12)\n    at next (/Users/rrejin/Downloads/zolvex-deepclean/server/node_modules/express/lib/router/index.js:280:10)\n    at jsonParser (/Users/rrejin/Downloads/zolvex-deepclean/server/node_modules/body-parser/lib/types/json.js:117:7)\n    at Layer.handle [as handle_request] (/Users/rrejin/Downloads/zolvex-deepclean/server/node_modules/express/lib/router/layer.js:95:5)\n    at trim_prefix (/Users/rrejin/Downloads/zolvex-deepclean/server/node_modules/express/lib/router/index.js:328:13)\n    at /Users/rrejin/Downloads/zolvex-deepclean/server/node_modules/express/lib/router/index.js:286:9\n    at router.process_params (/Users/rrejin/Downloads/zolvex-deepclean/server/node_modules/express/lib/router/index.js:346:12)\n    at next (/Users/rrejin/Downloads/zolvex-deepclean/server/node_modules/express/lib/router/index.js:280:10)\n    at cors (/Users/rrejin/Downloads/zolvex-deepclean/server/node_modules/cors/lib/index.js:188:7)\n    at /Users/rrejin/Downloads/zolvex-deepclean/server/node_modules/cors/lib/index.js:224:17\n    at originCallback (/Users/rrejin/Downloads/zolvex-deepclean/server/node_modules/cors/lib/index.js:214:15)\n    at /Users/rrejin/Downloads/zolvex-deepclean/server/node_modules/cors/lib/index.js:219:13\n    at optionsCallback (/Users/rrejin/Downloads/zolvex-deepclean/server/node_modules/cors/lib/index.js:199:9)\n    at corsMiddleware (/Users/rrejin/Downloads/zolvex-deepclean/server/node_modules/cors/lib/index.js:204:7)\n    at Layer.handle [as handle_request] (/Users/rrejin/Downloads/zolvex-deepclean/server/node_modules/express/lib/router/layer.js:95:5)\n    at trim_prefix (/Users/rrejin/Downloads/zolvex-deepclean/server/node_modules/express/lib/router/index.js:328:13)\n    at /Users/rrejin/Downloads/zolvex-deepclean/server/node_modules/express/lib/router/index.js:286:9\n    at router.process_params (/Users/rrejin/Downloads/zolvex-deepclean/server/node_modules/express/lib/router/index.js:346:12)\n    at next (/Users/rrejin/Downloads/zolvex-deepclean/server/node_modules/express/lib/router/index.js:280:10)\n    at internalNext (/Users/rrejin/Downloads/zolvex-deepclean/server/node_modules/helmet/index.cjs:558:6)\n    at xXssProtectionMiddleware (/Users/rrejin/Downloads/zolvex-deepclean/server/node_modules/helmet/index.cjs:338:3)\n    at internalNext (/Users/rrejin/Downloads/zolvex-deepclean/server/node_modules/helmet/index.cjs:556:6)\n    at xPoweredByMiddleware (/Users/rrejin/Downloads/zolvex-deepclean/server/node_modules/helmet/index.cjs:331:3)\n    at internalNext (/Users/rrejin/Downloads/zolvex-deepclean/server/node_modules/helmet/index.cjs:556:6)\n    at xPermittedCrossDomainPoliciesMiddleware (/Users/rrejin/Downloads/zolvex-deepclean/server/node_modules/helmet/index.cjs:324:3)\n    at internalNext (/Users/rrejin/Downloads/zolvex-deepclean/server/node_modules/helmet/index.cjs:556:6)\n    at xFrameOptionsMiddleware (/Users/rrejin/Downloads/zolvex-deepclean/server/node_modules/helmet/index.cjs:308:3)\n    at internalNext (/Users/rrejin/Downloads/zolvex-deepclean/server/node_modules/helmet/index.cjs:556:6)\n    at xDownloadOptionsMiddleware (/Users/rrejin/Downloads/zolvex-deepclean/server/node_modules/helmet/index.cjs:288:3)\n    at internalNext (/Users/rrejin/Downloads/zolvex-deepclean/server/node_modules/helmet/index.cjs:556:6)\n    at xDnsPrefetchControlMiddleware (/Users/rrejin/Downloads/zolvex-deepclean/server/node_modules/helmet/index.cjs:281:3)\n    at internalNext (/Users/rrejin/Downloads/zolvex-deepclean/server/node_modules/helmet/index.cjs:556:6)\n    at xContentTypeOptionsMiddleware (/Users/rrejin/Downloads/zolvex-deepclean/server/node_modules/helmet/index.cjs:273:3)\n    at internalNext (/Users/rrejin/Downloads/zolvex-deepclean/server/node_modules/helmet/index.cjs:556:6)\n    at strictTransportSecurityMiddleware (/Users/rrejin/Downloads/zolvex-deepclean/server/node_modules/helmet/index.cjs:266:3)\n    at internalNext (/Users/rrejin/Downloads/zolvex-deepclean/server/node_modules/helmet/index.cjs:556:6)\n    at referrerPolicyMiddleware (/Users/rrejin/Downloads/zolvex-deepclean/server/node_modules/helmet/index.cjs:234:3)\n    at internalNext (/Users/rrejin/Downloads/zolvex-deepclean/server/node_modules/helmet/index.cjs:556:6)\n    at originAgentClusterMiddleware (/Users/rrejin/Downloads/zolvex-deepclean/server/node_modules/helmet/index.cjs:209:3)\n    at internalNext (/Users/rrejin/Downloads/zolvex-deepclean/server/node_modules/helmet/index.cjs:556:6)\n    at crossOriginResourcePolicyMiddleware (/Users/rrejin/Downloads/zolvex-deepclean/server/node_modules/helmet/index.cjs:202:3)","timestamp":"2026-07-30 10:23:11"}
{"level":"info","message":"::ffff:127.0.0.1 - - [30/Jul/2026:04:53:11 +0000] \"GET /api/v1/admin/services HTTP/1.1\" 401 93 \"-\" \"-\"","service":"zolvex-backend","timestamp":"2026-07-30 10:23:11"}
{"ip":"::ffff:127.0.0.1","level":"error","message":"[GET] /api/v1/admin/analytics - 401: Authentication required. Please log in.","service":"zolvex-backend","stack":"Error: Authentication required. Please log in.\n    at authenticate (/Users/rrejin/Downloads/zolvex-deepclean/server/src/middleware/auth.js:18:13)\n    at Layer.handle [as handle_request] (/Users/rrejin/Downloads/zolvex-deepclean/server/node_modules/express/lib/router/layer.js:95:5)\n    at trim_prefix (/Users/rrejin/Downloads/zolvex-deepclean/server/node_modules/express/lib/router/index.js:328:13)\n    at /Users/rrejin/Downloads/zolvex-deepclean/server/node_modules/express/lib/router/index.js:286:9\n    at router.process_params (/Users/rrejin/Downloads/zolvex-deepclean/server/node_modules/express/lib/router/index.js:346:12)\n    at next (/Users/rrejin/Downloads/zolvex-deepclean/server/node_modules/express/lib/router/index.js:280:10)\n    at router.handle (/Users/rrejin/Downloads/zolvex-deepclean/server/node_modules/express/lib/router/index.js:175:3)\n    at router (/Users/rrejin/Downloads/zolvex-deepclean/server/node_modules/express/lib/router/index.js:47:12)\n    at Layer.handle [as handle_request] (/Users/rrejin/Downloads/zolvex-deepclean/server/node_modules/express/lib/router/layer.js:95:5)\n    at trim_prefix (/Users/rrejin/Downloads/zolvex-deepclean/server/node_modules/express/lib/router/index.js:328:13)\n    at /Users/rrejin/Downloads/zolvex-deepclean/server/node_modules/express/lib/router/index.js:286:9\n    at router.process_params (/Users/rrejin/Downloads/zolvex-deepclean/server/node_modules/express/lib/router/index.js:346:12)\n    at next (/Users/rrejin/Downloads/zolvex-deepclean/server/node_modules/express/lib/router/index.js:280:10)\n    at /Users/rrejin/Downloads/zolvex-deepclean/server/node_modules/express/lib/router/index.js:646:15\n    at next (/Users/rrejin/Downloads/zolvex-deepclean/server/node_modules/express/lib/router/index.js:265:14)\n    at router.handle (/Users/rrejin/Downloads/zolvex-deepclean/server/node_modules/express/lib/router/index.js:175:3)\n    at router (/Users/rrejin/Downloads/zolvex-deepclean/server/node_modules/express/lib/router/index.js:47:12)\n    at Layer.handle [as handle_request] (/Users/rrejin/Downloads/zolvex-deepclean/server/node_modules/express/lib/router/layer.js:95:5)\n    at trim_prefix (/Users/rrejin/Downloads/zolvex-deepclean/server/node_modules/express/lib/router/index.js:328:13)\n    at /Users/rrejin/Downloads/zolvex-deepclean/server/node_modules/express/lib/router/index.js:286:9\n    at router.process_params (/Users/rrejin/Downloads/zolvex-deepclean/server/node_modules/express/lib/router/index.js:346:12)\n    at next (/Users/rrejin/Downloads/zolvex-deepclean/server/node_modules/express/lib/router/index.js:280:10)\n    at /Users/rrejin/Downloads/zolvex-deepclean/server/node_modules/express/lib/router/index.js:646:15\n    at next (/Users/rrejin/Downloads/zolvex-deepclean/server/node_modules/express/lib/router/index.js:265:14)\n    at router.handle (/Users/rrejin/Downloads/zolvex-deepclean/server/node_modules/express/lib/router/index.js:175:3)\n    at router (/Users/rrejin/Downloads/zolvex-deepclean/server/node_modules/express/lib/router/index.js:47:12)\n    at Layer.handle [as handle_request] (/Users/rrejin/Downloads/zolvex-deepclean/server/node_modules/express/lib/router/layer.js:95:5)\n    at trim_prefix (/Users/rrejin/Downloads/zolvex-deepclean/server/node_modules/express/lib/router/index.js:328:13)\n    at /Users/rrejin/Downloads/zolvex-deepclean/server/node_modules/express/lib/router/index.js:286:9\n    at router.process_params (/Users/rrejin/Downloads/zolvex-deepclean/server/node_modules/express/lib/router/index.js:346:12)\n    at next (/Users/rrejin/Downloads/zolvex-deepclean/server/node_modules/express/lib/router/index.js:280:10)\n    at /Users/rrejin/Downloads/zolvex-deepclean/server/node_modules/express/lib/router/index.js:646:15\n    at next (/Users/rrejin/Downloads/zolvex-deepclean/server/node_modules/express/lib/router/index.js:265:14)\n    at router.handle (/Users/rrejin/Downloads/zolvex-deepclean/server/node_modules/express/lib/router/index.js:175:3)\n    at router (/Users/rrejin/Downloads/zolvex-deepclean/server/node_modules/express/lib/router/index.js:47:12)\n    at Layer.handle [as handle_request] (/Users/rrejin/Downloads/zolvex-deepclean/server/node_modules/express/lib/router/layer.js:95:5)\n    at trim_prefix (/Users/rrejin/Downloads/zolvex-deepclean/server/node_modules/express/lib/router/index.js:328:13)\n    at /Users/rrejin/Downloads/zolvex-deepclean/server/node_modules/express/lib/router/index.js:286:9\n    at router.process_params (/Users/rrejin/Downloads/zolvex-deepclean/server/node_modules/express/lib/router/index.js:346:12)\n    at next (/Users/rrejin/Downloads/zolvex-deepclean/server/node_modules/express/lib/router/index.js:280:10)\n    at /Users/rrejin/Downloads/zolvex-deepclean/server/node_modules/express/lib/router/index.js:646:15\n    at next (/Users/rrejin/Downloads/zolvex-deepclean/server/node_modules/express/lib/router/index.js:265:14)\n    at router.handle (/Users/rrejin/Downloads/zolvex-deepclean/server/node_modules/express/lib/router/index.js:175:3)\n    at router (/Users/rrejin/Downloads/zolvex-deepclean/server/node_modules/express/lib/router/index.js:47:12)\n    at Layer.handle [as handle_request] (/Users/rrejin/Downloads/zolvex-deepclean/server/node_modules/express/lib/router/layer.js:95:5)\n    at trim_prefix (/Users/rrejin/Downloads/zolvex-deepclean/server/node_modules/express/lib/router/index.js:328:13)\n    at /Users/rrejin/Downloads/zolvex-deepclean/server/node_modules/express/lib/router/index.js:286:9\n    at router.process_params (/Users/rrejin/Downloads/zolvex-deepclean/server/node_modules/express/lib/router/index.js:346:12)\n    at next (/Users/rrejin/Downloads/zolvex-deepclean/server/node_modules/express/lib/router/index.js:280:10)\n    at router.handle (/Users/rrejin/Downloads/zolvex-deepclean/server/node_modules/express/lib/router/index.js:175:3)\n    at router (/Users/rrejin/Downloads/zolvex-deepclean/server/node_modules/express/lib/router/index.js:47:12)\n    at Layer.handle [as handle_request] (/Users/rrejin/Downloads/zolvex-deepclean/server/node_modules/express/lib/router/layer.js:95:5)\n    at trim_prefix (/Users/rrejin/Downloads/zolvex-deepclean/server/node_modules/express/lib/router/index.js:328:13)\n    at /Users/rrejin/Downloads/zolvex-deepclean/server/node_modules/express/lib/router/index.js:286:9\n    at router.process_params (/Users/rrejin/Downloads/zolvex-deepclean/server/node_modules/express/lib/router/index.js:346:12)\n    at next (/Users/rrejin/Downloads/zolvex-deepclean/server/node_modules/express/lib/router/index.js:280:10)\n    at next (/Users/rrejin/Downloads/zolvex-deepclean/server/src/middleware/rateLimiter.js:28:27)\n    at Layer.handle [as handle_request] (/Users/rrejin/Downloads/zolvex-deepclean/server/node_modules/express/lib/router/layer.js:95:5)\n    at trim_prefix (/Users/rrejin/Downloads/zolvex-deepclean/server/node_modules/express/lib/router/index.js:328:13)\n    at /Users/rrejin/Downloads/zolvex-deepclean/server/node_modules/express/lib/router/index.js:286:9\n    at router.process_params (/Users/rrejin/Downloads/zolvex-deepclean/server/node_modules/express/lib/router/index.js:346:12)\n    at next (/Users/rrejin/Downloads/zolvex-deepclean/server/node_modules/express/lib/router/index.js:280:10)\n    at logger (/Users/rrejin/Downloads/zolvex-deepclean/server/node_modules/morgan/index.js:170:5)\n    at Layer.handle [as handle_request] (/Users/rrejin/Downloads/zolvex-deepclean/server/node_modules/express/lib/router/layer.js:95:5)\n    at trim_prefix (/Users/rrejin/Downloads/zolvex-deepclean/server/node_modules/express/lib/router/index.js:328:13)\n    at /Users/rrejin/Downloads/zolvex-deepclean/server/node_modules/express/lib/router/index.js:286:9\n    at router.process_params (/Users/rrejin/Downloads/zolvex-deepclean/server/node_modules/express/lib/router/index.js:346:12)\n    at next (/Users/rrejin/Downloads/zolvex-deepclean/server/node_modules/express/lib/router/index.js:280:10)\n    at /Users/rrejin/Downloads/zolvex-deepclean/server/node_modules/express-mongo-sanitize/index.js:122:5\n    at Layer.handle [as handle_request] (/Users/rrejin/Downloads/zolvex-deepclean/server/node_modules/express/lib/router/layer.js:95:5)\n    at trim_prefix (/Users/rrejin/Downloads/zolvex-deepclean/server/node_modules/express/lib/router/index.js:328:13)\n    at /Users/rrejin/Downloads/zolvex-deepclean/server/node_modules/express/lib/router/index.js:286:9\n    at router.process_params (/Users/rrejin/Downloads/zolvex-deepclean/server/node_modules/express/lib/router/index.js:346:12)\n    at next (/Users/rrejin/Downloads/zolvex-deepclean/server/node_modules/express/lib/router/index.js:280:10)\n    at cookieParser (/Users/rrejin/Downloads/zolvex-deepclean/server/node_modules/cookie-parser/index.js:57:14)\n    at Layer.handle [as handle_request] (/Users/rrejin/Downloads/zolvex-deepclean/server/node_modules/express/lib/router/layer.js:95:5)\n    at trim_prefix (/Users/rrejin/Downloads/zolvex-deepclean/server/node_modules/express/lib/router/index.js:328:13)\n    at /Users/rrejin/Downloads/zolvex-deepclean/server/node_modules/express/lib/router/index.js:286:9\n    at router.process_params (/Users/rrejin/Downloads/zolvex-deepclean/server/node_modules/express/lib/router/index.js:346:12)\n    at next (/Users/rrejin/Downloads/zolvex-deepclean/server/node_modules/express/lib/router/index.js:280:10)\n    at urlencodedParser (/Users/rrejin/Downloads/zolvex-deepclean/server/node_modules/body-parser/lib/types/urlencoded.js:95:7)\n    at Layer.handle [as handle_request] (/Users/rrejin/Downloads/zolvex-deepclean/server/node_modules/express/lib/router/layer.js:95:5)\n    at trim_prefix (/Users/rrejin/Downloads/zolvex-deepclean/server/node_modules/express/lib/router/index.js:328:13)\n    at /Users/rrejin/Downloads/zolvex-deepclean/server/node_modules/express/lib/router/index.js:286:9\n    at router.process_params (/Users/rrejin/Downloads/zolvex-deepclean/server/node_modules/express/lib/router/index.js:346:12)\n    at next (/Users/rrejin/Downloads/zolvex-deepclean/server/node_modules/express/lib/router/index.js:280:10)\n    at jsonParser (/Users/rrejin/Downloads/zolvex-deepclean/server/node_modules/body-parser/lib/types/json.js:117:7)\n    at Layer.handle [as handle_request] (/Users/rrejin/Downloads/zolvex-deepclean/server/node_modules/express/lib/router/layer.js:95:5)\n    at trim_prefix (/Users/rrejin/Downloads/zolvex-deepclean/server/node_modules/express/lib/router/index.js:328:13)\n    at /Users/rrejin/Downloads/zolvex-deepclean/server/node_modules/express/lib/router/index.js:286:9\n    at router.process_params (/Users/rrejin/Downloads/zolvex-deepclean/server/node_modules/express/lib/router/index.js:346:12)\n    at next (/Users/rrejin/Downloads/zolvex-deepclean/server/node_modules/express/lib/router/index.js:280:10)\n    at cors (/Users/rrejin/Downloads/zolvex-deepclean/server/node_modules/cors/lib/index.js:188:7)\n    at /Users/rrejin/Downloads/zolvex-deepclean/server/node_modules/cors/lib/index.js:224:17\n    at originCallback (/Users/rrejin/Downloads/zolvex-deepclean/server/node_modules/cors/lib/index.js:214:15)\n    at /Users/rrejin/Downloads/zolvex-deepclean/server/node_modules/cors/lib/index.js:219:13\n    at optionsCallback (/Users/rrejin/Downloads/zolvex-deepclean/server/node_modules/cors/lib/index.js:199:9)\n    at corsMiddleware (/Users/rrejin/Downloads/zolvex-deepclean/server/node_modules/cors/lib/index.js:204:7)\n    at Layer.handle [as handle_request] (/Users/rrejin/Downloads/zolvex-deepclean/server/node_modules/express/lib/router/layer.js:95:5)\n    at trim_prefix (/Users/rrejin/Downloads/zolvex-deepclean/server/node_modules/express/lib/router/index.js:328:13)","timestamp":"2026-07-30 10:23:11"}
{"level":"info","message":"::ffff:127.0.0.1 - - [30/Jul/2026:04:53:11 +0000] \"GET /api/v1/admin/analytics HTTP/1.1\" 401 93 \"-\" \"-\"","service":"zolvex-backend","timestamp":"2026-07-30 10:23:11"}
{"level":"info","message":"::ffff:127.0.0.1 - - [30/Jul/2026:04:53:11 +0000] \"GET /api/v1/admin/services HTTP/1.1\" 200 4913 \"-\" \"-\"","service":"zolvex-backend","timestamp":"2026-07-30 10:23:11"}
{"level":"info","message":"🍃 MongoDB Connected: localhost/zolvex_deepclean","service":"zolvex-backend","timestamp":"2026-07-30 10:23:25"}
{"level":"info","message":"🚀 Zolvex Enterprise Backend running in [development] on http://0.0.0.0:5002","service":"zolvex-backend","timestamp":"2026-07-30 10:23:25"}
{"level":"info","message":"📡 Health Check: http://localhost:5002/api/v1/health","service":"zolvex-backend","timestamp":"2026-07-30 10:23:25"}
{"level":"info","message":"📚 Swagger Docs: http://localhost:5002/api/v1/docs","service":"zolvex-backend","timestamp":"2026-07-30 10:23:25"}
{"level":"info","message":"🍃 MongoDB Connected: localhost/zolvex_deepclean","service":"zolvex-backend","timestamp":"2026-07-30 10:23:32"}
{"level":"info","message":"🚀 Zolvex Enterprise Backend running in [development] on http://0.0.0.0:5002","service":"zolvex-backend","timestamp":"2026-07-30 10:23:32"}
{"level":"info","message":"📡 Health Check: http://localhost:5002/api/v1/health","service":"zolvex-backend","timestamp":"2026-07-30 10:23:32"}
{"level":"info","message":"📚 Swagger Docs: http://localhost:5002/api/v1/docs","service":"zolvex-backend","timestamp":"2026-07-30 10:23:32"}
{"level":"info","message":"::ffff:127.0.0.1 - - [30/Jul/2026:04:55:07 +0000] \"GET /api/v1/health HTTP/1.1\" 200 327 \"-\" \"-\"","service":"zolvex-backend","timestamp":"2026-07-30 10:25:07"}
{"ip":"::ffff:127.0.0.1","level":"error","message":"[POST] /api/v1/auth/login - 401: Invalid email or password","service":"zolvex-backend","stack":"Error: Invalid email or password\n    at AuthService.login (/Users/rrejin/Downloads/zolvex-deepclean/server/src/services/authService.js:72:13)\n    at /Users/rrejin/Downloads/zolvex-deepclean/server/src/controllers/authController.js:23:18","timestamp":"2026-07-30 10:25:17"}
{"level":"info","message":"::ffff:127.0.0.1 - - [30/Jul/2026:04:55:17 +0000] \"POST /api/v1/auth/login HTTP/1.1\" 401 79 \"-\" \"-\"","service":"zolvex-backend","timestamp":"2026-07-30 10:25:17"}
{"level":"info","message":"::ffff:127.0.0.1 - - [30/Jul/2026:04:55:17 +0000] \"POST /api/v1/auth/login HTTP/1.1\" 200 463 \"-\" \"-\"","service":"zolvex-backend","timestamp":"2026-07-30 10:25:17"}
{"level":"info","message":"::ffff:127.0.0.1 - - [30/Jul/2026:04:55:17 +0000] \"GET /api/v1/services HTTP/1.1\" 200 4915 \"-\" \"-\"","service":"zolvex-backend","timestamp":"2026-07-30 10:25:17"}
{"level":"info","message":"::ffff:127.0.0.1 - - [30/Jul/2026:04:55:17 +0000] \"GET /api/v1/services HTTP/1.1\" 200 4915 \"-\" \"-\"","service":"zolvex-backend","timestamp":"2026-07-30 10:25:17"}
{"level":"info","message":"::ffff:127.0.0.1 - - [30/Jul/2026:04:55:17 +0000] \"GET /api/v1/services/deep-cleaning HTTP/1.1\" 200 1217 \"-\" \"-\"","service":"zolvex-backend","timestamp":"2026-07-30 10:25:17"}
{"level":"info","message":"::ffff:127.0.0.1 - - [30/Jul/2026:04:55:17 +0000] \"POST /api/v1/price/calculate HTTP/1.1\" 200 209 \"-\" \"-\"","service":"zolvex-backend","timestamp":"2026-07-30 10:25:17"}
{"level":"info","message":"::ffff:127.0.0.1 - - [30/Jul/2026:04:55:17 +0000] \"POST /api/v1/bookings HTTP/1.1\" 201 747 \"-\" \"-\"","service":"zolvex-backend","timestamp":"2026-07-30 10:25:17"}
{"level":"info","message":"::ffff:127.0.0.1 - - [30/Jul/2026:04:55:17 +0000] \"GET /api/v1/bookings/track/ZLV-2026-2542 HTTP/1.1\" 200 743 \"-\" \"-\"","service":"zolvex-backend","timestamp":"2026-07-30 10:25:17"}
{"ip":"::ffff:127.0.0.1","level":"error","message":"[GET] /api/v1/admin/bookings - 401: Authentication required. Please log in.","service":"zolvex-backend","stack":"Error: Authentication required. Please log in.\n    at authenticate (/Users/rrejin/Downloads/zolvex-deepclean/server/src/middleware/auth.js:18:13)\n    at Layer.handle [as handle_request] (/Users/rrejin/Downloads/zolvex-deepclean/server/node_modules/express/lib/router/layer.js:95:5)\n    at next (/Users/rrejin/Downloads/zolvex-deepclean/server/node_modules/express/lib/router/route.js:149:13)\n    at Route.dispatch (/Users/rrejin/Downloads/zolvex-deepclean/server/node_modules/express/lib/router/route.js:119:3)\n    at Layer.handle [as handle_request] (/Users/rrejin/Downloads/zolvex-deepclean/server/node_modules/express/lib/router/layer.js:95:5)\n    at /Users/rrejin/Downloads/zolvex-deepclean/server/node_modules/express/lib/router/index.js:284:15\n    at router.process_params (/Users/rrejin/Downloads/zolvex-deepclean/server/node_modules/express/lib/router/index.js:346:12)\n    at next (/Users/rrejin/Downloads/zolvex-deepclean/server/node_modules/express/lib/router/index.js:280:10)\n    at router.handle (/Users/rrejin/Downloads/zolvex-deepclean/server/node_modules/express/lib/router/index.js:175:3)\n    at router (/Users/rrejin/Downloads/zolvex-deepclean/server/node_modules/express/lib/router/index.js:47:12)\n    at Layer.handle [as handle_request] (/Users/rrejin/Downloads/zolvex-deepclean/server/node_modules/express/lib/router/layer.js:95:5)\n    at trim_prefix (/Users/rrejin/Downloads/zolvex-deepclean/server/node_modules/express/lib/router/index.js:328:13)\n    at /Users/rrejin/Downloads/zolvex-deepclean/server/node_modules/express/lib/router/index.js:286:9\n    at router.process_params (/Users/rrejin/Downloads/zolvex-deepclean/server/node_modules/express/lib/router/index.js:346:12)\n    at next (/Users/rrejin/Downloads/zolvex-deepclean/server/node_modules/express/lib/router/index.js:280:10)\n    at /Users/rrejin/Downloads/zolvex-deepclean/server/node_modules/express/lib/router/index.js:646:15\n    at next (/Users/rrejin/Downloads/zolvex-deepclean/server/node_modules/express/lib/router/index.js:265:14)\n    at router.handle (/Users/rrejin/Downloads/zolvex-deepclean/server/node_modules/express/lib/router/index.js:175:3)\n    at router (/Users/rrejin/Downloads/zolvex-deepclean/server/node_modules/express/lib/router/index.js:47:12)\n    at Layer.handle [as handle_request] (/Users/rrejin/Downloads/zolvex-deepclean/server/node_modules/express/lib/router/layer.js:95:5)\n    at trim_prefix (/Users/rrejin/Downloads/zolvex-deepclean/server/node_modules/express/lib/router/index.js:328:13)\n    at /Users/rrejin/Downloads/zolvex-deepclean/server/node_modules/express/lib/router/index.js:286:9\n    at router.process_params (/Users/rrejin/Downloads/zolvex-deepclean/server/node_modules/express/lib/router/index.js:346:12)\n    at next (/Users/rrejin/Downloads/zolvex-deepclean/server/node_modules/express/lib/router/index.js:280:10)\n    at /Users/rrejin/Downloads/zolvex-deepclean/server/node_modules/express/lib/router/index.js:646:15\n    at next (/Users/rrejin/Downloads/zolvex-deepclean/server/node_modules/express/lib/router/index.js:265:14)\n    at router.handle (/Users/rrejin/Downloads/zolvex-deepclean/server/node_modules/express/lib/router/index.js:175:3)\n    at router (/Users/rrejin/Downloads/zolvex-deepclean/server/node_modules/express/lib/router/index.js:47:12)\n    at Layer.handle [as handle_request] (/Users/rrejin/Downloads/zolvex-deepclean/server/node_modules/express/lib/router/layer.js:95:5)\n    at trim_prefix (/Users/rrejin/Downloads/zolvex-deepclean/server/node_modules/express/lib/router/index.js:328:13)\n    at /Users/rrejin/Downloads/zolvex-deepclean/server/node_modules/express/lib/router/index.js:286:9\n    at router.process_params (/Users/rrejin/Downloads/zolvex-deepclean/server/node_modules/express/lib/router/index.js:346:12)\n    at next (/Users/rrejin/Downloads/zolvex-deepclean/server/node_modules/express/lib/router/index.js:280:10)\n    at /Users/rrejin/Downloads/zolvex-deepclean/server/node_modules/express/lib/router/index.js:646:15\n    at next (/Users/rrejin/Downloads/zolvex-deepclean/server/node_modules/express/lib/router/index.js:265:14)\n    at router.handle (/Users/rrejin/Downloads/zolvex-deepclean/server/node_modules/express/lib/router/index.js:175:3)\n    at router (/Users/rrejin/Downloads/zolvex-deepclean/server/node_modules/express/lib/router/index.js:47:12)\n    at Layer.handle [as handle_request] (/Users/rrejin/Downloads/zolvex-deepclean/server/node_modules/express/lib/router/layer.js:95:5)\n    at trim_prefix (/Users/rrejin/Downloads/zolvex-deepclean/server/node_modules/express/lib/router/index.js:328:13)\n    at /Users/rrejin/Downloads/zolvex-deepclean/server/node_modules/express/lib/router/index.js:286:9\n    at router.process_params (/Users/rrejin/Downloads/zolvex-deepclean/server/node_modules/express/lib/router/index.js:346:12)\n    at next (/Users/rrejin/Downloads/zolvex-deepclean/server/node_modules/express/lib/router/index.js:280:10)\n    at router.handle (/Users/rrejin/Downloads/zolvex-deepclean/server/node_modules/express/lib/router/index.js:175:3)\n    at router (/Users/rrejin/Downloads/zolvex-deepclean/server/node_modules/express/lib/router/index.js:47:12)\n    at Layer.handle [as handle_request] (/Users/rrejin/Downloads/zolvex-deepclean/server/node_modules/express/lib/router/layer.js:95:5)\n    at trim_prefix (/Users/rrejin/Downloads/zolvex-deepclean/server/node_modules/express/lib/router/index.js:328:13)\n    at /Users/rrejin/Downloads/zolvex-deepclean/server/node_modules/express/lib/router/index.js:286:9\n    at router.process_params (/Users/rrejin/Downloads/zolvex-deepclean/server/node_modules/express/lib/router/index.js:346:12)\n    at next (/Users/rrejin/Downloads/zolvex-deepclean/server/node_modules/express/lib/router/index.js:280:10)\n    at next (/Users/rrejin/Downloads/zolvex-deepclean/server/src/middleware/rateLimiter.js:28:27)\n    at Layer.handle [as handle_request] (/Users/rrejin/Downloads/zolvex-deepclean/server/node_modules/express/lib/router/layer.js:95:5)\n    at trim_prefix (/Users/rrejin/Downloads/zolvex-deepclean/server/node_modules/express/lib/router/index.js:328:13)\n    at /Users/rrejin/Downloads/zolvex-deepclean/server/node_modules/express/lib/router/index.js:286:9\n    at router.process_params (/Users/rrejin/Downloads/zolvex-deepclean/server/node_modules/express/lib/router/index.js:346:12)\n    at next (/Users/rrejin/Downloads/zolvex-deepclean/server/node_modules/express/lib/router/index.js:280:10)\n    at logger (/Users/rrejin/Downloads/zolvex-deepclean/server/node_modules/morgan/index.js:170:5)\n    at Layer.handle [as handle_request] (/Users/rrejin/Downloads/zolvex-deepclean/server/node_modules/express/lib/router/layer.js:95:5)\n    at trim_prefix (/Users/rrejin/Downloads/zolvex-deepclean/server/node_modules/express/lib/router/index.js:328:13)\n    at /Users/rrejin/Downloads/zolvex-deepclean/server/node_modules/express/lib/router/index.js:286:9\n    at router.process_params (/Users/rrejin/Downloads/zolvex-deepclean/server/node_modules/express/lib/router/index.js:346:12)\n    at next (/Users/rrejin/Downloads/zolvex-deepclean/server/node_modules/express/lib/router/index.js:280:10)\n    at /Users/rrejin/Downloads/zolvex-deepclean/server/node_modules/express-mongo-sanitize/index.js:122:5\n    at Layer.handle [as handle_request] (/Users/rrejin/Downloads/zolvex-deepclean/server/node_modules/express/lib/router/layer.js:95:5)\n    at trim_prefix (/Users/rrejin/Downloads/zolvex-deepclean/server/node_modules/express/lib/router/index.js:328:13)\n    at /Users/rrejin/Downloads/zolvex-deepclean/server/node_modules/express/lib/router/index.js:286:9\n    at router.process_params (/Users/rrejin/Downloads/zolvex-deepclean/server/node_modules/express/lib/router/index.js:346:12)\n    at next (/Users/rrejin/Downloads/zolvex-deepclean/server/node_modules/express/lib/router/index.js:280:10)\n    at cookieParser (/Users/rrejin/Downloads/zolvex-deepclean/server/node_modules/cookie-parser/index.js:57:14)\n    at Layer.handle [as handle_request] (/Users/rrejin/Downloads/zolvex-deepclean/server/node_modules/express/lib/router/layer.js:95:5)\n    at trim_prefix (/Users/rrejin/Downloads/zolvex-deepclean/server/node_modules/express/lib/router/index.js:328:13)\n    at /Users/rrejin/Downloads/zolvex-deepclean/server/node_modules/express/lib/router/index.js:286:9\n    at router.process_params (/Users/rrejin/Downloads/zolvex-deepclean/server/node_modules/express/lib/router/index.js:346:12)\n    at next (/Users/rrejin/Downloads/zolvex-deepclean/server/node_modules/express/lib/router/index.js:280:10)\n    at urlencodedParser (/Users/rrejin/Downloads/zolvex-deepclean/server/node_modules/body-parser/lib/types/urlencoded.js:95:7)\n    at Layer.handle [as handle_request] (/Users/rrejin/Downloads/zolvex-deepclean/server/node_modules/express/lib/router/layer.js:95:5)\n    at trim_prefix (/Users/rrejin/Downloads/zolvex-deepclean/server/node_modules/express/lib/router/index.js:328:13)\n    at /Users/rrejin/Downloads/zolvex-deepclean/server/node_modules/express/lib/router/index.js:286:9\n    at router.process_params (/Users/rrejin/Downloads/zolvex-deepclean/server/node_modules/express/lib/router/index.js:346:12)\n    at next (/Users/rrejin/Downloads/zolvex-deepclean/server/node_modules/express/lib/router/index.js:280:10)\n    at jsonParser (/Users/rrejin/Downloads/zolvex-deepclean/server/node_modules/body-parser/lib/types/json.js:117:7)\n    at Layer.handle [as handle_request] (/Users/rrejin/Downloads/zolvex-deepclean/server/node_modules/express/lib/router/layer.js:95:5)\n    at trim_prefix (/Users/rrejin/Downloads/zolvex-deepclean/server/node_modules/express/lib/router/index.js:328:13)\n    at /Users/rrejin/Downloads/zolvex-deepclean/server/node_modules/express/lib/router/index.js:286:9\n    at router.process_params (/Users/rrejin/Downloads/zolvex-deepclean/server/node_modules/express/lib/router/index.js:346:12)\n    at next (/Users/rrejin/Downloads/zolvex-deepclean/server/node_modules/express/lib/router/index.js:280:10)\n    at cors (/Users/rrejin/Downloads/zolvex-deepclean/server/node_modules/cors/lib/index.js:188:7)\n    at /Users/rrejin/Downloads/zolvex-deepclean/server/node_modules/cors/lib/index.js:224:17\n    at originCallback (/Users/rrejin/Downloads/zolvex-deepclean/server/node_modules/cors/lib/index.js:214:15)\n    at /Users/rrejin/Downloads/zolvex-deepclean/server/node_modules/cors/lib/index.js:219:13\n    at optionsCallback (/Users/rrejin/Downloads/zolvex-deepclean/server/node_modules/cors/lib/index.js:199:9)\n    at corsMiddleware (/Users/rrejin/Downloads/zolvex-deepclean/server/node_modules/cors/lib/index.js:204:7)\n    at Layer.handle [as handle_request] (/Users/rrejin/Downloads/zolvex-deepclean/server/node_modules/express/lib/router/layer.js:95:5)\n    at trim_prefix (/Users/rrejin/Downloads/zolvex-deepclean/server/node_modules/express/lib/router/index.js:328:13)\n    at /Users/rrejin/Downloads/zolvex-deepclean/server/node_modules/express/lib/router/index.js:286:9\n    at router.process_params (/Users/rrejin/Downloads/zolvex-deepclean/server/node_modules/express/lib/router/index.js:346:12)\n    at next (/Users/rrejin/Downloads/zolvex-deepclean/server/node_modules/express/lib/router/index.js:280:10)\n    at internalNext (/Users/rrejin/Downloads/zolvex-deepclean/server/node_modules/helmet/index.cjs:558:6)\n    at xXssProtectionMiddleware (/Users/rrejin/Downloads/zolvex-deepclean/server/node_modules/helmet/index.cjs:338:3)\n    at internalNext (/Users/rrejin/Downloads/zolvex-deepclean/server/node_modules/helmet/index.cjs:556:6)\n    at xPoweredByMiddleware (/Users/rrejin/Downloads/zolvex-deepclean/server/node_modules/helmet/index.cjs:331:3)","timestamp":"2026-07-30 10:25:17"}
{"level":"info","message":"::ffff:127.0.0.1 - - [30/Jul/2026:04:55:17 +0000] \"GET /api/v1/admin/bookings HTTP/1.1\" 401 93 \"-\" \"-\"","service":"zolvex-backend","timestamp":"2026-07-30 10:25:17"}
{"ip":"::ffff:127.0.0.1","level":"error","message":"[GET] /api/v1/admin/services - 401: Authentication required. Please log in.","service":"zolvex-backend","stack":"Error: Authentication required. Please log in.\n    at authenticate (/Users/rrejin/Downloads/zolvex-deepclean/server/src/middleware/auth.js:18:13)\n    at Layer.handle [as handle_request] (/Users/rrejin/Downloads/zolvex-deepclean/server/node_modules/express/lib/router/layer.js:95:5)\n    at next (/Users/rrejin/Downloads/zolvex-deepclean/server/node_modules/express/lib/router/route.js:149:13)\n    at Route.dispatch (/Users/rrejin/Downloads/zolvex-deepclean/server/node_modules/express/lib/router/route.js:119:3)\n    at Layer.handle [as handle_request] (/Users/rrejin/Downloads/zolvex-deepclean/server/node_modules/express/lib/router/layer.js:95:5)\n    at /Users/rrejin/Downloads/zolvex-deepclean/server/node_modules/express/lib/router/index.js:284:15\n    at router.process_params (/Users/rrejin/Downloads/zolvex-deepclean/server/node_modules/express/lib/router/index.js:346:12)\n    at next (/Users/rrejin/Downloads/zolvex-deepclean/server/node_modules/express/lib/router/index.js:280:10)\n    at router.handle (/Users/rrejin/Downloads/zolvex-deepclean/server/node_modules/express/lib/router/index.js:175:3)\n    at router (/Users/rrejin/Downloads/zolvex-deepclean/server/node_modules/express/lib/router/index.js:47:12)\n    at Layer.handle [as handle_request] (/Users/rrejin/Downloads/zolvex-deepclean/server/node_modules/express/lib/router/layer.js:95:5)\n    at trim_prefix (/Users/rrejin/Downloads/zolvex-deepclean/server/node_modules/express/lib/router/index.js:328:13)\n    at /Users/rrejin/Downloads/zolvex-deepclean/server/node_modules/express/lib/router/index.js:286:9\n    at router.process_params (/Users/rrejin/Downloads/zolvex-deepclean/server/node_modules/express/lib/router/index.js:346:12)\n    at next (/Users/rrejin/Downloads/zolvex-deepclean/server/node_modules/express/lib/router/index.js:280:10)\n    at /Users/rrejin/Downloads/zolvex-deepclean/server/node_modules/express/lib/router/index.js:646:15\n    at next (/Users/rrejin/Downloads/zolvex-deepclean/server/node_modules/express/lib/router/index.js:265:14)\n    at router.handle (/Users/rrejin/Downloads/zolvex-deepclean/server/node_modules/express/lib/router/index.js:175:3)\n    at router (/Users/rrejin/Downloads/zolvex-deepclean/server/node_modules/express/lib/router/index.js:47:12)\n    at Layer.handle [as handle_request] (/Users/rrejin/Downloads/zolvex-deepclean/server/node_modules/express/lib/router/layer.js:95:5)\n    at trim_prefix (/Users/rrejin/Downloads/zolvex-deepclean/server/node_modules/express/lib/router/index.js:328:13)\n    at /Users/rrejin/Downloads/zolvex-deepclean/server/node_modules/express/lib/router/index.js:286:9\n    at router.process_params (/Users/rrejin/Downloads/zolvex-deepclean/server/node_modules/express/lib/router/index.js:346:12)\n    at next (/Users/rrejin/Downloads/zolvex-deepclean/server/node_modules/express/lib/router/index.js:280:10)\n    at router.handle (/Users/rrejin/Downloads/zolvex-deepclean/server/node_modules/express/lib/router/index.js:175:3)\n    at router (/Users/rrejin/Downloads/zolvex-deepclean/server/node_modules/express/lib/router/index.js:47:12)\n    at Layer.handle [as handle_request] (/Users/rrejin/Downloads/zolvex-deepclean/server/node_modules/express/lib/router/layer.js:95:5)\n    at trim_prefix (/Users/rrejin/Downloads/zolvex-deepclean/server/node_modules/express/lib/router/index.js:328:13)\n    at /Users/rrejin/Downloads/zolvex-deepclean/server/node_modules/express/lib/router/index.js:286:9\n    at router.process_params (/Users/rrejin/Downloads/zolvex-deepclean/server/node_modules/express/lib/router/index.js:346:12)\n    at next (/Users/rrejin/Downloads/zolvex-deepclean/server/node_modules/express/lib/router/index.js:280:10)\n    at next (/Users/rrejin/Downloads/zolvex-deepclean/server/src/middleware/rateLimiter.js:28:27)\n    at Layer.handle [as handle_request] (/Users/rrejin/Downloads/zolvex-deepclean/server/node_modules/express/lib/router/layer.js:95:5)\n    at trim_prefix (/Users/rrejin/Downloads/zolvex-deepclean/server/node_modules/express/lib/router/index.js:328:13)\n    at /Users/rrejin/Downloads/zolvex-deepclean/server/node_modules/express/lib/router/index.js:286:9\n    at router.process_params (/Users/rrejin/Downloads/zolvex-deepclean/server/node_modules/express/lib/router/index.js:346:12)\n    at next (/Users/rrejin/Downloads/zolvex-deepclean/server/node_modules/express/lib/router/index.js:280:10)\n    at logger (/Users/rrejin/Downloads/zolvex-deepclean/server/node_modules/morgan/index.js:170:5)\n    at Layer.handle [as handle_request] (/Users/rrejin/Downloads/zolvex-deepclean/server/node_modules/express/lib/router/layer.js:95:5)\n    at trim_prefix (/Users/rrejin/Downloads/zolvex-deepclean/server/node_modules/express/lib/router/index.js:328:13)\n    at /Users/rrejin/Downloads/zolvex-deepclean/server/node_modules/express/lib/router/index.js:286:9\n    at router.process_params (/Users/rrejin/Downloads/zolvex-deepclean/server/node_modules/express/lib/router/index.js:346:12)\n    at next (/Users/rrejin/Downloads/zolvex-deepclean/server/node_modules/express/lib/router/index.js:280:10)\n    at /Users/rrejin/Downloads/zolvex-deepclean/server/node_modules/express-mongo-sanitize/index.js:122:5\n    at Layer.handle [as handle_request] (/Users/rrejin/Downloads/zolvex-deepclean/server/node_modules/express/lib/router/layer.js:95:5)\n    at trim_prefix (/Users/rrejin/Downloads/zolvex-deepclean/server/node_modules/express/lib/router/index.js:328:13)\n    at /Users/rrejin/Downloads/zolvex-deepclean/server/node_modules/express/lib/router/index.js:286:9\n    at router.process_params (/Users/rrejin/Downloads/zolvex-deepclean/server/node_modules/express/lib/router/index.js:346:12)\n    at next (/Users/rrejin/Downloads/zolvex-deepclean/server/node_modules/express/lib/router/index.js:280:10)\n    at cookieParser (/Users/rrejin/Downloads/zolvex-deepclean/server/node_modules/cookie-parser/index.js:57:14)\n    at Layer.handle [as handle_request] (/Users/rrejin/Downloads/zolvex-deepclean/server/node_modules/express/lib/router/layer.js:95:5)\n    at trim_prefix (/Users/rrejin/Downloads/zolvex-deepclean/server/node_modules/express/lib/router/index.js:328:13)\n    at /Users/rrejin/Downloads/zolvex-deepclean/server/node_modules/express/lib/router/index.js:286:9\n    at router.process_params (/Users/rrejin/Downloads/zolvex-deepclean/server/node_modules/express/lib/router/index.js:346:12)\n    at next (/Users/rrejin/Downloads/zolvex-deepclean/server/node_modules/express/lib/router/index.js:280:10)\n    at urlencodedParser (/Users/rrejin/Downloads/zolvex-deepclean/server/node_modules/body-parser/lib/types/urlencoded.js:95:7)\n    at Layer.handle [as handle_request] (/Users/rrejin/Downloads/zolvex-deepclean/server/node_modules/express/lib/router/layer.js:95:5)\n    at trim_prefix (/Users/rrejin/Downloads/zolvex-deepclean/server/node_modules/express/lib/router/index.js:328:13)\n    at /Users/rrejin/Downloads/zolvex-deepclean/server/node_modules/express/lib/router/index.js:286:9\n    at router.process_params (/Users/rrejin/Downloads/zolvex-deepclean/server/node_modules/express/lib/router/index.js:346:12)\n    at next (/Users/rrejin/Downloads/zolvex-deepclean/server/node_modules/express/lib/router/index.js:280:10)\n    at jsonParser (/Users/rrejin/Downloads/zolvex-deepclean/server/node_modules/body-parser/lib/types/json.js:117:7)\n    at Layer.handle [as handle_request] (/Users/rrejin/Downloads/zolvex-deepclean/server/node_modules/express/lib/router/layer.js:95:5)\n    at trim_prefix (/Users/rrejin/Downloads/zolvex-deepclean/server/node_modules/express/lib/router/index.js:328:13)\n    at /Users/rrejin/Downloads/zolvex-deepclean/server/node_modules/express/lib/router/index.js:286:9\n    at router.process_params (/Users/rrejin/Downloads/zolvex-deepclean/server/node_modules/express/lib/router/index.js:346:12)\n    at next (/Users/rrejin/Downloads/zolvex-deepclean/server/node_modules/express/lib/router/index.js:280:10)\n    at cors (/Users/rrejin/Downloads/zolvex-deepclean/server/node_modules/cors/lib/index.js:188:7)\n    at /Users/rrejin/Downloads/zolvex-deepclean/server/node_modules/cors/lib/index.js:224:17\n    at originCallback (/Users/rrejin/Downloads/zolvex-deepclean/server/node_modules/cors/lib/index.js:214:15)\n    at /Users/rrejin/Downloads/zolvex-deepclean/server/node_modules/cors/lib/index.js:219:13\n    at optionsCallback (/Users/rrejin/Downloads/zolvex-deepclean/server/node_modules/cors/lib/index.js:199:9)\n    at corsMiddleware (/Users/rrejin/Downloads/zolvex-deepclean/server/node_modules/cors/lib/index.js:204:7)\n    at Layer.handle [as handle_request] (/Users/rrejin/Downloads/zolvex-deepclean/server/node_modules/express/lib/router/layer.js:95:5)\n    at trim_prefix (/Users/rrejin/Downloads/zolvex-deepclean/server/node_modules/express/lib/router/index.js:328:13)\n    at /Users/rrejin/Downloads/zolvex-deepclean/server/node_modules/express/lib/router/index.js:286:9\n    at router.process_params (/Users/rrejin/Downloads/zolvex-deepclean/server/node_modules/express/lib/router/index.js:346:12)\n    at next (/Users/rrejin/Downloads/zolvex-deepclean/server/node_modules/express/lib/router/index.js:280:10)\n    at internalNext (/Users/rrejin/Downloads/zolvex-deepclean/server/node_modules/helmet/index.cjs:558:6)\n    at xXssProtectionMiddleware (/Users/rrejin/Downloads/zolvex-deepclean/server/node_modules/helmet/index.cjs:338:3)\n    at internalNext (/Users/rrejin/Downloads/zolvex-deepclean/server/node_modules/helmet/index.cjs:556:6)\n    at xPoweredByMiddleware (/Users/rrejin/Downloads/zolvex-deepclean/server/node_modules/helmet/index.cjs:331:3)\n    at internalNext (/Users/rrejin/Downloads/zolvex-deepclean/server/node_modules/helmet/index.cjs:556:6)\n    at xPermittedCrossDomainPoliciesMiddleware (/Users/rrejin/Downloads/zolvex-deepclean/server/node_modules/helmet/index.cjs:324:3)\n    at internalNext (/Users/rrejin/Downloads/zolvex-deepclean/server/node_modules/helmet/index.cjs:556:6)\n    at xFrameOptionsMiddleware (/Users/rrejin/Downloads/zolvex-deepclean/server/node_modules/helmet/index.cjs:308:3)\n    at internalNext (/Users/rrejin/Downloads/zolvex-deepclean/server/node_modules/helmet/index.cjs:556:6)\n    at xDownloadOptionsMiddleware (/Users/rrejin/Downloads/zolvex-deepclean/server/node_modules/helmet/index.cjs:288:3)\n    at internalNext (/Users/rrejin/Downloads/zolvex-deepclean/server/node_modules/helmet/index.cjs:556:6)\n    at xDnsPrefetchControlMiddleware (/Users/rrejin/Downloads/zolvex-deepclean/server/node_modules/helmet/index.cjs:281:3)\n    at internalNext (/Users/rrejin/Downloads/zolvex-deepclean/server/node_modules/helmet/index.cjs:556:6)\n    at xContentTypeOptionsMiddleware (/Users/rrejin/Downloads/zolvex-deepclean/server/node_modules/helmet/index.cjs:273:3)\n    at internalNext (/Users/rrejin/Downloads/zolvex-deepclean/server/node_modules/helmet/index.cjs:556:6)\n    at strictTransportSecurityMiddleware (/Users/rrejin/Downloads/zolvex-deepclean/server/node_modules/helmet/index.cjs:266:3)\n    at internalNext (/Users/rrejin/Downloads/zolvex-deepclean/server/node_modules/helmet/index.cjs:556:6)\n    at referrerPolicyMiddleware (/Users/rrejin/Downloads/zolvex-deepclean/server/node_modules/helmet/index.cjs:234:3)\n    at internalNext (/Users/rrejin/Downloads/zolvex-deepclean/server/node_modules/helmet/index.cjs:556:6)\n    at originAgentClusterMiddleware (/Users/rrejin/Downloads/zolvex-deepclean/server/node_modules/helmet/index.cjs:209:3)\n    at internalNext (/Users/rrejin/Downloads/zolvex-deepclean/server/node_modules/helmet/index.cjs:556:6)\n    at crossOriginResourcePolicyMiddleware (/Users/rrejin/Downloads/zolvex-deepclean/server/node_modules/helmet/index.cjs:202:3)","timestamp":"2026-07-30 10:25:17"}
{"level":"info","message":"::ffff:127.0.0.1 - - [30/Jul/2026:04:55:17 +0000] \"GET /api/v1/admin/services HTTP/1.1\" 401 93 \"-\" \"-\"","service":"zolvex-backend","timestamp":"2026-07-30 10:25:17"}
{"ip":"::ffff:127.0.0.1","level":"error","message":"[GET] /api/v1/admin/analytics - 401: Authentication required. Please log in.","service":"zolvex-backend","stack":"Error: Authentication required. Please log in.\n    at authenticate (/Users/rrejin/Downloads/zolvex-deepclean/server/src/middleware/auth.js:18:13)\n    at Layer.handle [as handle_request] (/Users/rrejin/Downloads/zolvex-deepclean/server/node_modules/express/lib/router/layer.js:95:5)\n    at trim_prefix (/Users/rrejin/Downloads/zolvex-deepclean/server/node_modules/express/lib/router/index.js:328:13)\n    at /Users/rrejin/Downloads/zolvex-deepclean/server/node_modules/express/lib/router/index.js:286:9\n    at router.process_params (/Users/rrejin/Downloads/zolvex-deepclean/server/node_modules/express/lib/router/index.js:346:12)\n    at next (/Users/rrejin/Downloads/zolvex-deepclean/server/node_modules/express/lib/router/index.js:280:10)\n    at router.handle (/Users/rrejin/Downloads/zolvex-deepclean/server/node_modules/express/lib/router/index.js:175:3)\n    at router (/Users/rrejin/Downloads/zolvex-deepclean/server/node_modules/express/lib/router/index.js:47:12)\n    at Layer.handle [as handle_request] (/Users/rrejin/Downloads/zolvex-deepclean/server/node_modules/express/lib/router/layer.js:95:5)\n    at trim_prefix (/Users/rrejin/Downloads/zolvex-deepclean/server/node_modules/express/lib/router/index.js:328:13)\n    at /Users/rrejin/Downloads/zolvex-deepclean/server/node_modules/express/lib/router/index.js:286:9\n    at router.process_params (/Users/rrejin/Downloads/zolvex-deepclean/server/node_modules/express/lib/router/index.js:346:12)\n    at next (/Users/rrejin/Downloads/zolvex-deepclean/server/node_modules/express/lib/router/index.js:280:10)\n    at /Users/rrejin/Downloads/zolvex-deepclean/server/node_modules/express/lib/router/index.js:646:15\n    at next (/Users/rrejin/Downloads/zolvex-deepclean/server/node_modules/express/lib/router/index.js:265:14)\n    at router.handle (/Users/rrejin/Downloads/zolvex-deepclean/server/node_modules/express/lib/router/index.js:175:3)\n    at router (/Users/rrejin/Downloads/zolvex-deepclean/server/node_modules/express/lib/router/index.js:47:12)\n    at Layer.handle [as handle_request] (/Users/rrejin/Downloads/zolvex-deepclean/server/node_modules/express/lib/router/layer.js:95:5)\n    at trim_prefix (/Users/rrejin/Downloads/zolvex-deepclean/server/node_modules/express/lib/router/index.js:328:13)\n    at /Users/rrejin/Downloads/zolvex-deepclean/server/node_modules/express/lib/router/index.js:286:9\n    at router.process_params (/Users/rrejin/Downloads/zolvex-deepclean/server/node_modules/express/lib/router/index.js:346:12)\n    at next (/Users/rrejin/Downloads/zolvex-deepclean/server/node_modules/express/lib/router/index.js:280:10)\n    at /Users/rrejin/Downloads/zolvex-deepclean/server/node_modules/express/lib/router/index.js:646:15\n    at next (/Users/rrejin/Downloads/zolvex-deepclean/server/node_modules/express/lib/router/index.js:265:14)\n    at router.handle (/Users/rrejin/Downloads/zolvex-deepclean/server/node_modules/express/lib/router/index.js:175:3)\n    at router (/Users/rrejin/Downloads/zolvex-deepclean/server/node_modules/express/lib/router/index.js:47:12)\n    at Layer.handle [as handle_request] (/Users/rrejin/Downloads/zolvex-deepclean/server/node_modules/express/lib/router/layer.js:95:5)\n    at trim_prefix (/Users/rrejin/Downloads/zolvex-deepclean/server/node_modules/express/lib/router/index.js:328:13)\n    at /Users/rrejin/Downloads/zolvex-deepclean/server/node_modules/express/lib/router/index.js:286:9\n    at router.process_params (/Users/rrejin/Downloads/zolvex-deepclean/server/node_modules/express/lib/router/index.js:346:12)\n    at next (/Users/rrejin/Downloads/zolvex-deepclean/server/node_modules/express/lib/router/index.js:280:10)\n    at /Users/rrejin/Downloads/zolvex-deepclean/server/node_modules/express/lib/router/index.js:646:15\n    at next (/Users/rrejin/Downloads/zolvex-deepclean/server/node_modules/express/lib/router/index.js:265:14)\n    at router.handle (/Users/rrejin/Downloads/zolvex-deepclean/server/node_modules/express/lib/router/index.js:175:3)\n    at router (/Users/rrejin/Downloads/zolvex-deepclean/server/node_modules/express/lib/router/index.js:47:12)\n    at Layer.handle [as handle_request] (/Users/rrejin/Downloads/zolvex-deepclean/server/node_modules/express/lib/router/layer.js:95:5)\n    at trim_prefix (/Users/rrejin/Downloads/zolvex-deepclean/server/node_modules/express/lib/router/index.js:328:13)\n    at /Users/rrejin/Downloads/zolvex-deepclean/server/node_modules/express/lib/router/index.js:286:9\n    at router.process_params (/Users/rrejin/Downloads/zolvex-deepclean/server/node_modules/express/lib/router/index.js:346:12)\n    at next (/Users/rrejin/Downloads/zolvex-deepclean/server/node_modules/express/lib/router/index.js:280:10)\n    at /Users/rrejin/Downloads/zolvex-deepclean/server/node_modules/express/lib/router/index.js:646:15\n    at next (/Users/rrejin/Downloads/zolvex-deepclean/server/node_modules/express/lib/router/index.js:265:14)\n    at router.handle (/Users/rrejin/Downloads/zolvex-deepclean/server/node_modules/express/lib/router/index.js:175:3)\n    at router (/Users/rrejin/Downloads/zolvex-deepclean/server/node_modules/express/lib/router/index.js:47:12)\n    at Layer.handle [as handle_request] (/Users/rrejin/Downloads/zolvex-deepclean/server/node_modules/express/lib/router/layer.js:95:5)\n    at trim_prefix (/Users/rrejin/Downloads/zolvex-deepclean/server/node_modules/express/lib/router/index.js:328:13)\n    at /Users/rrejin/Downloads/zolvex-deepclean/server/node_modules/express/lib/router/index.js:286:9\n    at router.process_params (/Users/rrejin/Downloads/zolvex-deepclean/server/node_modules/express/lib/router/index.js:346:12)\n    at next (/Users/rrejin/Downloads/zolvex-deepclean/server/node_modules/express/lib/router/index.js:280:10)\n    at router.handle (/Users/rrejin/Downloads/zolvex-deepclean/server/node_modules/express/lib/router/index.js:175:3)\n    at router (/Users/rrejin/Downloads/zolvex-deepclean/server/node_modules/express/lib/router/index.js:47:12)\n    at Layer.handle [as handle_request] (/Users/rrejin/Downloads/zolvex-deepclean/server/node_modules/express/lib/router/layer.js:95:5)\n    at trim_prefix (/Users/rrejin/Downloads/zolvex-deepclean/server/node_modules/express/lib/router/index.js:328:13)\n    at /Users/rrejin/Downloads/zolvex-deepclean/server/node_modules/express/lib/router/index.js:286:9\n    at router.process_params (/Users/rrejin/Downloads/zolvex-deepclean/server/node_modules/express/lib/router/index.js:346:12)\n    at next (/Users/rrejin/Downloads/zolvex-deepclean/server/node_modules/express/lib/router/index.js:280:10)\n    at next (/Users/rrejin/Downloads/zolvex-deepclean/server/src/middleware/rateLimiter.js:28:27)\n    at Layer.handle [as handle_request] (/Users/rrejin/Downloads/zolvex-deepclean/server/node_modules/express/lib/router/layer.js:95:5)\n    at trim_prefix (/Users/rrejin/Downloads/zolvex-deepclean/server/node_modules/express/lib/router/index.js:328:13)\n    at /Users/rrejin/Downloads/zolvex-deepclean/server/node_modules/express/lib/router/index.js:286:9\n    at router.process_params (/Users/rrejin/Downloads/zolvex-deepclean/server/node_modules/express/lib/router/index.js:346:12)\n    at next (/Users/rrejin/Downloads/zolvex-deepclean/server/node_modules/express/lib/router/index.js:280:10)\n    at logger (/Users/rrejin/Downloads/zolvex-deepclean/server/node_modules/morgan/index.js:170:5)\n    at Layer.handle [as handle_request] (/Users/rrejin/Downloads/zolvex-deepclean/server/node_modules/express/lib/router/layer.js:95:5)\n    at trim_prefix (/Users/rrejin/Downloads/zolvex-deepclean/server/node_modules/express/lib/router/index.js:328:13)\n    at /Users/rrejin/Downloads/zolvex-deepclean/server/node_modules/express/lib/router/index.js:286:9\n    at router.process_params (/Users/rrejin/Downloads/zolvex-deepclean/server/node_modules/express/lib/router/index.js:346:12)\n    at next (/Users/rrejin/Downloads/zolvex-deepclean/server/node_modules/express/lib/router/index.js:280:10)\n    at /Users/rrejin/Downloads/zolvex-deepclean/server/node_modules/express-mongo-sanitize/index.js:122:5\n    at Layer.handle [as handle_request] (/Users/rrejin/Downloads/zolvex-deepclean/server/node_modules/express/lib/router/layer.js:95:5)\n    at trim_prefix (/Users/rrejin/Downloads/zolvex-deepclean/server/node_modules/express/lib/router/index.js:328:13)\n    at /Users/rrejin/Downloads/zolvex-deepclean/server/node_modules/express/lib/router/index.js:286:9\n    at router.process_params (/Users/rrejin/Downloads/zolvex-deepclean/server/node_modules/express/lib/router/index.js:346:12)\n    at next (/Users/rrejin/Downloads/zolvex-deepclean/server/node_modules/express/lib/router/index.js:280:10)\n    at cookieParser (/Users/rrejin/Downloads/zolvex-deepclean/server/node_modules/cookie-parser/index.js:57:14)\n    at Layer.handle [as handle_request] (/Users/rrejin/Downloads/zolvex-deepclean/server/node_modules/express/lib/router/layer.js:95:5)\n    at trim_prefix (/Users/rrejin/Downloads/zolvex-deepclean/server/node_modules/express/lib/router/index.js:328:13)\n    at /Users/rrejin/Downloads/zolvex-deepclean/server/node_modules/express/lib/router/index.js:286:9\n    at router.process_params (/Users/rrejin/Downloads/zolvex-deepclean/server/node_modules/express/lib/router/index.js:346:12)\n    at next (/Users/rrejin/Downloads/zolvex-deepclean/server/node_modules/express/lib/router/index.js:280:10)\n    at urlencodedParser (/Users/rrejin/Downloads/zolvex-deepclean/server/node_modules/body-parser/lib/types/urlencoded.js:95:7)\n    at Layer.handle [as handle_request] (/Users/rrejin/Downloads/zolvex-deepclean/server/node_modules/express/lib/router/layer.js:95:5)\n    at trim_prefix (/Users/rrejin/Downloads/zolvex-deepclean/server/node_modules/express/lib/router/index.js:328:13)\n    at /Users/rrejin/Downloads/zolvex-deepclean/server/node_modules/express/lib/router/index.js:286:9\n    at router.process_params (/Users/rrejin/Downloads/zolvex-deepclean/server/node_modules/express/lib/router/index.js:346:12)\n    at next (/Users/rrejin/Downloads/zolvex-deepclean/server/node_modules/express/lib/router/index.js:280:10)\n    at jsonParser (/Users/rrejin/Downloads/zolvex-deepclean/server/node_modules/body-parser/lib/types/json.js:117:7)\n    at Layer.handle [as handle_request] (/Users/rrejin/Downloads/zolvex-deepclean/server/node_modules/express/lib/router/layer.js:95:5)\n    at trim_prefix (/Users/rrejin/Downloads/zolvex-deepclean/server/node_modules/express/lib/router/index.js:328:13)\n    at /Users/rrejin/Downloads/zolvex-deepclean/server/node_modules/express/lib/router/index.js:286:9\n    at router.process_params (/Users/rrejin/Downloads/zolvex-deepclean/server/node_modules/express/lib/router/index.js:346:12)\n    at next (/Users/rrejin/Downloads/zolvex-deepclean/server/node_modules/express/lib/router/index.js:280:10)\n    at cors (/Users/rrejin/Downloads/zolvex-deepclean/server/node_modules/cors/lib/index.js:188:7)\n    at /Users/rrejin/Downloads/zolvex-deepclean/server/node_modules/cors/lib/index.js:224:17\n    at originCallback (/Users/rrejin/Downloads/zolvex-deepclean/server/node_modules/cors/lib/index.js:214:15)\n    at /Users/rrejin/Downloads/zolvex-deepclean/server/node_modules/cors/lib/index.js:219:13\n    at optionsCallback (/Users/rrejin/Downloads/zolvex-deepclean/server/node_modules/cors/lib/index.js:199:9)\n    at corsMiddleware (/Users/rrejin/Downloads/zolvex-deepclean/server/node_modules/cors/lib/index.js:204:7)\n    at Layer.handle [as handle_request] (/Users/rrejin/Downloads/zolvex-deepclean/server/node_modules/express/lib/router/layer.js:95:5)\n    at trim_prefix (/Users/rrejin/Downloads/zolvex-deepclean/server/node_modules/express/lib/router/index.js:328:13)","timestamp":"2026-07-30 10:25:17"}
{"level":"info","message":"::ffff:127.0.0.1 - - [30/Jul/2026:04:55:17 +0000] \"GET /api/v1/admin/analytics HTTP/1.1\" 401 93 \"-\" \"-\"","service":"zolvex-backend","timestamp":"2026-07-30 10:25:17"}
{"level":"info","message":"::ffff:127.0.0.1 - - [30/Jul/2026:04:55:17 +0000] \"GET /api/v1/admin/services HTTP/1.1\" 200 4913 \"-\" \"-\"","service":"zolvex-backend","timestamp":"2026-07-30 10:25:17"}
{"level":"info","message":"🍃 MongoDB Connected: localhost/zolvex_deepclean","service":"zolvex-backend","timestamp":"2026-07-30 10:25:28"}
{"level":"info","message":"🚀 Zolvex Enterprise Backend running in [development] on http://0.0.0.0:5002","service":"zolvex-backend","timestamp":"2026-07-30 10:25:28"}
{"level":"info","message":"📡 Health Check: http://localhost:5002/api/v1/health","service":"zolvex-backend","timestamp":"2026-07-30 10:25:28"}
{"level":"info","message":"📚 Swagger Docs: http://localhost:5002/api/v1/docs","service":"zolvex-backend","timestamp":"2026-07-30 10:25:28"}
{"level":"info","message":"::ffff:127.0.0.1 - - [30/Jul/2026:04:55:33 +0000] \"GET /api/v1/health HTTP/1.1\" 200 326 \"-\" \"-\"","service":"zolvex-backend","timestamp":"2026-07-30 10:25:33"}
{"level":"info","message":"::ffff:127.0.0.1 - - [30/Jul/2026:04:55:43 +0000] \"POST /api/v1/auth/login HTTP/1.1\" 200 463 \"-\" \"-\"","service":"zolvex-backend","timestamp":"2026-07-30 10:25:43"}
{"ip":"::ffff:127.0.0.1","level":"error","message":"[POST] /api/v1/auth/login - 401: Invalid email or password","service":"zolvex-backend","stack":"Error: Invalid email or password\n    at AuthService.login (/Users/rrejin/Downloads/zolvex-deepclean/server/src/services/authService.js:72:13)\n    at /Users/rrejin/Downloads/zolvex-deepclean/server/src/controllers/authController.js:23:18","timestamp":"2026-07-30 10:25:43"}
{"level":"info","message":"::ffff:127.0.0.1 - - [30/Jul/2026:04:55:43 +0000] \"POST /api/v1/auth/login HTTP/1.1\" 401 79 \"-\" \"-\"","service":"zolvex-backend","timestamp":"2026-07-30 10:25:43"}
{"level":"info","message":"::ffff:127.0.0.1 - - [30/Jul/2026:04:55:43 +0000] \"GET /api/v1/services HTTP/1.1\" 200 4915 \"-\" \"-\"","service":"zolvex-backend","timestamp":"2026-07-30 10:25:43"}
{"level":"info","message":"::ffff:127.0.0.1 - - [30/Jul/2026:04:55:43 +0000] \"GET /api/v1/services HTTP/1.1\" 200 4915 \"-\" \"-\"","service":"zolvex-backend","timestamp":"2026-07-30 10:25:43"}
{"level":"info","message":"::ffff:127.0.0.1 - - [30/Jul/2026:04:55:43 +0000] \"GET /api/v1/services/deep-cleaning HTTP/1.1\" 200 1217 \"-\" \"-\"","service":"zolvex-backend","timestamp":"2026-07-30 10:25:43"}
{"level":"info","message":"::ffff:127.0.0.1 - - [30/Jul/2026:04:55:43 +0000] \"POST /api/v1/price/calculate HTTP/1.1\" 200 209 \"-\" \"-\"","service":"zolvex-backend","timestamp":"2026-07-30 10:25:43"}
{"level":"info","message":"::ffff:127.0.0.1 - - [30/Jul/2026:04:55:43 +0000] \"POST /api/v1/bookings HTTP/1.1\" 201 747 \"-\" \"-\"","service":"zolvex-backend","timestamp":"2026-07-30 10:25:43"}
{"level":"info","message":"::ffff:127.0.0.1 - - [30/Jul/2026:04:55:43 +0000] \"GET /api/v1/bookings/track/ZLV-2026-1981 HTTP/1.1\" 200 743 \"-\" \"-\"","service":"zolvex-backend","timestamp":"2026-07-30 10:25:43"}
{"ip":"::ffff:127.0.0.1","level":"error","message":"[GET] /api/v1/admin/bookings - 401: Authentication required. Please log in.","service":"zolvex-backend","stack":"Error: Authentication required. Please log in.\n    at authenticate (/Users/rrejin/Downloads/zolvex-deepclean/server/src/middleware/auth.js:18:13)\n    at Layer.handle [as handle_request] (/Users/rrejin/Downloads/zolvex-deepclean/server/node_modules/express/lib/router/layer.js:95:5)\n    at next (/Users/rrejin/Downloads/zolvex-deepclean/server/node_modules/express/lib/router/route.js:149:13)\n    at Route.dispatch (/Users/rrejin/Downloads/zolvex-deepclean/server/node_modules/express/lib/router/route.js:119:3)\n    at Layer.handle [as handle_request] (/Users/rrejin/Downloads/zolvex-deepclean/server/node_modules/express/lib/router/layer.js:95:5)\n    at /Users/rrejin/Downloads/zolvex-deepclean/server/node_modules/express/lib/router/index.js:284:15\n    at router.process_params (/Users/rrejin/Downloads/zolvex-deepclean/server/node_modules/express/lib/router/index.js:346:12)\n    at next (/Users/rrejin/Downloads/zolvex-deepclean/server/node_modules/express/lib/router/index.js:280:10)\n    at router.handle (/Users/rrejin/Downloads/zolvex-deepclean/server/node_modules/express/lib/router/index.js:175:3)\n    at router (/Users/rrejin/Downloads/zolvex-deepclean/server/node_modules/express/lib/router/index.js:47:12)\n    at Layer.handle [as handle_request] (/Users/rrejin/Downloads/zolvex-deepclean/server/node_modules/express/lib/router/layer.js:95:5)\n    at trim_prefix (/Users/rrejin/Downloads/zolvex-deepclean/server/node_modules/express/lib/router/index.js:328:13)\n    at /Users/rrejin/Downloads/zolvex-deepclean/server/node_modules/express/lib/router/index.js:286:9\n    at router.process_params (/Users/rrejin/Downloads/zolvex-deepclean/server/node_modules/express/lib/router/index.js:346:12)\n    at next (/Users/rrejin/Downloads/zolvex-deepclean/server/node_modules/express/lib/router/index.js:280:10)\n    at /Users/rrejin/Downloads/zolvex-deepclean/server/node_modules/express/lib/router/index.js:646:15\n    at next (/Users/rrejin/Downloads/zolvex-deepclean/server/node_modules/express/lib/router/index.js:265:14)\n    at router.handle (/Users/rrejin/Downloads/zolvex-deepclean/server/node_modules/express/lib/router/index.js:175:3)\n    at router (/Users/rrejin/Downloads/zolvex-deepclean/server/node_modules/express/lib/router/index.js:47:12)\n    at Layer.handle [as handle_request] (/Users/rrejin/Downloads/zolvex-deepclean/server/node_modules/express/lib/router/layer.js:95:5)\n    at trim_prefix (/Users/rrejin/Downloads/zolvex-deepclean/server/node_modules/express/lib/router/index.js:328:13)\n    at /Users/rrejin/Downloads/zolvex-deepclean/server/node_modules/express/lib/router/index.js:286:9\n    at router.process_params (/Users/rrejin/Downloads/zolvex-deepclean/server/node_modules/express/lib/router/index.js:346:12)\n    at next (/Users/rrejin/Downloads/zolvex-deepclean/server/node_modules/express/lib/router/index.js:280:10)\n    at /Users/rrejin/Downloads/zolvex-deepclean/server/node_modules/express/lib/router/index.js:646:15\n    at next (/Users/rrejin/Downloads/zolvex-deepclean/server/node_modules/express/lib/router/index.js:265:14)\n    at router.handle (/Users/rrejin/Downloads/zolvex-deepclean/server/node_modules/express/lib/router/index.js:175:3)\n    at router (/Users/rrejin/Downloads/zolvex-deepclean/server/node_modules/express/lib/router/index.js:47:12)\n    at Layer.handle [as handle_request] (/Users/rrejin/Downloads/zolvex-deepclean/server/node_modules/express/lib/router/layer.js:95:5)\n    at trim_prefix (/Users/rrejin/Downloads/zolvex-deepclean/server/node_modules/express/lib/router/index.js:328:13)\n    at /Users/rrejin/Downloads/zolvex-deepclean/server/node_modules/express/lib/router/index.js:286:9\n    at router.process_params (/Users/rrejin/Downloads/zolvex-deepclean/server/node_modules/express/lib/router/index.js:346:12)\n    at next (/Users/rrejin/Downloads/zolvex-deepclean/server/node_modules/express/lib/router/index.js:280:10)\n    at /Users/rrejin/Downloads/zolvex-deepclean/server/node_modules/express/lib/router/index.js:646:15\n    at next (/Users/rrejin/Downloads/zolvex-deepclean/server/node_modules/express/lib/router/index.js:265:14)\n    at router.handle (/Users/rrejin/Downloads/zolvex-deepclean/server/node_modules/express/lib/router/index.js:175:3)\n    at router (/Users/rrejin/Downloads/zolvex-deepclean/server/node_modules/express/lib/router/index.js:47:12)\n    at Layer.handle [as handle_request] (/Users/rrejin/Downloads/zolvex-deepclean/server/node_modules/express/lib/router/layer.js:95:5)\n    at trim_prefix (/Users/rrejin/Downloads/zolvex-deepclean/server/node_modules/express/lib/router/index.js:328:13)\n    at /Users/rrejin/Downloads/zolvex-deepclean/server/node_modules/express/lib/router/index.js:286:9\n    at router.process_params (/Users/rrejin/Downloads/zolvex-deepclean/server/node_modules/express/lib/router/index.js:346:12)\n    at next (/Users/rrejin/Downloads/zolvex-deepclean/server/node_modules/express/lib/router/index.js:280:10)\n    at router.handle (/Users/rrejin/Downloads/zolvex-deepclean/server/node_modules/express/lib/router/index.js:175:3)\n    at router (/Users/rrejin/Downloads/zolvex-deepclean/server/node_modules/express/lib/router/index.js:47:12)\n    at Layer.handle [as handle_request] (/Users/rrejin/Downloads/zolvex-deepclean/server/node_modules/express/lib/router/layer.js:95:5)\n    at trim_prefix (/Users/rrejin/Downloads/zolvex-deepclean/server/node_modules/express/lib/router/index.js:328:13)\n    at /Users/rrejin/Downloads/zolvex-deepclean/server/node_modules/express/lib/router/index.js:286:9\n    at router.process_params (/Users/rrejin/Downloads/zolvex-deepclean/server/node_modules/express/lib/router/index.js:346:12)\n    at next (/Users/rrejin/Downloads/zolvex-deepclean/server/node_modules/express/lib/router/index.js:280:10)\n    at next (/Users/rrejin/Downloads/zolvex-deepclean/server/src/middleware/rateLimiter.js:28:27)\n    at Layer.handle [as handle_request] (/Users/rrejin/Downloads/zolvex-deepclean/server/node_modules/express/lib/router/layer.js:95:5)\n    at trim_prefix (/Users/rrejin/Downloads/zolvex-deepclean/server/node_modules/express/lib/router/index.js:328:13)\n    at /Users/rrejin/Downloads/zolvex-deepclean/server/node_modules/express/lib/router/index.js:286:9\n    at router.process_params (/Users/rrejin/Downloads/zolvex-deepclean/server/node_modules/express/lib/router/index.js:346:12)\n    at next (/Users/rrejin/Downloads/zolvex-deepclean/server/node_modules/express/lib/router/index.js:280:10)\n    at logger (/Users/rrejin/Downloads/zolvex-deepclean/server/node_modules/morgan/index.js:170:5)\n    at Layer.handle [as handle_request] (/Users/rrejin/Downloads/zolvex-deepclean/server/node_modules/express/lib/router/layer.js:95:5)\n    at trim_prefix (/Users/rrejin/Downloads/zolvex-deepclean/server/node_modules/express/lib/router/index.js:328:13)\n    at /Users/rrejin/Downloads/zolvex-deepclean/server/node_modules/express/lib/router/index.js:286:9\n    at router.process_params (/Users/rrejin/Downloads/zolvex-deepclean/server/node_modules/express/lib/router/index.js:346:12)\n    at next (/Users/rrejin/Downloads/zolvex-deepclean/server/node_modules/express/lib/router/index.js:280:10)\n    at /Users/rrejin/Downloads/zolvex-deepclean/server/node_modules/express-mongo-sanitize/index.js:122:5\n    at Layer.handle [as handle_request] (/Users/rrejin/Downloads/zolvex-deepclean/server/node_modules/express/lib/router/layer.js:95:5)\n    at trim_prefix (/Users/rrejin/Downloads/zolvex-deepclean/server/node_modules/express/lib/router/index.js:328:13)\n    at /Users/rrejin/Downloads/zolvex-deepclean/server/node_modules/express/lib/router/index.js:286:9\n    at router.process_params (/Users/rrejin/Downloads/zolvex-deepclean/server/node_modules/express/lib/router/index.js:346:12)\n    at next (/Users/rrejin/Downloads/zolvex-deepclean/server/node_modules/express/lib/router/index.js:280:10)\n    at cookieParser (/Users/rrejin/Downloads/zolvex-deepclean/server/node_modules/cookie-parser/index.js:57:14)\n    at Layer.handle [as handle_request] (/Users/rrejin/Downloads/zolvex-deepclean/server/node_modules/express/lib/router/layer.js:95:5)\n    at trim_prefix (/Users/rrejin/Downloads/zolvex-deepclean/server/node_modules/express/lib/router/index.js:328:13)\n    at /Users/rrejin/Downloads/zolvex-deepclean/server/node_modules/express/lib/router/index.js:286:9\n    at router.process_params (/Users/rrejin/Downloads/zolvex-deepclean/server/node_modules/express/lib/router/index.js:346:12)\n    at next (/Users/rrejin/Downloads/zolvex-deepclean/server/node_modules/express/lib/router/index.js:280:10)\n    at urlencodedParser (/Users/rrejin/Downloads/zolvex-deepclean/server/node_modules/body-parser/lib/types/urlencoded.js:95:7)\n    at Layer.handle [as handle_request] (/Users/rrejin/Downloads/zolvex-deepclean/server/node_modules/express/lib/router/layer.js:95:5)\n    at trim_prefix (/Users/rrejin/Downloads/zolvex-deepclean/server/node_modules/express/lib/router/index.js:328:13)\n    at /Users/rrejin/Downloads/zolvex-deepclean/server/node_modules/express/lib/router/index.js:286:9\n    at router.process_params (/Users/rrejin/Downloads/zolvex-deepclean/server/node_modules/express/lib/router/index.js:346:12)\n    at next (/Users/rrejin/Downloads/zolvex-deepclean/server/node_modules/express/lib/router/index.js:280:10)\n    at jsonParser (/Users/rrejin/Downloads/zolvex-deepclean/server/node_modules/body-parser/lib/types/json.js:117:7)\n    at Layer.handle [as handle_request] (/Users/rrejin/Downloads/zolvex-deepclean/server/node_modules/express/lib/router/layer.js:95:5)\n    at trim_prefix (/Users/rrejin/Downloads/zolvex-deepclean/server/node_modules/express/lib/router/index.js:328:13)\n    at /Users/rrejin/Downloads/zolvex-deepclean/server/node_modules/express/lib/router/index.js:286:9\n    at router.process_params (/Users/rrejin/Downloads/zolvex-deepclean/server/node_modules/express/lib/router/index.js:346:12)\n    at next (/Users/rrejin/Downloads/zolvex-deepclean/server/node_modules/express/lib/router/index.js:280:10)\n    at cors (/Users/rrejin/Downloads/zolvex-deepclean/server/node_modules/cors/lib/index.js:188:7)\n    at /Users/rrejin/Downloads/zolvex-deepclean/server/node_modules/cors/lib/index.js:224:17\n    at originCallback (/Users/rrejin/Downloads/zolvex-deepclean/server/node_modules/cors/lib/index.js:214:15)\n    at /Users/rrejin/Downloads/zolvex-deepclean/server/node_modules/cors/lib/index.js:219:13\n    at optionsCallback (/Users/rrejin/Downloads/zolvex-deepclean/server/node_modules/cors/lib/index.js:199:9)\n    at corsMiddleware (/Users/rrejin/Downloads/zolvex-deepclean/server/node_modules/cors/lib/index.js:204:7)\n    at Layer.handle [as handle_request] (/Users/rrejin/Downloads/zolvex-deepclean/server/node_modules/express/lib/router/layer.js:95:5)\n    at trim_prefix (/Users/rrejin/Downloads/zolvex-deepclean/server/node_modules/express/lib/router/index.js:328:13)\n    at /Users/rrejin/Downloads/zolvex-deepclean/server/node_modules/express/lib/router/index.js:286:9\n    at router.process_params (/Users/rrejin/Downloads/zolvex-deepclean/server/node_modules/express/lib/router/index.js:346:12)\n    at next (/Users/rrejin/Downloads/zolvex-deepclean/server/node_modules/express/lib/router/index.js:280:10)\n    at internalNext (/Users/rrejin/Downloads/zolvex-deepclean/server/node_modules/helmet/index.cjs:558:6)\n    at xXssProtectionMiddleware (/Users/rrejin/Downloads/zolvex-deepclean/server/node_modules/helmet/index.cjs:338:3)\n    at internalNext (/Users/rrejin/Downloads/zolvex-deepclean/server/node_modules/helmet/index.cjs:556:6)\n    at xPoweredByMiddleware (/Users/rrejin/Downloads/zolvex-deepclean/server/node_modules/helmet/index.cjs:331:3)","timestamp":"2026-07-30 10:25:43"}
{"level":"info","message":"::ffff:127.0.0.1 - - [30/Jul/2026:04:55:43 +0000] \"GET /api/v1/admin/bookings HTTP/1.1\" 401 93 \"-\" \"-\"","service":"zolvex-backend","timestamp":"2026-07-30 10:25:43"}
{"ip":"::ffff:127.0.0.1","level":"error","message":"[GET] /api/v1/admin/services - 401: Authentication required. Please log in.","service":"zolvex-backend","stack":"Error: Authentication required. Please log in.\n    at authenticate (/Users/rrejin/Downloads/zolvex-deepclean/server/src/middleware/auth.js:18:13)\n    at Layer.handle [as handle_request] (/Users/rrejin/Downloads/zolvex-deepclean/server/node_modules/express/lib/router/layer.js:95:5)\n    at next (/Users/rrejin/Downloads/zolvex-deepclean/server/node_modules/express/lib/router/route.js:149:13)\n    at Route.dispatch (/Users/rrejin/Downloads/zolvex-deepclean/server/node_modules/express/lib/router/route.js:119:3)\n    at Layer.handle [as handle_request] (/Users/rrejin/Downloads/zolvex-deepclean/server/node_modules/express/lib/router/layer.js:95:5)\n    at /Users/rrejin/Downloads/zolvex-deepclean/server/node_modules/express/lib/router/index.js:284:15\n    at router.process_params (/Users/rrejin/Downloads/zolvex-deepclean/server/node_modules/express/lib/router/index.js:346:12)\n    at next (/Users/rrejin/Downloads/zolvex-deepclean/server/node_modules/express/lib/router/index.js:280:10)\n    at router.handle (/Users/rrejin/Downloads/zolvex-deepclean/server/node_modules/express/lib/router/index.js:175:3)\n    at router (/Users/rrejin/Downloads/zolvex-deepclean/server/node_modules/express/lib/router/index.js:47:12)\n    at Layer.handle [as handle_request] (/Users/rrejin/Downloads/zolvex-deepclean/server/node_modules/express/lib/router/layer.js:95:5)\n    at trim_prefix (/Users/rrejin/Downloads/zolvex-deepclean/server/node_modules/express/lib/router/index.js:328:13)\n    at /Users/rrejin/Downloads/zolvex-deepclean/server/node_modules/express/lib/router/index.js:286:9\n    at router.process_params (/Users/rrejin/Downloads/zolvex-deepclean/server/node_modules/express/lib/router/index.js:346:12)\n    at next (/Users/rrejin/Downloads/zolvex-deepclean/server/node_modules/express/lib/router/index.js:280:10)\n    at /Users/rrejin/Downloads/zolvex-deepclean/server/node_modules/express/lib/router/index.js:646:15\n    at next (/Users/rrejin/Downloads/zolvex-deepclean/server/node_modules/express/lib/router/index.js:265:14)\n    at router.handle (/Users/rrejin/Downloads/zolvex-deepclean/server/node_modules/express/lib/router/index.js:175:3)\n    at router (/Users/rrejin/Downloads/zolvex-deepclean/server/node_modules/express/lib/router/index.js:47:12)\n    at Layer.handle [as handle_request] (/Users/rrejin/Downloads/zolvex-deepclean/server/node_modules/express/lib/router/layer.js:95:5)\n    at trim_prefix (/Users/rrejin/Downloads/zolvex-deepclean/server/node_modules/express/lib/router/index.js:328:13)\n    at /Users/rrejin/Downloads/zolvex-deepclean/server/node_modules/express/lib/router/index.js:286:9\n    at router.process_params (/Users/rrejin/Downloads/zolvex-deepclean/server/node_modules/express/lib/router/index.js:346:12)\n    at next (/Users/rrejin/Downloads/zolvex-deepclean/server/node_modules/express/lib/router/index.js:280:10)\n    at router.handle (/Users/rrejin/Downloads/zolvex-deepclean/server/node_modules/express/lib/router/index.js:175:3)\n    at router (/Users/rrejin/Downloads/zolvex-deepclean/server/node_modules/express/lib/router/index.js:47:12)\n    at Layer.handle [as handle_request] (/Users/rrejin/Downloads/zolvex-deepclean/server/node_modules/express/lib/router/layer.js:95:5)\n    at trim_prefix (/Users/rrejin/Downloads/zolvex-deepclean/server/node_modules/express/lib/router/index.js:328:13)\n    at /Users/rrejin/Downloads/zolvex-deepclean/server/node_modules/express/lib/router/index.js:286:9\n    at router.process_params (/Users/rrejin/Downloads/zolvex-deepclean/server/node_modules/express/lib/router/index.js:346:12)\n    at next (/Users/rrejin/Downloads/zolvex-deepclean/server/node_modules/express/lib/router/index.js:280:10)\n    at next (/Users/rrejin/Downloads/zolvex-deepclean/server/src/middleware/rateLimiter.js:28:27)\n    at Layer.handle [as handle_request] (/Users/rrejin/Downloads/zolvex-deepclean/server/node_modules/express/lib/router/layer.js:95:5)\n    at trim_prefix (/Users/rrejin/Downloads/zolvex-deepclean/server/node_modules/express/lib/router/index.js:328:13)\n    at /Users/rrejin/Downloads/zolvex-deepclean/server/node_modules/express/lib/router/index.js:286:9\n    at router.process_params (/Users/rrejin/Downloads/zolvex-deepclean/server/node_modules/express/lib/router/index.js:346:12)\n    at next (/Users/rrejin/Downloads/zolvex-deepclean/server/node_modules/express/lib/router/index.js:280:10)\n    at logger (/Users/rrejin/Downloads/zolvex-deepclean/server/node_modules/morgan/index.js:170:5)\n    at Layer.handle [as handle_request] (/Users/rrejin/Downloads/zolvex-deepclean/server/node_modules/express/lib/router/layer.js:95:5)\n    at trim_prefix (/Users/rrejin/Downloads/zolvex-deepclean/server/node_modules/express/lib/router/index.js:328:13)\n    at /Users/rrejin/Downloads/zolvex-deepclean/server/node_modules/express/lib/router/index.js:286:9\n    at router.process_params (/Users/rrejin/Downloads/zolvex-deepclean/server/node_modules/express/lib/router/index.js:346:12)\n    at next (/Users/rrejin/Downloads/zolvex-deepclean/server/node_modules/express/lib/router/index.js:280:10)\n    at /Users/rrejin/Downloads/zolvex-deepclean/server/node_modules/express-mongo-sanitize/index.js:122:5\n    at Layer.handle [as handle_request] (/Users/rrejin/Downloads/zolvex-deepclean/server/node_modules/express/lib/router/layer.js:95:5)\n    at trim_prefix (/Users/rrejin/Downloads/zolvex-deepclean/server/node_modules/express/lib/router/index.js:328:13)\n    at /Users/rrejin/Downloads/zolvex-deepclean/server/node_modules/express/lib/router/index.js:286:9\n    at router.process_params (/Users/rrejin/Downloads/zolvex-deepclean/server/node_modules/express/lib/router/index.js:346:12)\n    at next (/Users/rrejin/Downloads/zolvex-deepclean/server/node_modules/express/lib/router/index.js:280:10)\n    at cookieParser (/Users/rrejin/Downloads/zolvex-deepclean/server/node_modules/cookie-parser/index.js:57:14)\n    at Layer.handle [as handle_request] (/Users/rrejin/Downloads/zolvex-deepclean/server/node_modules/express/lib/router/layer.js:95:5)\n    at trim_prefix (/Users/rrejin/Downloads/zolvex-deepclean/server/node_modules/express/lib/router/index.js:328:13)\n    at /Users/rrejin/Downloads/zolvex-deepclean/server/node_modules/express/lib/router/index.js:286:9\n    at router.process_params (/Users/rrejin/Downloads/zolvex-deepclean/server/node_modules/express/lib/router/index.js:346:12)\n    at next (/Users/rrejin/Downloads/zolvex-deepclean/server/node_modules/express/lib/router/index.js:280:10)\n    at urlencodedParser (/Users/rrejin/Downloads/zolvex-deepclean/server/node_modules/body-parser/lib/types/urlencoded.js:95:7)\n    at Layer.handle [as handle_request] (/Users/rrejin/Downloads/zolvex-deepclean/server/node_modules/express/lib/router/layer.js:95:5)\n    at trim_prefix (/Users/rrejin/Downloads/zolvex-deepclean/server/node_modules/express/lib/router/index.js:328:13)\n    at /Users/rrejin/Downloads/zolvex-deepclean/server/node_modules/express/lib/router/index.js:286:9\n    at router.process_params (/Users/rrejin/Downloads/zolvex-deepclean/server/node_modules/express/lib/router/index.js:346:12)\n    at next (/Users/rrejin/Downloads/zolvex-deepclean/server/node_modules/express/lib/router/index.js:280:10)\n    at jsonParser (/Users/rrejin/Downloads/zolvex-deepclean/server/node_modules/body-parser/lib/types/json.js:117:7)\n    at Layer.handle [as handle_request] (/Users/rrejin/Downloads/zolvex-deepclean/server/node_modules/express/lib/router/layer.js:95:5)\n    at trim_prefix (/Users/rrejin/Downloads/zolvex-deepclean/server/node_modules/express/lib/router/index.js:328:13)\n    at /Users/rrejin/Downloads/zolvex-deepclean/server/node_modules/express/lib/router/index.js:286:9\n    at router.process_params (/Users/rrejin/Downloads/zolvex-deepclean/server/node_modules/express/lib/router/index.js:346:12)\n    at next (/Users/rrejin/Downloads/zolvex-deepclean/server/node_modules/express/lib/router/index.js:280:10)\n    at cors (/Users/rrejin/Downloads/zolvex-deepclean/server/node_modules/cors/lib/index.js:188:7)\n    at /Users/rrejin/Downloads/zolvex-deepclean/server/node_modules/cors/lib/index.js:224:17\n    at originCallback (/Users/rrejin/Downloads/zolvex-deepclean/server/node_modules/cors/lib/index.js:214:15)\n    at /Users/rrejin/Downloads/zolvex-deepclean/server/node_modules/cors/lib/index.js:219:13\n    at optionsCallback (/Users/rrejin/Downloads/zolvex-deepclean/server/node_modules/cors/lib/index.js:199:9)\n    at corsMiddleware (/Users/rrejin/Downloads/zolvex-deepclean/server/node_modules/cors/lib/index.js:204:7)\n    at Layer.handle [as handle_request] (/Users/rrejin/Downloads/zolvex-deepclean/server/node_modules/express/lib/router/layer.js:95:5)\n    at trim_prefix (/Users/rrejin/Downloads/zolvex-deepclean/server/node_modules/express/lib/router/index.js:328:13)\n    at /Users/rrejin/Downloads/zolvex-deepclean/server/node_modules/express/lib/router/index.js:286:9\n    at router.process_params (/Users/rrejin/Downloads/zolvex-deepclean/server/node_modules/express/lib/router/index.js:346:12)\n    at next (/Users/rrejin/Downloads/zolvex-deepclean/server/node_modules/express/lib/router/index.js:280:10)\n    at internalNext (/Users/rrejin/Downloads/zolvex-deepclean/server/node_modules/helmet/index.cjs:558:6)\n    at xXssProtectionMiddleware (/Users/rrejin/Downloads/zolvex-deepclean/server/node_modules/helmet/index.cjs:338:3)\n    at internalNext (/Users/rrejin/Downloads/zolvex-deepclean/server/node_modules/helmet/index.cjs:556:6)\n    at xPoweredByMiddleware (/Users/rrejin/Downloads/zolvex-deepclean/server/node_modules/helmet/index.cjs:331:3)\n    at internalNext (/Users/rrejin/Downloads/zolvex-deepclean/server/node_modules/helmet/index.cjs:556:6)\n    at xPermittedCrossDomainPoliciesMiddleware (/Users/rrejin/Downloads/zolvex-deepclean/server/node_modules/helmet/index.cjs:324:3)\n    at internalNext (/Users/rrejin/Downloads/zolvex-deepclean/server/node_modules/helmet/index.cjs:556:6)\n    at xFrameOptionsMiddleware (/Users/rrejin/Downloads/zolvex-deepclean/server/node_modules/helmet/index.cjs:308:3)\n    at internalNext (/Users/rrejin/Downloads/zolvex-deepclean/server/node_modules/helmet/index.cjs:556:6)\n    at xDownloadOptionsMiddleware (/Users/rrejin/Downloads/zolvex-deepclean/server/node_modules/helmet/index.cjs:288:3)\n    at internalNext (/Users/rrejin/Downloads/zolvex-deepclean/server/node_modules/helmet/index.cjs:556:6)\n    at xDnsPrefetchControlMiddleware (/Users/rrejin/Downloads/zolvex-deepclean/server/node_modules/helmet/index.cjs:281:3)\n    at internalNext (/Users/rrejin/Downloads/zolvex-deepclean/server/node_modules/helmet/index.cjs:556:6)\n    at xContentTypeOptionsMiddleware (/Users/rrejin/Downloads/zolvex-deepclean/server/node_modules/helmet/index.cjs:273:3)\n    at internalNext (/Users/rrejin/Downloads/zolvex-deepclean/server/node_modules/helmet/index.cjs:556:6)\n    at strictTransportSecurityMiddleware (/Users/rrejin/Downloads/zolvex-deepclean/server/node_modules/helmet/index.cjs:266:3)\n    at internalNext (/Users/rrejin/Downloads/zolvex-deepclean/server/node_modules/helmet/index.cjs:556:6)\n    at referrerPolicyMiddleware (/Users/rrejin/Downloads/zolvex-deepclean/server/node_modules/helmet/index.cjs:234:3)\n    at internalNext (/Users/rrejin/Downloads/zolvex-deepclean/server/node_modules/helmet/index.cjs:556:6)\n    at originAgentClusterMiddleware (/Users/rrejin/Downloads/zolvex-deepclean/server/node_modules/helmet/index.cjs:209:3)\n    at internalNext (/Users/rrejin/Downloads/zolvex-deepclean/server/node_modules/helmet/index.cjs:556:6)\n    at crossOriginResourcePolicyMiddleware (/Users/rrejin/Downloads/zolvex-deepclean/server/node_modules/helmet/index.cjs:202:3)","timestamp":"2026-07-30 10:25:43"}
{"level":"info","message":"::ffff:127.0.0.1 - - [30/Jul/2026:04:55:43 +0000] \"GET /api/v1/admin/services HTTP/1.1\" 401 93 \"-\" \"-\"","service":"zolvex-backend","timestamp":"2026-07-30 10:25:43"}
{"ip":"::ffff:127.0.0.1","level":"error","message":"[GET] /api/v1/admin/analytics - 401: Authentication required. Please log in.","service":"zolvex-backend","stack":"Error: Authentication required. Please log in.\n    at authenticate (/Users/rrejin/Downloads/zolvex-deepclean/server/src/middleware/auth.js:18:13)\n    at Layer.handle [as handle_request] (/Users/rrejin/Downloads/zolvex-deepclean/server/node_modules/express/lib/router/layer.js:95:5)\n    at trim_prefix (/Users/rrejin/Downloads/zolvex-deepclean/server/node_modules/express/lib/router/index.js:328:13)\n    at /Users/rrejin/Downloads/zolvex-deepclean/server/node_modules/express/lib/router/index.js:286:9\n    at router.process_params (/Users/rrejin/Downloads/zolvex-deepclean/server/node_modules/express/lib/router/index.js:346:12)\n    at next (/Users/rrejin/Downloads/zolvex-deepclean/server/node_modules/express/lib/router/index.js:280:10)\n    at router.handle (/Users/rrejin/Downloads/zolvex-deepclean/server/node_modules/express/lib/router/index.js:175:3)\n    at router (/Users/rrejin/Downloads/zolvex-deepclean/server/node_modules/express/lib/router/index.js:47:12)\n    at Layer.handle [as handle_request] (/Users/rrejin/Downloads/zolvex-deepclean/server/node_modules/express/lib/router/layer.js:95:5)\n    at trim_prefix (/Users/rrejin/Downloads/zolvex-deepclean/server/node_modules/express/lib/router/index.js:328:13)\n    at /Users/rrejin/Downloads/zolvex-deepclean/server/node_modules/express/lib/router/index.js:286:9\n    at router.process_params (/Users/rrejin/Downloads/zolvex-deepclean/server/node_modules/express/lib/router/index.js:346:12)\n    at next (/Users/rrejin/Downloads/zolvex-deepclean/server/node_modules/express/lib/router/index.js:280:10)\n    at /Users/rrejin/Downloads/zolvex-deepclean/server/node_modules/express/lib/router/index.js:646:15\n    at next (/Users/rrejin/Downloads/zolvex-deepclean/server/node_modules/express/lib/router/index.js:265:14)\n    at router.handle (/Users/rrejin/Downloads/zolvex-deepclean/server/node_modules/express/lib/router/index.js:175:3)\n    at router (/Users/rrejin/Downloads/zolvex-deepclean/server/node_modules/express/lib/router/index.js:47:12)\n    at Layer.handle [as handle_request] (/Users/rrejin/Downloads/zolvex-deepclean/server/node_modules/express/lib/router/layer.js:95:5)\n    at trim_prefix (/Users/rrejin/Downloads/zolvex-deepclean/server/node_modules/express/lib/router/index.js:328:13)\n    at /Users/rrejin/Downloads/zolvex-deepclean/server/node_modules/express/lib/router/index.js:286:9\n    at router.process_params (/Users/rrejin/Downloads/zolvex-deepclean/server/node_modules/express/lib/router/index.js:346:12)\n    at next (/Users/rrejin/Downloads/zolvex-deepclean/server/node_modules/express/lib/router/index.js:280:10)\n    at /Users/rrejin/Downloads/zolvex-deepclean/server/node_modules/express/lib/router/index.js:646:15\n    at next (/Users/rrejin/Downloads/zolvex-deepclean/server/node_modules/express/lib/router/index.js:265:14)\n    at router.handle (/Users/rrejin/Downloads/zolvex-deepclean/server/node_modules/express/lib/router/index.js:175:3)\n    at router (/Users/rrejin/Downloads/zolvex-deepclean/server/node_modules/express/lib/router/index.js:47:12)\n    at Layer.handle [as handle_request] (/Users/rrejin/Downloads/zolvex-deepclean/server/node_modules/express/lib/router/layer.js:95:5)\n    at trim_prefix (/Users/rrejin/Downloads/zolvex-deepclean/server/node_modules/express/lib/router/index.js:328:13)\n    at /Users/rrejin/Downloads/zolvex-deepclean/server/node_modules/express/lib/router/index.js:286:9\n    at router.process_params (/Users/rrejin/Downloads/zolvex-deepclean/server/node_modules/express/lib/router/index.js:346:12)\n    at next (/Users/rrejin/Downloads/zolvex-deepclean/server/node_modules/express/lib/router/index.js:280:10)\n    at /Users/rrejin/Downloads/zolvex-deepclean/server/node_modules/express/lib/router/index.js:646:15\n    at next (/Users/rrejin/Downloads/zolvex-deepclean/server/node_modules/express/lib/router/index.js:265:14)\n    at router.handle (/Users/rrejin/Downloads/zolvex-deepclean/server/node_modules/express/lib/router/index.js:175:3)\n    at router (/Users/rrejin/Downloads/zolvex-deepclean/server/node_modules/express/lib/router/index.js:47:12)\n    at Layer.handle [as handle_request] (/Users/rrejin/Downloads/zolvex-deepclean/server/node_modules/express/lib/router/layer.js:95:5)\n    at trim_prefix (/Users/rrejin/Downloads/zolvex-deepclean/server/node_modules/express/lib/router/index.js:328:13)\n    at /Users/rrejin/Downloads/zolvex-deepclean/server/node_modules/express/lib/router/index.js:286:9\n    at router.process_params (/Users/rrejin/Downloads/zolvex-deepclean/server/node_modules/express/lib/router/index.js:346:12)\n    at next (/Users/rrejin/Downloads/zolvex-deepclean/server/node_modules/express/lib/router/index.js:280:10)\n    at /Users/rrejin/Downloads/zolvex-deepclean/server/node_modules/express/lib/router/index.js:646:15\n    at next (/Users/rrejin/Downloads/zolvex-deepclean/server/node_modules/express/lib/router/index.js:265:14)\n    at router.handle (/Users/rrejin/Downloads/zolvex-deepclean/server/node_modules/express/lib/router/index.js:175:3)\n    at router (/Users/rrejin/Downloads/zolvex-deepclean/server/node_modules/express/lib/router/index.js:47:12)\n    at Layer.handle [as handle_request] (/Users/rrejin/Downloads/zolvex-deepclean/server/node_modules/express/lib/router/layer.js:95:5)\n    at trim_prefix (/Users/rrejin/Downloads/zolvex-deepclean/server/node_modules/express/lib/router/index.js:328:13)\n    at /Users/rrejin/Downloads/zolvex-deepclean/server/node_modules/express/lib/router/index.js:286:9\n    at router.process_params (/Users/rrejin/Downloads/zolvex-deepclean/server/node_modules/express/lib/router/index.js:346:12)\n    at next (/Users/rrejin/Downloads/zolvex-deepclean/server/node_modules/express/lib/router/index.js:280:10)\n    at router.handle (/Users/rrejin/Downloads/zolvex-deepclean/server/node_modules/express/lib/router/index.js:175:3)\n    at router (/Users/rrejin/Downloads/zolvex-deepclean/server/node_modules/express/lib/router/index.js:47:12)\n    at Layer.handle [as handle_request] (/Users/rrejin/Downloads/zolvex-deepclean/server/node_modules/express/lib/router/layer.js:95:5)\n    at trim_prefix (/Users/rrejin/Downloads/zolvex-deepclean/server/node_modules/express/lib/router/index.js:328:13)\n    at /Users/rrejin/Downloads/zolvex-deepclean/server/node_modules/express/lib/router/index.js:286:9\n    at router.process_params (/Users/rrejin/Downloads/zolvex-deepclean/server/node_modules/express/lib/router/index.js:346:12)\n    at next (/Users/rrejin/Downloads/zolvex-deepclean/server/node_modules/express/lib/router/index.js:280:10)\n    at next (/Users/rrejin/Downloads/zolvex-deepclean/server/src/middleware/rateLimiter.js:28:27)\n    at Layer.handle [as handle_request] (/Users/rrejin/Downloads/zolvex-deepclean/server/node_modules/express/lib/router/layer.js:95:5)\n    at trim_prefix (/Users/rrejin/Downloads/zolvex-deepclean/server/node_modules/express/lib/router/index.js:328:13)\n    at /Users/rrejin/Downloads/zolvex-deepclean/server/node_modules/express/lib/router/index.js:286:9\n    at router.process_params (/Users/rrejin/Downloads/zolvex-deepclean/server/node_modules/express/lib/router/index.js:346:12)\n    at next (/Users/rrejin/Downloads/zolvex-deepclean/server/node_modules/express/lib/router/index.js:280:10)\n    at logger (/Users/rrejin/Downloads/zolvex-deepclean/server/node_modules/morgan/index.js:170:5)\n    at Layer.handle [as handle_request] (/Users/rrejin/Downloads/zolvex-deepclean/server/node_modules/express/lib/router/layer.js:95:5)\n    at trim_prefix (/Users/rrejin/Downloads/zolvex-deepclean/server/node_modules/express/lib/router/index.js:328:13)\n    at /Users/rrejin/Downloads/zolvex-deepclean/server/node_modules/express/lib/router/index.js:286:9\n    at router.process_params (/Users/rrejin/Downloads/zolvex-deepclean/server/node_modules/express/lib/router/index.js:346:12)\n    at next (/Users/rrejin/Downloads/zolvex-deepclean/server/node_modules/express/lib/router/index.js:280:10)\n    at /Users/rrejin/Downloads/zolvex-deepclean/server/node_modules/express-mongo-sanitize/index.js:122:5\n    at Layer.handle [as handle_request] (/Users/rrejin/Downloads/zolvex-deepclean/server/node_modules/express/lib/router/layer.js:95:5)\n    at trim_prefix (/Users/rrejin/Downloads/zolvex-deepclean/server/node_modules/express/lib/router/index.js:328:13)\n    at /Users/rrejin/Downloads/zolvex-deepclean/server/node_modules/express/lib/router/index.js:286:9\n    at router.process_params (/Users/rrejin/Downloads/zolvex-deepclean/server/node_modules/express/lib/router/index.js:346:12)\n    at next (/Users/rrejin/Downloads/zolvex-deepclean/server/node_modules/express/lib/router/index.js:280:10)\n    at cookieParser (/Users/rrejin/Downloads/zolvex-deepclean/server/node_modules/cookie-parser/index.js:57:14)\n    at Layer.handle [as handle_request] (/Users/rrejin/Downloads/zolvex-deepclean/server/node_modules/express/lib/router/layer.js:95:5)\n    at trim_prefix (/Users/rrejin/Downloads/zolvex-deepclean/server/node_modules/express/lib/router/index.js:328:13)\n    at /Users/rrejin/Downloads/zolvex-deepclean/server/node_modules/express/lib/router/index.js:286:9\n    at router.process_params (/Users/rrejin/Downloads/zolvex-deepclean/server/node_modules/express/lib/router/index.js:346:12)\n    at next (/Users/rrejin/Downloads/zolvex-deepclean/server/node_modules/express/lib/router/index.js:280:10)\n    at urlencodedParser (/Users/rrejin/Downloads/zolvex-deepclean/server/node_modules/body-parser/lib/types/urlencoded.js:95:7)\n    at Layer.handle [as handle_request] (/Users/rrejin/Downloads/zolvex-deepclean/server/node_modules/express/lib/router/layer.js:95:5)\n    at trim_prefix (/Users/rrejin/Downloads/zolvex-deepclean/server/node_modules/express/lib/router/index.js:328:13)\n    at /Users/rrejin/Downloads/zolvex-deepclean/server/node_modules/express/lib/router/index.js:286:9\n    at router.process_params (/Users/rrejin/Downloads/zolvex-deepclean/server/node_modules/express/lib/router/index.js:346:12)\n    at next (/Users/rrejin/Downloads/zolvex-deepclean/server/node_modules/express/lib/router/index.js:280:10)\n    at jsonParser (/Users/rrejin/Downloads/zolvex-deepclean/server/node_modules/body-parser/lib/types/json.js:117:7)\n    at Layer.handle [as handle_request] (/Users/rrejin/Downloads/zolvex-deepclean/server/node_modules/express/lib/router/layer.js:95:5)\n    at trim_prefix (/Users/rrejin/Downloads/zolvex-deepclean/server/node_modules/express/lib/router/index.js:328:13)\n    at /Users/rrejin/Downloads/zolvex-deepclean/server/node_modules/express/lib/router/index.js:286:9\n    at router.process_params (/Users/rrejin/Downloads/zolvex-deepclean/server/node_modules/express/lib/router/index.js:346:12)\n    at next (/Users/rrejin/Downloads/zolvex-deepclean/server/node_modules/express/lib/router/index.js:280:10)\n    at cors (/Users/rrejin/Downloads/zolvex-deepclean/server/node_modules/cors/lib/index.js:188:7)\n    at /Users/rrejin/Downloads/zolvex-deepclean/server/node_modules/cors/lib/index.js:224:17\n    at originCallback (/Users/rrejin/Downloads/zolvex-deepclean/server/node_modules/cors/lib/index.js:214:15)\n    at /Users/rrejin/Downloads/zolvex-deepclean/server/node_modules/cors/lib/index.js:219:13\n    at optionsCallback (/Users/rrejin/Downloads/zolvex-deepclean/server/node_modules/cors/lib/index.js:199:9)\n    at corsMiddleware (/Users/rrejin/Downloads/zolvex-deepclean/server/node_modules/cors/lib/index.js:204:7)\n    at Layer.handle [as handle_request] (/Users/rrejin/Downloads/zolvex-deepclean/server/node_modules/express/lib/router/layer.js:95:5)\n    at trim_prefix (/Users/rrejin/Downloads/zolvex-deepclean/server/node_modules/express/lib/router/index.js:328:13)","timestamp":"2026-07-30 10:25:43"}
{"level":"info","message":"::ffff:127.0.0.1 - - [30/Jul/2026:04:55:43 +0000] \"GET /api/v1/admin/analytics HTTP/1.1\" 401 93 \"-\" \"-\"","service":"zolvex-backend","timestamp":"2026-07-30 10:25:43"}
{"level":"info","message":"::ffff:127.0.0.1 - - [30/Jul/2026:04:55:43 +0000] \"GET /api/v1/admin/services HTTP/1.1\" 200 4913 \"-\" \"-\"","service":"zolvex-backend","timestamp":"2026-07-30 10:25:43"}
{"level":"info","message":"🍃 MongoDB Connected: localhost/zolvex_deepclean","service":"zolvex-backend","timestamp":"2026-07-30 10:25:56"}
{"level":"info","message":"🚀 Zolvex Enterprise Backend running in [development] on http://0.0.0.0:5002","service":"zolvex-backend","timestamp":"2026-07-30 10:25:56"}
{"level":"info","message":"📡 Health Check: http://localhost:5002/api/v1/health","service":"zolvex-backend","timestamp":"2026-07-30 10:25:56"}
{"level":"info","message":"📚 Swagger Docs: http://localhost:5002/api/v1/docs","service":"zolvex-backend","timestamp":"2026-07-30 10:25:56"}
{"level":"info","message":"::ffff:127.0.0.1 - - [30/Jul/2026:04:56:07 +0000] \"GET /api/v1/health HTTP/1.1\" 200 327 \"-\" \"-\"","service":"zolvex-backend","timestamp":"2026-07-30 10:26:07"}
{"level":"info","message":"::ffff:127.0.0.1 - - [30/Jul/2026:04:56:17 +0000] \"POST /api/v1/auth/login HTTP/1.1\" 200 463 \"-\" \"-\"","service":"zolvex-backend","timestamp":"2026-07-30 10:26:17"}
{"ip":"::ffff:127.0.0.1","level":"error","message":"[POST] /api/v1/auth/login - 401: Invalid email or password","service":"zolvex-backend","stack":"Error: Invalid email or password\n    at AuthService.login (/Users/rrejin/Downloads/zolvex-deepclean/server/src/services/authService.js:72:13)\n    at /Users/rrejin/Downloads/zolvex-deepclean/server/src/controllers/authController.js:23:18","timestamp":"2026-07-30 10:26:17"}
{"level":"info","message":"::ffff:127.0.0.1 - - [30/Jul/2026:04:56:17 +0000] \"POST /api/v1/auth/login HTTP/1.1\" 401 79 \"-\" \"-\"","service":"zolvex-backend","timestamp":"2026-07-30 10:26:17"}
{"level":"info","message":"::ffff:127.0.0.1 - - [30/Jul/2026:04:56:17 +0000] \"GET /api/v1/services HTTP/1.1\" 200 4915 \"-\" \"-\"","service":"zolvex-backend","timestamp":"2026-07-30 10:26:17"}
{"level":"info","message":"::ffff:127.0.0.1 - - [30/Jul/2026:04:56:17 +0000] \"GET /api/v1/services HTTP/1.1\" 200 4915 \"-\" \"-\"","service":"zolvex-backend","timestamp":"2026-07-30 10:26:17"}
{"level":"info","message":"::ffff:127.0.0.1 - - [30/Jul/2026:04:56:17 +0000] \"GET /api/v1/services/deep-cleaning HTTP/1.1\" 200 1217 \"-\" \"-\"","service":"zolvex-backend","timestamp":"2026-07-30 10:26:17"}
{"level":"info","message":"::ffff:127.0.0.1 - - [30/Jul/2026:04:56:17 +0000] \"POST /api/v1/price/calculate HTTP/1.1\" 200 209 \"-\" \"-\"","service":"zolvex-backend","timestamp":"2026-07-30 10:26:17"}
{"level":"info","message":"::ffff:127.0.0.1 - - [30/Jul/2026:04:56:17 +0000] \"POST /api/v1/bookings HTTP/1.1\" 201 747 \"-\" \"-\"","service":"zolvex-backend","timestamp":"2026-07-30 10:26:17"}
{"level":"info","message":"::ffff:127.0.0.1 - - [30/Jul/2026:04:56:17 +0000] \"GET /api/v1/bookings/track/ZLV-2026-7829 HTTP/1.1\" 200 743 \"-\" \"-\"","service":"zolvex-backend","timestamp":"2026-07-30 10:26:17"}
{"ip":"::ffff:127.0.0.1","level":"error","message":"[GET] /api/v1/admin/bookings - 401: Authentication required. Please log in.","service":"zolvex-backend","stack":"Error: Authentication required. Please log in.\n    at authenticate (/Users/rrejin/Downloads/zolvex-deepclean/server/src/middleware/auth.js:18:13)\n    at Layer.handle [as handle_request] (/Users/rrejin/Downloads/zolvex-deepclean/server/node_modules/express/lib/router/layer.js:95:5)\n    at next (/Users/rrejin/Downloads/zolvex-deepclean/server/node_modules/express/lib/router/route.js:149:13)\n    at Route.dispatch (/Users/rrejin/Downloads/zolvex-deepclean/server/node_modules/express/lib/router/route.js:119:3)\n    at Layer.handle [as handle_request] (/Users/rrejin/Downloads/zolvex-deepclean/server/node_modules/express/lib/router/layer.js:95:5)\n    at /Users/rrejin/Downloads/zolvex-deepclean/server/node_modules/express/lib/router/index.js:284:15\n    at router.process_params (/Users/rrejin/Downloads/zolvex-deepclean/server/node_modules/express/lib/router/index.js:346:12)\n    at next (/Users/rrejin/Downloads/zolvex-deepclean/server/node_modules/express/lib/router/index.js:280:10)\n    at router.handle (/Users/rrejin/Downloads/zolvex-deepclean/server/node_modules/express/lib/router/index.js:175:3)\n    at router (/Users/rrejin/Downloads/zolvex-deepclean/server/node_modules/express/lib/router/index.js:47:12)\n    at Layer.handle [as handle_request] (/Users/rrejin/Downloads/zolvex-deepclean/server/node_modules/express/lib/router/layer.js:95:5)\n    at trim_prefix (/Users/rrejin/Downloads/zolvex-deepclean/server/node_modules/express/lib/router/index.js:328:13)\n    at /Users/rrejin/Downloads/zolvex-deepclean/server/node_modules/express/lib/router/index.js:286:9\n    at router.process_params (/Users/rrejin/Downloads/zolvex-deepclean/server/node_modules/express/lib/router/index.js:346:12)\n    at next (/Users/rrejin/Downloads/zolvex-deepclean/server/node_modules/express/lib/router/index.js:280:10)\n    at /Users/rrejin/Downloads/zolvex-deepclean/server/node_modules/express/lib/router/index.js:646:15\n    at next (/Users/rrejin/Downloads/zolvex-deepclean/server/node_modules/express/lib/router/index.js:265:14)\n    at router.handle (/Users/rrejin/Downloads/zolvex-deepclean/server/node_modules/express/lib/router/index.js:175:3)\n    at router (/Users/rrejin/Downloads/zolvex-deepclean/server/node_modules/express/lib/router/index.js:47:12)\n    at Layer.handle [as handle_request] (/Users/rrejin/Downloads/zolvex-deepclean/server/node_modules/express/lib/router/layer.js:95:5)\n    at trim_prefix (/Users/rrejin/Downloads/zolvex-deepclean/server/node_modules/express/lib/router/index.js:328:13)\n    at /Users/rrejin/Downloads/zolvex-deepclean/server/node_modules/express/lib/router/index.js:286:9\n    at router.process_params (/Users/rrejin/Downloads/zolvex-deepclean/server/node_modules/express/lib/router/index.js:346:12)\n    at next (/Users/rrejin/Downloads/zolvex-deepclean/server/node_modules/express/lib/router/index.js:280:10)\n    at /Users/rrejin/Downloads/zolvex-deepclean/server/node_modules/express/lib/router/index.js:646:15\n    at next (/Users/rrejin/Downloads/zolvex-deepclean/server/node_modules/express/lib/router/index.js:265:14)\n    at router.handle (/Users/rrejin/Downloads/zolvex-deepclean/server/node_modules/express/lib/router/index.js:175:3)\n    at router (/Users/rrejin/Downloads/zolvex-deepclean/server/node_modules/express/lib/router/index.js:47:12)\n    at Layer.handle [as handle_request] (/Users/rrejin/Downloads/zolvex-deepclean/server/node_modules/express/lib/router/layer.js:95:5)\n    at trim_prefix (/Users/rrejin/Downloads/zolvex-deepclean/server/node_modules/express/lib/router/index.js:328:13)\n    at /Users/rrejin/Downloads/zolvex-deepclean/server/node_modules/express/lib/router/index.js:286:9\n    at router.process_params (/Users/rrejin/Downloads/zolvex-deepclean/server/node_modules/express/lib/router/index.js:346:12)\n    at next (/Users/rrejin/Downloads/zolvex-deepclean/server/node_modules/express/lib/router/index.js:280:10)\n    at /Users/rrejin/Downloads/zolvex-deepclean/server/node_modules/express/lib/router/index.js:646:15\n    at next (/Users/rrejin/Downloads/zolvex-deepclean/server/node_modules/express/lib/router/index.js:265:14)\n    at router.handle (/Users/rrejin/Downloads/zolvex-deepclean/server/node_modules/express/lib/router/index.js:175:3)\n    at router (/Users/rrejin/Downloads/zolvex-deepclean/server/node_modules/express/lib/router/index.js:47:12)\n    at Layer.handle [as handle_request] (/Users/rrejin/Downloads/zolvex-deepclean/server/node_modules/express/lib/router/layer.js:95:5)\n    at trim_prefix (/Users/rrejin/Downloads/zolvex-deepclean/server/node_modules/express/lib/router/index.js:328:13)\n    at /Users/rrejin/Downloads/zolvex-deepclean/server/node_modules/express/lib/router/index.js:286:9\n    at router.process_params (/Users/rrejin/Downloads/zolvex-deepclean/server/node_modules/express/lib/router/index.js:346:12)\n    at next (/Users/rrejin/Downloads/zolvex-deepclean/server/node_modules/express/lib/router/index.js:280:10)\n    at router.handle (/Users/rrejin/Downloads/zolvex-deepclean/server/node_modules/express/lib/router/index.js:175:3)\n    at router (/Users/rrejin/Downloads/zolvex-deepclean/server/node_modules/express/lib/router/index.js:47:12)\n    at Layer.handle [as handle_request] (/Users/rrejin/Downloads/zolvex-deepclean/server/node_modules/express/lib/router/layer.js:95:5)\n    at trim_prefix (/Users/rrejin/Downloads/zolvex-deepclean/server/node_modules/express/lib/router/index.js:328:13)\n    at /Users/rrejin/Downloads/zolvex-deepclean/server/node_modules/express/lib/router/index.js:286:9\n    at router.process_params (/Users/rrejin/Downloads/zolvex-deepclean/server/node_modules/express/lib/router/index.js:346:12)\n    at next (/Users/rrejin/Downloads/zolvex-deepclean/server/node_modules/express/lib/router/index.js:280:10)\n    at next (/Users/rrejin/Downloads/zolvex-deepclean/server/src/middleware/rateLimiter.js:28:27)\n    at Layer.handle [as handle_request] (/Users/rrejin/Downloads/zolvex-deepclean/server/node_modules/express/lib/router/layer.js:95:5)\n    at trim_prefix (/Users/rrejin/Downloads/zolvex-deepclean/server/node_modules/express/lib/router/index.js:328:13)\n    at /Users/rrejin/Downloads/zolvex-deepclean/server/node_modules/express/lib/router/index.js:286:9\n    at router.process_params (/Users/rrejin/Downloads/zolvex-deepclean/server/node_modules/express/lib/router/index.js:346:12)\n    at next (/Users/rrejin/Downloads/zolvex-deepclean/server/node_modules/express/lib/router/index.js:280:10)\n    at logger (/Users/rrejin/Downloads/zolvex-deepclean/server/node_modules/morgan/index.js:170:5)\n    at Layer.handle [as handle_request] (/Users/rrejin/Downloads/zolvex-deepclean/server/node_modules/express/lib/router/layer.js:95:5)\n    at trim_prefix (/Users/rrejin/Downloads/zolvex-deepclean/server/node_modules/express/lib/router/index.js:328:13)\n    at /Users/rrejin/Downloads/zolvex-deepclean/server/node_modules/express/lib/router/index.js:286:9\n    at router.process_params (/Users/rrejin/Downloads/zolvex-deepclean/server/node_modules/express/lib/router/index.js:346:12)\n    at next (/Users/rrejin/Downloads/zolvex-deepclean/server/node_modules/express/lib/router/index.js:280:10)\n    at /Users/rrejin/Downloads/zolvex-deepclean/server/node_modules/express-mongo-sanitize/index.js:122:5\n    at Layer.handle [as handle_request] (/Users/rrejin/Downloads/zolvex-deepclean/server/node_modules/express/lib/router/layer.js:95:5)\n    at trim_prefix (/Users/rrejin/Downloads/zolvex-deepclean/server/node_modules/express/lib/router/index.js:328:13)\n    at /Users/rrejin/Downloads/zolvex-deepclean/server/node_modules/express/lib/router/index.js:286:9\n    at router.process_params (/Users/rrejin/Downloads/zolvex-deepclean/server/node_modules/express/lib/router/index.js:346:12)\n    at next (/Users/rrejin/Downloads/zolvex-deepclean/server/node_modules/express/lib/router/index.js:280:10)\n    at cookieParser (/Users/rrejin/Downloads/zolvex-deepclean/server/node_modules/cookie-parser/index.js:57:14)\n    at Layer.handle [as handle_request] (/Users/rrejin/Downloads/zolvex-deepclean/server/node_modules/express/lib/router/layer.js:95:5)\n    at trim_prefix (/Users/rrejin/Downloads/zolvex-deepclean/server/node_modules/express/lib/router/index.js:328:13)\n    at /Users/rrejin/Downloads/zolvex-deepclean/server/node_modules/express/lib/router/index.js:286:9\n    at router.process_params (/Users/rrejin/Downloads/zolvex-deepclean/server/node_modules/express/lib/router/index.js:346:12)\n    at next (/Users/rrejin/Downloads/zolvex-deepclean/server/node_modules/express/lib/router/index.js:280:10)\n    at urlencodedParser (/Users/rrejin/Downloads/zolvex-deepclean/server/node_modules/body-parser/lib/types/urlencoded.js:95:7)\n    at Layer.handle [as handle_request] (/Users/rrejin/Downloads/zolvex-deepclean/server/node_modules/express/lib/router/layer.js:95:5)\n    at trim_prefix (/Users/rrejin/Downloads/zolvex-deepclean/server/node_modules/express/lib/router/index.js:328:13)\n    at /Users/rrejin/Downloads/zolvex-deepclean/server/node_modules/express/lib/router/index.js:286:9\n    at router.process_params (/Users/rrejin/Downloads/zolvex-deepclean/server/node_modules/express/lib/router/index.js:346:12)\n    at next (/Users/rrejin/Downloads/zolvex-deepclean/server/node_modules/express/lib/router/index.js:280:10)\n    at jsonParser (/Users/rrejin/Downloads/zolvex-deepclean/server/node_modules/body-parser/lib/types/json.js:117:7)\n    at Layer.handle [as handle_request] (/Users/rrejin/Downloads/zolvex-deepclean/server/node_modules/express/lib/router/layer.js:95:5)\n    at trim_prefix (/Users/rrejin/Downloads/zolvex-deepclean/server/node_modules/express/lib/router/index.js:328:13)\n    at /Users/rrejin/Downloads/zolvex-deepclean/server/node_modules/express/lib/router/index.js:286:9\n    at router.process_params (/Users/rrejin/Downloads/zolvex-deepclean/server/node_modules/express/lib/router/index.js:346:12)\n    at next (/Users/rrejin/Downloads/zolvex-deepclean/server/node_modules/express/lib/router/index.js:280:10)\n    at cors (/Users/rrejin/Downloads/zolvex-deepclean/server/node_modules/cors/lib/index.js:188:7)\n    at /Users/rrejin/Downloads/zolvex-deepclean/server/node_modules/cors/lib/index.js:224:17\n    at originCallback (/Users/rrejin/Downloads/zolvex-deepclean/server/node_modules/cors/lib/index.js:214:15)\n    at /Users/rrejin/Downloads/zolvex-deepclean/server/node_modules/cors/lib/index.js:219:13\n    at optionsCallback (/Users/rrejin/Downloads/zolvex-deepclean/server/node_modules/cors/lib/index.js:199:9)\n    at corsMiddleware (/Users/rrejin/Downloads/zolvex-deepclean/server/node_modules/cors/lib/index.js:204:7)\n    at Layer.handle [as handle_request] (/Users/rrejin/Downloads/zolvex-deepclean/server/node_modules/express/lib/router/layer.js:95:5)\n    at trim_prefix (/Users/rrejin/Downloads/zolvex-deepclean/server/node_modules/express/lib/router/index.js:328:13)\n    at /Users/rrejin/Downloads/zolvex-deepclean/server/node_modules/express/lib/router/index.js:286:9\n    at router.process_params (/Users/rrejin/Downloads/zolvex-deepclean/server/node_modules/express/lib/router/index.js:346:12)\n    at next (/Users/rrejin/Downloads/zolvex-deepclean/server/node_modules/express/lib/router/index.js:280:10)\n    at internalNext (/Users/rrejin/Downloads/zolvex-deepclean/server/node_modules/helmet/index.cjs:558:6)\n    at xXssProtectionMiddleware (/Users/rrejin/Downloads/zolvex-deepclean/server/node_modules/helmet/index.cjs:338:3)\n    at internalNext (/Users/rrejin/Downloads/zolvex-deepclean/server/node_modules/helmet/index.cjs:556:6)\n    at xPoweredByMiddleware (/Users/rrejin/Downloads/zolvex-deepclean/server/node_modules/helmet/index.cjs:331:3)","timestamp":"2026-07-30 10:26:17"}
{"level":"info","message":"::ffff:127.0.0.1 - - [30/Jul/2026:04:56:17 +0000] \"GET /api/v1/admin/bookings HTTP/1.1\" 401 93 \"-\" \"-\"","service":"zolvex-backend","timestamp":"2026-07-30 10:26:17"}
{"ip":"::ffff:127.0.0.1","level":"error","message":"[GET] /api/v1/admin/services - 401: Authentication required. Please log in.","service":"zolvex-backend","stack":"Error: Authentication required. Please log in.\n    at authenticate (/Users/rrejin/Downloads/zolvex-deepclean/server/src/middleware/auth.js:18:13)\n    at Layer.handle [as handle_request] (/Users/rrejin/Downloads/zolvex-deepclean/server/node_modules/express/lib/router/layer.js:95:5)\n    at next (/Users/rrejin/Downloads/zolvex-deepclean/server/node_modules/express/lib/router/route.js:149:13)\n    at Route.dispatch (/Users/rrejin/Downloads/zolvex-deepclean/server/node_modules/express/lib/router/route.js:119:3)\n    at Layer.handle [as handle_request] (/Users/rrejin/Downloads/zolvex-deepclean/server/node_modules/express/lib/router/layer.js:95:5)\n    at /Users/rrejin/Downloads/zolvex-deepclean/server/node_modules/express/lib/router/index.js:284:15\n    at router.process_params (/Users/rrejin/Downloads/zolvex-deepclean/server/node_modules/express/lib/router/index.js:346:12)\n    at next (/Users/rrejin/Downloads/zolvex-deepclean/server/node_modules/express/lib/router/index.js:280:10)\n    at router.handle (/Users/rrejin/Downloads/zolvex-deepclean/server/node_modules/express/lib/router/index.js:175:3)\n    at router (/Users/rrejin/Downloads/zolvex-deepclean/server/node_modules/express/lib/router/index.js:47:12)\n    at Layer.handle [as handle_request] (/Users/rrejin/Downloads/zolvex-deepclean/server/node_modules/express/lib/router/layer.js:95:5)\n    at trim_prefix (/Users/rrejin/Downloads/zolvex-deepclean/server/node_modules/express/lib/router/index.js:328:13)\n    at /Users/rrejin/Downloads/zolvex-deepclean/server/node_modules/express/lib/router/index.js:286:9\n    at router.process_params (/Users/rrejin/Downloads/zolvex-deepclean/server/node_modules/express/lib/router/index.js:346:12)\n    at next (/Users/rrejin/Downloads/zolvex-deepclean/server/node_modules/express/lib/router/index.js:280:10)\n    at /Users/rrejin/Downloads/zolvex-deepclean/server/node_modules/express/lib/router/index.js:646:15\n    at next (/Users/rrejin/Downloads/zolvex-deepclean/server/node_modules/express/lib/router/index.js:265:14)\n    at router.handle (/Users/rrejin/Downloads/zolvex-deepclean/server/node_modules/express/lib/router/index.js:175:3)\n    at router (/Users/rrejin/Downloads/zolvex-deepclean/server/node_modules/express/lib/router/index.js:47:12)\n    at Layer.handle [as handle_request] (/Users/rrejin/Downloads/zolvex-deepclean/server/node_modules/express/lib/router/layer.js:95:5)\n    at trim_prefix (/Users/rrejin/Downloads/zolvex-deepclean/server/node_modules/express/lib/router/index.js:328:13)\n    at /Users/rrejin/Downloads/zolvex-deepclean/server/node_modules/express/lib/router/index.js:286:9\n    at router.process_params (/Users/rrejin/Downloads/zolvex-deepclean/server/node_modules/express/lib/router/index.js:346:12)\n    at next (/Users/rrejin/Downloads/zolvex-deepclean/server/node_modules/express/lib/router/index.js:280:10)\n    at router.handle (/Users/rrejin/Downloads/zolvex-deepclean/server/node_modules/express/lib/router/index.js:175:3)\n    at router (/Users/rrejin/Downloads/zolvex-deepclean/server/node_modules/express/lib/router/index.js:47:12)\n    at Layer.handle [as handle_request] (/Users/rrejin/Downloads/zolvex-deepclean/server/node_modules/express/lib/router/layer.js:95:5)\n    at trim_prefix (/Users/rrejin/Downloads/zolvex-deepclean/server/node_modules/express/lib/router/index.js:328:13)\n    at /Users/rrejin/Downloads/zolvex-deepclean/server/node_modules/express/lib/router/index.js:286:9\n    at router.process_params (/Users/rrejin/Downloads/zolvex-deepclean/server/node_modules/express/lib/router/index.js:346:12)\n    at next (/Users/rrejin/Downloads/zolvex-deepclean/server/node_modules/express/lib/router/index.js:280:10)\n    at next (/Users/rrejin/Downloads/zolvex-deepclean/server/src/middleware/rateLimiter.js:28:27)\n    at Layer.handle [as handle_request] (/Users/rrejin/Downloads/zolvex-deepclean/server/node_modules/express/lib/router/layer.js:95:5)\n    at trim_prefix (/Users/rrejin/Downloads/zolvex-deepclean/server/node_modules/express/lib/router/index.js:328:13)\n    at /Users/rrejin/Downloads/zolvex-deepclean/server/node_modules/express/lib/router/index.js:286:9\n    at router.process_params (/Users/rrejin/Downloads/zolvex-deepclean/server/node_modules/express/lib/router/index.js:346:12)\n    at next (/Users/rrejin/Downloads/zolvex-deepclean/server/node_modules/express/lib/router/index.js:280:10)\n    at logger (/Users/rrejin/Downloads/zolvex-deepclean/server/node_modules/morgan/index.js:170:5)\n    at Layer.handle [as handle_request] (/Users/rrejin/Downloads/zolvex-deepclean/server/node_modules/express/lib/router/layer.js:95:5)\n    at trim_prefix (/Users/rrejin/Downloads/zolvex-deepclean/server/node_modules/express/lib/router/index.js:328:13)\n    at /Users/rrejin/Downloads/zolvex-deepclean/server/node_modules/express/lib/router/index.js:286:9\n    at router.process_params (/Users/rrejin/Downloads/zolvex-deepclean/server/node_modules/express/lib/router/index.js:346:12)\n    at next (/Users/rrejin/Downloads/zolvex-deepclean/server/node_modules/express/lib/router/index.js:280:10)\n    at /Users/rrejin/Downloads/zolvex-deepclean/server/node_modules/express-mongo-sanitize/index.js:122:5\n    at Layer.handle [as handle_request] (/Users/rrejin/Downloads/zolvex-deepclean/server/node_modules/express/lib/router/layer.js:95:5)\n    at trim_prefix (/Users/rrejin/Downloads/zolvex-deepclean/server/node_modules/express/lib/router/index.js:328:13)\n    at /Users/rrejin/Downloads/zolvex-deepclean/server/node_modules/express/lib/router/index.js:286:9\n    at router.process_params (/Users/rrejin/Downloads/zolvex-deepclean/server/node_modules/express/lib/router/index.js:346:12)\n    at next (/Users/rrejin/Downloads/zolvex-deepclean/server/node_modules/express/lib/router/index.js:280:10)\n    at cookieParser (/Users/rrejin/Downloads/zolvex-deepclean/server/node_modules/cookie-parser/index.js:57:14)\n    at Layer.handle [as handle_request] (/Users/rrejin/Downloads/zolvex-deepclean/server/node_modules/express/lib/router/layer.js:95:5)\n    at trim_prefix (/Users/rrejin/Downloads/zolvex-deepclean/server/node_modules/express/lib/router/index.js:328:13)\n    at /Users/rrejin/Downloads/zolvex-deepclean/server/node_modules/express/lib/router/index.js:286:9\n    at router.process_params (/Users/rrejin/Downloads/zolvex-deepclean/server/node_modules/express/lib/router/index.js:346:12)\n    at next (/Users/rrejin/Downloads/zolvex-deepclean/server/node_modules/express/lib/router/index.js:280:10)\n    at urlencodedParser (/Users/rrejin/Downloads/zolvex-deepclean/server/node_modules/body-parser/lib/types/urlencoded.js:95:7)\n    at Layer.handle [as handle_request] (/Users/rrejin/Downloads/zolvex-deepclean/server/node_modules/express/lib/router/layer.js:95:5)\n    at trim_prefix (/Users/rrejin/Downloads/zolvex-deepclean/server/node_modules/express/lib/router/index.js:328:13)\n    at /Users/rrejin/Downloads/zolvex-deepclean/server/node_modules/express/lib/router/index.js:286:9\n    at router.process_params (/Users/rrejin/Downloads/zolvex-deepclean/server/node_modules/express/lib/router/index.js:346:12)\n    at next (/Users/rrejin/Downloads/zolvex-deepclean/server/node_modules/express/lib/router/index.js:280:10)\n    at jsonParser (/Users/rrejin/Downloads/zolvex-deepclean/server/node_modules/body-parser/lib/types/json.js:117:7)\n    at Layer.handle [as handle_request] (/Users/rrejin/Downloads/zolvex-deepclean/server/node_modules/express/lib/router/layer.js:95:5)\n    at trim_prefix (/Users/rrejin/Downloads/zolvex-deepclean/server/node_modules/express/lib/router/index.js:328:13)\n    at /Users/rrejin/Downloads/zolvex-deepclean/server/node_modules/express/lib/router/index.js:286:9\n    at router.process_params (/Users/rrejin/Downloads/zolvex-deepclean/server/node_modules/express/lib/router/index.js:346:12)\n    at next (/Users/rrejin/Downloads/zolvex-deepclean/server/node_modules/express/lib/router/index.js:280:10)\n    at cors (/Users/rrejin/Downloads/zolvex-deepclean/server/node_modules/cors/lib/index.js:188:7)\n    at /Users/rrejin/Downloads/zolvex-deepclean/server/node_modules/cors/lib/index.js:224:17\n    at originCallback (/Users/rrejin/Downloads/zolvex-deepclean/server/node_modules/cors/lib/index.js:214:15)\n    at /Users/rrejin/Downloads/zolvex-deepclean/server/node_modules/cors/lib/index.js:219:13\n    at optionsCallback (/Users/rrejin/Downloads/zolvex-deepclean/server/node_modules/cors/lib/index.js:199:9)\n    at corsMiddleware (/Users/rrejin/Downloads/zolvex-deepclean/server/node_modules/cors/lib/index.js:204:7)\n    at Layer.handle [as handle_request] (/Users/rrejin/Downloads/zolvex-deepclean/server/node_modules/express/lib/router/layer.js:95:5)\n    at trim_prefix (/Users/rrejin/Downloads/zolvex-deepclean/server/node_modules/express/lib/router/index.js:328:13)\n    at /Users/rrejin/Downloads/zolvex-deepclean/server/node_modules/express/lib/router/index.js:286:9\n    at router.process_params (/Users/rrejin/Downloads/zolvex-deepclean/server/node_modules/express/lib/router/index.js:346:12)\n    at next (/Users/rrejin/Downloads/zolvex-deepclean/server/node_modules/express/lib/router/index.js:280:10)\n    at internalNext (/Users/rrejin/Downloads/zolvex-deepclean/server/node_modules/helmet/index.cjs:558:6)\n    at xXssProtectionMiddleware (/Users/rrejin/Downloads/zolvex-deepclean/server/node_modules/helmet/index.cjs:338:3)\n    at internalNext (/Users/rrejin/Downloads/zolvex-deepclean/server/node_modules/helmet/index.cjs:556:6)\n    at xPoweredByMiddleware (/Users/rrejin/Downloads/zolvex-deepclean/server/node_modules/helmet/index.cjs:331:3)\n    at internalNext (/Users/rrejin/Downloads/zolvex-deepclean/server/node_modules/helmet/index.cjs:556:6)\n    at xPermittedCrossDomainPoliciesMiddleware (/Users/rrejin/Downloads/zolvex-deepclean/server/node_modules/helmet/index.cjs:324:3)\n    at internalNext (/Users/rrejin/Downloads/zolvex-deepclean/server/node_modules/helmet/index.cjs:556:6)\n    at xFrameOptionsMiddleware (/Users/rrejin/Downloads/zolvex-deepclean/server/node_modules/helmet/index.cjs:308:3)\n    at internalNext (/Users/rrejin/Downloads/zolvex-deepclean/server/node_modules/helmet/index.cjs:556:6)\n    at xDownloadOptionsMiddleware (/Users/rrejin/Downloads/zolvex-deepclean/server/node_modules/helmet/index.cjs:288:3)\n    at internalNext (/Users/rrejin/Downloads/zolvex-deepclean/server/node_modules/helmet/index.cjs:556:6)\n    at xDnsPrefetchControlMiddleware (/Users/rrejin/Downloads/zolvex-deepclean/server/node_modules/helmet/index.cjs:281:3)\n    at internalNext (/Users/rrejin/Downloads/zolvex-deepclean/server/node_modules/helmet/index.cjs:556:6)\n    at xContentTypeOptionsMiddleware (/Users/rrejin/Downloads/zolvex-deepclean/server/node_modules/helmet/index.cjs:273:3)\n    at internalNext (/Users/rrejin/Downloads/zolvex-deepclean/server/node_modules/helmet/index.cjs:556:6)\n    at strictTransportSecurityMiddleware (/Users/rrejin/Downloads/zolvex-deepclean/server/node_modules/helmet/index.cjs:266:3)\n    at internalNext (/Users/rrejin/Downloads/zolvex-deepclean/server/node_modules/helmet/index.cjs:556:6)\n    at referrerPolicyMiddleware (/Users/rrejin/Downloads/zolvex-deepclean/server/node_modules/helmet/index.cjs:234:3)\n    at internalNext (/Users/rrejin/Downloads/zolvex-deepclean/server/node_modules/helmet/index.cjs:556:6)\n    at originAgentClusterMiddleware (/Users/rrejin/Downloads/zolvex-deepclean/server/node_modules/helmet/index.cjs:209:3)\n    at internalNext (/Users/rrejin/Downloads/zolvex-deepclean/server/node_modules/helmet/index.cjs:556:6)\n    at crossOriginResourcePolicyMiddleware (/Users/rrejin/Downloads/zolvex-deepclean/server/node_modules/helmet/index.cjs:202:3)","timestamp":"2026-07-30 10:26:17"}
{"level":"info","message":"::ffff:127.0.0.1 - - [30/Jul/2026:04:56:17 +0000] \"GET /api/v1/admin/services HTTP/1.1\" 401 93 \"-\" \"-\"","service":"zolvex-backend","timestamp":"2026-07-30 10:26:17"}
{"ip":"::ffff:127.0.0.1","level":"error","message":"[GET] /api/v1/admin/analytics - 401: Authentication required. Please log in.","service":"zolvex-backend","stack":"Error: Authentication required. Please log in.\n    at authenticate (/Users/rrejin/Downloads/zolvex-deepclean/server/src/middleware/auth.js:18:13)\n    at Layer.handle [as handle_request] (/Users/rrejin/Downloads/zolvex-deepclean/server/node_modules/express/lib/router/layer.js:95:5)\n    at trim_prefix (/Users/rrejin/Downloads/zolvex-deepclean/server/node_modules/express/lib/router/index.js:328:13)\n    at /Users/rrejin/Downloads/zolvex-deepclean/server/node_modules/express/lib/router/index.js:286:9\n    at router.process_params (/Users/rrejin/Downloads/zolvex-deepclean/server/node_modules/express/lib/router/index.js:346:12)\n    at next (/Users/rrejin/Downloads/zolvex-deepclean/server/node_modules/express/lib/router/index.js:280:10)\n    at router.handle (/Users/rrejin/Downloads/zolvex-deepclean/server/node_modules/express/lib/router/index.js:175:3)\n    at router (/Users/rrejin/Downloads/zolvex-deepclean/server/node_modules/express/lib/router/index.js:47:12)\n    at Layer.handle [as handle_request] (/Users/rrejin/Downloads/zolvex-deepclean/server/node_modules/express/lib/router/layer.js:95:5)\n    at trim_prefix (/Users/rrejin/Downloads/zolvex-deepclean/server/node_modules/express/lib/router/index.js:328:13)\n    at /Users/rrejin/Downloads/zolvex-deepclean/server/node_modules/express/lib/router/index.js:286:9\n    at router.process_params (/Users/rrejin/Downloads/zolvex-deepclean/server/node_modules/express/lib/router/index.js:346:12)\n    at next (/Users/rrejin/Downloads/zolvex-deepclean/server/node_modules/express/lib/router/index.js:280:10)\n    at /Users/rrejin/Downloads/zolvex-deepclean/server/node_modules/express/lib/router/index.js:646:15\n    at next (/Users/rrejin/Downloads/zolvex-deepclean/server/node_modules/express/lib/router/index.js:265:14)\n    at router.handle (/Users/rrejin/Downloads/zolvex-deepclean/server/node_modules/express/lib/router/index.js:175:3)\n    at router (/Users/rrejin/Downloads/zolvex-deepclean/server/node_modules/express/lib/router/index.js:47:12)\n    at Layer.handle [as handle_request] (/Users/rrejin/Downloads/zolvex-deepclean/server/node_modules/express/lib/router/layer.js:95:5)\n    at trim_prefix (/Users/rrejin/Downloads/zolvex-deepclean/server/node_modules/express/lib/router/index.js:328:13)\n    at /Users/rrejin/Downloads/zolvex-deepclean/server/node_modules/express/lib/router/index.js:286:9\n    at router.process_params (/Users/rrejin/Downloads/zolvex-deepclean/server/node_modules/express/lib/router/index.js:346:12)\n    at next (/Users/rrejin/Downloads/zolvex-deepclean/server/node_modules/express/lib/router/index.js:280:10)\n    at /Users/rrejin/Downloads/zolvex-deepclean/server/node_modules/express/lib/router/index.js:646:15\n    at next (/Users/rrejin/Downloads/zolvex-deepclean/server/node_modules/express/lib/router/index.js:265:14)\n    at router.handle (/Users/rrejin/Downloads/zolvex-deepclean/server/node_modules/express/lib/router/index.js:175:3)\n    at router (/Users/rrejin/Downloads/zolvex-deepclean/server/node_modules/express/lib/router/index.js:47:12)\n    at Layer.handle [as handle_request] (/Users/rrejin/Downloads/zolvex-deepclean/server/node_modules/express/lib/router/layer.js:95:5)\n    at trim_prefix (/Users/rrejin/Downloads/zolvex-deepclean/server/node_modules/express/lib/router/index.js:328:13)\n    at /Users/rrejin/Downloads/zolvex-deepclean/server/node_modules/express/lib/router/index.js:286:9\n    at router.process_params (/Users/rrejin/Downloads/zolvex-deepclean/server/node_modules/express/lib/router/index.js:346:12)\n    at next (/Users/rrejin/Downloads/zolvex-deepclean/server/node_modules/express/lib/router/index.js:280:10)\n    at /Users/rrejin/Downloads/zolvex-deepclean/server/node_modules/express/lib/router/index.js:646:15\n    at next (/Users/rrejin/Downloads/zolvex-deepclean/server/node_modules/express/lib/router/index.js:265:14)\n    at router.handle (/Users/rrejin/Downloads/zolvex-deepclean/server/node_modules/express/lib/router/index.js:175:3)\n    at router (/Users/rrejin/Downloads/zolvex-deepclean/server/node_modules/express/lib/router/index.js:47:12)\n    at Layer.handle [as handle_request] (/Users/rrejin/Downloads/zolvex-deepclean/server/node_modules/express/lib/router/layer.js:95:5)\n    at trim_prefix (/Users/rrejin/Downloads/zolvex-deepclean/server/node_modules/express/lib/router/index.js:328:13)\n    at /Users/rrejin/Downloads/zolvex-deepclean/server/node_modules/express/lib/router/index.js:286:9\n    at router.process_params (/Users/rrejin/Downloads/zolvex-deepclean/server/node_modules/express/lib/router/index.js:346:12)\n    at next (/Users/rrejin/Downloads/zolvex-deepclean/server/node_modules/express/lib/router/index.js:280:10)\n    at /Users/rrejin/Downloads/zolvex-deepclean/server/node_modules/express/lib/router/index.js:646:15\n    at next (/Users/rrejin/Downloads/zolvex-deepclean/server/node_modules/express/lib/router/index.js:265:14)\n    at router.handle (/Users/rrejin/Downloads/zolvex-deepclean/server/node_modules/express/lib/router/index.js:175:3)\n    at router (/Users/rrejin/Downloads/zolvex-deepclean/server/node_modules/express/lib/router/index.js:47:12)\n    at Layer.handle [as handle_request] (/Users/rrejin/Downloads/zolvex-deepclean/server/node_modules/express/lib/router/layer.js:95:5)\n    at trim_prefix (/Users/rrejin/Downloads/zolvex-deepclean/server/node_modules/express/lib/router/index.js:328:13)\n    at /Users/rrejin/Downloads/zolvex-deepclean/server/node_modules/express/lib/router/index.js:286:9\n    at router.process_params (/Users/rrejin/Downloads/zolvex-deepclean/server/node_modules/express/lib/router/index.js:346:12)\n    at next (/Users/rrejin/Downloads/zolvex-deepclean/server/node_modules/express/lib/router/index.js:280:10)\n    at router.handle (/Users/rrejin/Downloads/zolvex-deepclean/server/node_modules/express/lib/router/index.js:175:3)\n    at router (/Users/rrejin/Downloads/zolvex-deepclean/server/node_modules/express/lib/router/index.js:47:12)\n    at Layer.handle [as handle_request] (/Users/rrejin/Downloads/zolvex-deepclean/server/node_modules/express/lib/router/layer.js:95:5)\n    at trim_prefix (/Users/rrejin/Downloads/zolvex-deepclean/server/node_modules/express/lib/router/index.js:328:13)\n    at /Users/rrejin/Downloads/zolvex-deepclean/server/node_modules/express/lib/router/index.js:286:9\n    at router.process_params (/Users/rrejin/Downloads/zolvex-deepclean/server/node_modules/express/lib/router/index.js:346:12)\n    at next (/Users/rrejin/Downloads/zolvex-deepclean/server/node_modules/express/lib/router/index.js:280:10)\n    at next (/Users/rrejin/Downloads/zolvex-deepclean/server/src/middleware/rateLimiter.js:28:27)\n    at Layer.handle [as handle_request] (/Users/rrejin/Downloads/zolvex-deepclean/server/node_modules/express/lib/router/layer.js:95:5)\n    at trim_prefix (/Users/rrejin/Downloads/zolvex-deepclean/server/node_modules/express/lib/router/index.js:328:13)\n    at /Users/rrejin/Downloads/zolvex-deepclean/server/node_modules/express/lib/router/index.js:286:9\n    at router.process_params (/Users/rrejin/Downloads/zolvex-deepclean/server/node_modules/express/lib/router/index.js:346:12)\n    at next (/Users/rrejin/Downloads/zolvex-deepclean/server/node_modules/express/lib/router/index.js:280:10)\n    at logger (/Users/rrejin/Downloads/zolvex-deepclean/server/node_modules/morgan/index.js:170:5)\n    at Layer.handle [as handle_request] (/Users/rrejin/Downloads/zolvex-deepclean/server/node_modules/express/lib/router/layer.js:95:5)\n    at trim_prefix (/Users/rrejin/Downloads/zolvex-deepclean/server/node_modules/express/lib/router/index.js:328:13)\n    at /Users/rrejin/Downloads/zolvex-deepclean/server/node_modules/express/lib/router/index.js:286:9\n    at router.process_params (/Users/rrejin/Downloads/zolvex-deepclean/server/node_modules/express/lib/router/index.js:346:12)\n    at next (/Users/rrejin/Downloads/zolvex-deepclean/server/node_modules/express/lib/router/index.js:280:10)\n    at /Users/rrejin/Downloads/zolvex-deepclean/server/node_modules/express-mongo-sanitize/index.js:122:5\n    at Layer.handle [as handle_request] (/Users/rrejin/Downloads/zolvex-deepclean/server/node_modules/express/lib/router/layer.js:95:5)\n    at trim_prefix (/Users/rrejin/Downloads/zolvex-deepclean/server/node_modules/express/lib/router/index.js:328:13)\n    at /Users/rrejin/Downloads/zolvex-deepclean/server/node_modules/express/lib/router/index.js:286:9\n    at router.process_params (/Users/rrejin/Downloads/zolvex-deepclean/server/node_modules/express/lib/router/index.js:346:12)\n    at next (/Users/rrejin/Downloads/zolvex-deepclean/server/node_modules/express/lib/router/index.js:280:10)\n    at cookieParser (/Users/rrejin/Downloads/zolvex-deepclean/server/node_modules/cookie-parser/index.js:57:14)\n    at Layer.handle [as handle_request] (/Users/rrejin/Downloads/zolvex-deepclean/server/node_modules/express/lib/router/layer.js:95:5)\n    at trim_prefix (/Users/rrejin/Downloads/zolvex-deepclean/server/node_modules/express/lib/router/index.js:328:13)\n    at /Users/rrejin/Downloads/zolvex-deepclean/server/node_modules/express/lib/router/index.js:286:9\n    at router.process_params (/Users/rrejin/Downloads/zolvex-deepclean/server/node_modules/express/lib/router/index.js:346:12)\n    at next (/Users/rrejin/Downloads/zolvex-deepclean/server/node_modules/express/lib/router/index.js:280:10)\n    at urlencodedParser (/Users/rrejin/Downloads/zolvex-deepclean/server/node_modules/body-parser/lib/types/urlencoded.js:95:7)\n    at Layer.handle [as handle_request] (/Users/rrejin/Downloads/zolvex-deepclean/server/node_modules/express/lib/router/layer.js:95:5)\n    at trim_prefix (/Users/rrejin/Downloads/zolvex-deepclean/server/node_modules/express/lib/router/index.js:328:13)\n    at /Users/rrejin/Downloads/zolvex-deepclean/server/node_modules/express/lib/router/index.js:286:9\n    at router.process_params (/Users/rrejin/Downloads/zolvex-deepclean/server/node_modules/express/lib/router/index.js:346:12)\n    at next (/Users/rrejin/Downloads/zolvex-deepclean/server/node_modules/express/lib/router/index.js:280:10)\n    at jsonParser (/Users/rrejin/Downloads/zolvex-deepclean/server/node_modules/body-parser/lib/types/json.js:117:7)\n    at Layer.handle [as handle_request] (/Users/rrejin/Downloads/zolvex-deepclean/server/node_modules/express/lib/router/layer.js:95:5)\n    at trim_prefix (/Users/rrejin/Downloads/zolvex-deepclean/server/node_modules/express/lib/router/index.js:328:13)\n    at /Users/rrejin/Downloads/zolvex-deepclean/server/node_modules/express/lib/router/index.js:286:9\n    at router.process_params (/Users/rrejin/Downloads/zolvex-deepclean/server/node_modules/express/lib/router/index.js:346:12)\n    at next (/Users/rrejin/Downloads/zolvex-deepclean/server/node_modules/express/lib/router/index.js:280:10)\n    at cors (/Users/rrejin/Downloads/zolvex-deepclean/server/node_modules/cors/lib/index.js:188:7)\n    at /Users/rrejin/Downloads/zolvex-deepclean/server/node_modules/cors/lib/index.js:224:17\n    at originCallback (/Users/rrejin/Downloads/zolvex-deepclean/server/node_modules/cors/lib/index.js:214:15)\n    at /Users/rrejin/Downloads/zolvex-deepclean/server/node_modules/cors/lib/index.js:219:13\n    at optionsCallback (/Users/rrejin/Downloads/zolvex-deepclean/server/node_modules/cors/lib/index.js:199:9)\n    at corsMiddleware (/Users/rrejin/Downloads/zolvex-deepclean/server/node_modules/cors/lib/index.js:204:7)\n    at Layer.handle [as handle_request] (/Users/rrejin/Downloads/zolvex-deepclean/server/node_modules/express/lib/router/layer.js:95:5)\n    at trim_prefix (/Users/rrejin/Downloads/zolvex-deepclean/server/node_modules/express/lib/router/index.js:328:13)","timestamp":"2026-07-30 10:26:17"}
{"level":"info","message":"::ffff:127.0.0.1 - - [30/Jul/2026:04:56:17 +0000] \"GET /api/v1/admin/analytics HTTP/1.1\" 401 93 \"-\" \"-\"","service":"zolvex-backend","timestamp":"2026-07-30 10:26:17"}
{"level":"info","message":"::ffff:127.0.0.1 - - [30/Jul/2026:04:56:17 +0000] \"GET /api/v1/admin/services HTTP/1.1\" 200 4913 \"-\" \"-\"","service":"zolvex-backend","timestamp":"2026-07-30 10:26:17"}
{"level":"info","message":"🍃 MongoDB Connected: localhost/zolvex_deepclean","service":"zolvex-backend","timestamp":"2026-07-30 10:26:30"}
{"level":"info","message":"🚀 Zolvex Enterprise Backend running in [development] on http://0.0.0.0:5002","service":"zolvex-backend","timestamp":"2026-07-30 10:26:30"}
{"level":"info","message":"📡 Health Check: http://localhost:5002/api/v1/health","service":"zolvex-backend","timestamp":"2026-07-30 10:26:30"}
{"level":"info","message":"📚 Swagger Docs: http://localhost:5002/api/v1/docs","service":"zolvex-backend","timestamp":"2026-07-30 10:26:30"}
{"level":"info","message":"::ffff:127.0.0.1 - - [30/Jul/2026:04:56:38 +0000] \"GET /api/v1/health HTTP/1.1\" 200 327 \"-\" \"-\"","service":"zolvex-backend","timestamp":"2026-07-30 10:26:38"}
{"level":"info","message":"::ffff:127.0.0.1 - - [30/Jul/2026:04:56:39 +0000] \"POST /api/v1/auth/login HTTP/1.1\" 200 463 \"-\" \"-\"","service":"zolvex-backend","timestamp":"2026-07-30 10:26:39"}
{"ip":"::ffff:127.0.0.1","level":"error","message":"[POST] /api/v1/auth/login - 401: Invalid email or password","service":"zolvex-backend","stack":"Error: Invalid email or password\n    at AuthService.login (/Users/rrejin/Downloads/zolvex-deepclean/server/src/services/authService.js:74:13)\n    at /Users/rrejin/Downloads/zolvex-deepclean/server/src/controllers/authController.js:23:18","timestamp":"2026-07-30 10:26:39"}
{"level":"info","message":"::ffff:127.0.0.1 - - [30/Jul/2026:04:56:39 +0000] \"POST /api/v1/auth/login HTTP/1.1\" 401 79 \"-\" \"-\"","service":"zolvex-backend","timestamp":"2026-07-30 10:26:39"}
{"level":"info","message":"::ffff:127.0.0.1 - - [30/Jul/2026:04:56:39 +0000] \"GET /api/v1/services HTTP/1.1\" 200 4915 \"-\" \"-\"","service":"zolvex-backend","timestamp":"2026-07-30 10:26:39"}
{"level":"info","message":"::ffff:127.0.0.1 - - [30/Jul/2026:04:56:39 +0000] \"GET /api/v1/services HTTP/1.1\" 200 4915 \"-\" \"-\"","service":"zolvex-backend","timestamp":"2026-07-30 10:26:39"}
{"level":"info","message":"::ffff:127.0.0.1 - - [30/Jul/2026:04:56:39 +0000] \"GET /api/v1/services/deep-cleaning HTTP/1.1\" 200 1217 \"-\" \"-\"","service":"zolvex-backend","timestamp":"2026-07-30 10:26:39"}
{"level":"info","message":"::ffff:127.0.0.1 - - [30/Jul/2026:04:56:39 +0000] \"POST /api/v1/price/calculate HTTP/1.1\" 200 209 \"-\" \"-\"","service":"zolvex-backend","timestamp":"2026-07-30 10:26:39"}
{"level":"info","message":"::ffff:127.0.0.1 - - [30/Jul/2026:04:56:39 +0000] \"POST /api/v1/bookings HTTP/1.1\" 201 747 \"-\" \"-\"","service":"zolvex-backend","timestamp":"2026-07-30 10:26:39"}
{"level":"info","message":"::ffff:127.0.0.1 - - [30/Jul/2026:04:56:39 +0000] \"GET /api/v1/bookings/track/ZLV-2026-9727 HTTP/1.1\" 200 743 \"-\" \"-\"","service":"zolvex-backend","timestamp":"2026-07-30 10:26:39"}
{"ip":"::ffff:127.0.0.1","level":"error","message":"[GET] /api/v1/admin/bookings - 401: Authentication required. Please log in.","service":"zolvex-backend","stack":"Error: Authentication required. Please log in.\n    at authenticate (/Users/rrejin/Downloads/zolvex-deepclean/server/src/middleware/auth.js:18:13)\n    at Layer.handle [as handle_request] (/Users/rrejin/Downloads/zolvex-deepclean/server/node_modules/express/lib/router/layer.js:95:5)\n    at next (/Users/rrejin/Downloads/zolvex-deepclean/server/node_modules/express/lib/router/route.js:149:13)\n    at Route.dispatch (/Users/rrejin/Downloads/zolvex-deepclean/server/node_modules/express/lib/router/route.js:119:3)\n    at Layer.handle [as handle_request] (/Users/rrejin/Downloads/zolvex-deepclean/server/node_modules/express/lib/router/layer.js:95:5)\n    at /Users/rrejin/Downloads/zolvex-deepclean/server/node_modules/express/lib/router/index.js:284:15\n    at router.process_params (/Users/rrejin/Downloads/zolvex-deepclean/server/node_modules/express/lib/router/index.js:346:12)\n    at next (/Users/rrejin/Downloads/zolvex-deepclean/server/node_modules/express/lib/router/index.js:280:10)\n    at router.handle (/Users/rrejin/Downloads/zolvex-deepclean/server/node_modules/express/lib/router/index.js:175:3)\n    at router (/Users/rrejin/Downloads/zolvex-deepclean/server/node_modules/express/lib/router/index.js:47:12)\n    at Layer.handle [as handle_request] (/Users/rrejin/Downloads/zolvex-deepclean/server/node_modules/express/lib/router/layer.js:95:5)\n    at trim_prefix (/Users/rrejin/Downloads/zolvex-deepclean/server/node_modules/express/lib/router/index.js:328:13)\n    at /Users/rrejin/Downloads/zolvex-deepclean/server/node_modules/express/lib/router/index.js:286:9\n    at router.process_params (/Users/rrejin/Downloads/zolvex-deepclean/server/node_modules/express/lib/router/index.js:346:12)\n    at next (/Users/rrejin/Downloads/zolvex-deepclean/server/node_modules/express/lib/router/index.js:280:10)\n    at /Users/rrejin/Downloads/zolvex-deepclean/server/node_modules/express/lib/router/index.js:646:15\n    at next (/Users/rrejin/Downloads/zolvex-deepclean/server/node_modules/express/lib/router/index.js:265:14)\n    at router.handle (/Users/rrejin/Downloads/zolvex-deepclean/server/node_modules/express/lib/router/index.js:175:3)\n    at router (/Users/rrejin/Downloads/zolvex-deepclean/server/node_modules/express/lib/router/index.js:47:12)\n    at Layer.handle [as handle_request] (/Users/rrejin/Downloads/zolvex-deepclean/server/node_modules/express/lib/router/layer.js:95:5)\n    at trim_prefix (/Users/rrejin/Downloads/zolvex-deepclean/server/node_modules/express/lib/router/index.js:328:13)\n    at /Users/rrejin/Downloads/zolvex-deepclean/server/node_modules/express/lib/router/index.js:286:9\n    at router.process_params (/Users/rrejin/Downloads/zolvex-deepclean/server/node_modules/express/lib/router/index.js:346:12)\n    at next (/Users/rrejin/Downloads/zolvex-deepclean/server/node_modules/express/lib/router/index.js:280:10)\n    at /Users/rrejin/Downloads/zolvex-deepclean/server/node_modules/express/lib/router/index.js:646:15\n    at next (/Users/rrejin/Downloads/zolvex-deepclean/server/node_modules/express/lib/router/index.js:265:14)\n    at router.handle (/Users/rrejin/Downloads/zolvex-deepclean/server/node_modules/express/lib/router/index.js:175:3)\n    at router (/Users/rrejin/Downloads/zolvex-deepclean/server/node_modules/express/lib/router/index.js:47:12)\n    at Layer.handle [as handle_request] (/Users/rrejin/Downloads/zolvex-deepclean/server/node_modules/express/lib/router/layer.js:95:5)\n    at trim_prefix (/Users/rrejin/Downloads/zolvex-deepclean/server/node_modules/express/lib/router/index.js:328:13)\n    at /Users/rrejin/Downloads/zolvex-deepclean/server/node_modules/express/lib/router/index.js:286:9\n    at router.process_params (/Users/rrejin/Downloads/zolvex-deepclean/server/node_modules/express/lib/router/index.js:346:12)\n    at next (/Users/rrejin/Downloads/zolvex-deepclean/server/node_modules/express/lib/router/index.js:280:10)\n    at /Users/rrejin/Downloads/zolvex-deepclean/server/node_modules/express/lib/router/index.js:646:15\n    at next (/Users/rrejin/Downloads/zolvex-deepclean/server/node_modules/express/lib/router/index.js:265:14)\n    at router.handle (/Users/rrejin/Downloads/zolvex-deepclean/server/node_modules/express/lib/router/index.js:175:3)\n    at router (/Users/rrejin/Downloads/zolvex-deepclean/server/node_modules/express/lib/router/index.js:47:12)\n    at Layer.handle [as handle_request] (/Users/rrejin/Downloads/zolvex-deepclean/server/node_modules/express/lib/router/layer.js:95:5)\n    at trim_prefix (/Users/rrejin/Downloads/zolvex-deepclean/server/node_modules/express/lib/router/index.js:328:13)\n    at /Users/rrejin/Downloads/zolvex-deepclean/server/node_modules/express/lib/router/index.js:286:9\n    at router.process_params (/Users/rrejin/Downloads/zolvex-deepclean/server/node_modules/express/lib/router/index.js:346:12)\n    at next (/Users/rrejin/Downloads/zolvex-deepclean/server/node_modules/express/lib/router/index.js:280:10)\n    at router.handle (/Users/rrejin/Downloads/zolvex-deepclean/server/node_modules/express/lib/router/index.js:175:3)\n    at router (/Users/rrejin/Downloads/zolvex-deepclean/server/node_modules/express/lib/router/index.js:47:12)\n    at Layer.handle [as handle_request] (/Users/rrejin/Downloads/zolvex-deepclean/server/node_modules/express/lib/router/layer.js:95:5)\n    at trim_prefix (/Users/rrejin/Downloads/zolvex-deepclean/server/node_modules/express/lib/router/index.js:328:13)\n    at /Users/rrejin/Downloads/zolvex-deepclean/server/node_modules/express/lib/router/index.js:286:9\n    at router.process_params (/Users/rrejin/Downloads/zolvex-deepclean/server/node_modules/express/lib/router/index.js:346:12)\n    at next (/Users/rrejin/Downloads/zolvex-deepclean/server/node_modules/express/lib/router/index.js:280:10)\n    at next (/Users/rrejin/Downloads/zolvex-deepclean/server/src/middleware/rateLimiter.js:28:27)\n    at Layer.handle [as handle_request] (/Users/rrejin/Downloads/zolvex-deepclean/server/node_modules/express/lib/router/layer.js:95:5)\n    at trim_prefix (/Users/rrejin/Downloads/zolvex-deepclean/server/node_modules/express/lib/router/index.js:328:13)\n    at /Users/rrejin/Downloads/zolvex-deepclean/server/node_modules/express/lib/router/index.js:286:9\n    at router.process_params (/Users/rrejin/Downloads/zolvex-deepclean/server/node_modules/express/lib/router/index.js:346:12)\n    at next (/Users/rrejin/Downloads/zolvex-deepclean/server/node_modules/express/lib/router/index.js:280:10)\n    at logger (/Users/rrejin/Downloads/zolvex-deepclean/server/node_modules/morgan/index.js:170:5)\n    at Layer.handle [as handle_request] (/Users/rrejin/Downloads/zolvex-deepclean/server/node_modules/express/lib/router/layer.js:95:5)\n    at trim_prefix (/Users/rrejin/Downloads/zolvex-deepclean/server/node_modules/express/lib/router/index.js:328:13)\n    at /Users/rrejin/Downloads/zolvex-deepclean/server/node_modules/express/lib/router/index.js:286:9\n    at router.process_params (/Users/rrejin/Downloads/zolvex-deepclean/server/node_modules/express/lib/router/index.js:346:12)\n    at next (/Users/rrejin/Downloads/zolvex-deepclean/server/node_modules/express/lib/router/index.js:280:10)\n    at /Users/rrejin/Downloads/zolvex-deepclean/server/node_modules/express-mongo-sanitize/index.js:122:5\n    at Layer.handle [as handle_request] (/Users/rrejin/Downloads/zolvex-deepclean/server/node_modules/express/lib/router/layer.js:95:5)\n    at trim_prefix (/Users/rrejin/Downloads/zolvex-deepclean/server/node_modules/express/lib/router/index.js:328:13)\n    at /Users/rrejin/Downloads/zolvex-deepclean/server/node_modules/express/lib/router/index.js:286:9\n    at router.process_params (/Users/rrejin/Downloads/zolvex-deepclean/server/node_modules/express/lib/router/index.js:346:12)\n    at next (/Users/rrejin/Downloads/zolvex-deepclean/server/node_modules/express/lib/router/index.js:280:10)\n    at cookieParser (/Users/rrejin/Downloads/zolvex-deepclean/server/node_modules/cookie-parser/index.js:57:14)\n    at Layer.handle [as handle_request] (/Users/rrejin/Downloads/zolvex-deepclean/server/node_modules/express/lib/router/layer.js:95:5)\n    at trim_prefix (/Users/rrejin/Downloads/zolvex-deepclean/server/node_modules/express/lib/router/index.js:328:13)\n    at /Users/rrejin/Downloads/zolvex-deepclean/server/node_modules/express/lib/router/index.js:286:9\n    at router.process_params (/Users/rrejin/Downloads/zolvex-deepclean/server/node_modules/express/lib/router/index.js:346:12)\n    at next (/Users/rrejin/Downloads/zolvex-deepclean/server/node_modules/express/lib/router/index.js:280:10)\n    at urlencodedParser (/Users/rrejin/Downloads/zolvex-deepclean/server/node_modules/body-parser/lib/types/urlencoded.js:95:7)\n    at Layer.handle [as handle_request] (/Users/rrejin/Downloads/zolvex-deepclean/server/node_modules/express/lib/router/layer.js:95:5)\n    at trim_prefix (/Users/rrejin/Downloads/zolvex-deepclean/server/node_modules/express/lib/router/index.js:328:13)\n    at /Users/rrejin/Downloads/zolvex-deepclean/server/node_modules/express/lib/router/index.js:286:9\n    at router.process_params (/Users/rrejin/Downloads/zolvex-deepclean/server/node_modules/express/lib/router/index.js:346:12)\n    at next (/Users/rrejin/Downloads/zolvex-deepclean/server/node_modules/express/lib/router/index.js:280:10)\n    at jsonParser (/Users/rrejin/Downloads/zolvex-deepclean/server/node_modules/body-parser/lib/types/json.js:117:7)\n    at Layer.handle [as handle_request] (/Users/rrejin/Downloads/zolvex-deepclean/server/node_modules/express/lib/router/layer.js:95:5)\n    at trim_prefix (/Users/rrejin/Downloads/zolvex-deepclean/server/node_modules/express/lib/router/index.js:328:13)\n    at /Users/rrejin/Downloads/zolvex-deepclean/server/node_modules/express/lib/router/index.js:286:9\n    at router.process_params (/Users/rrejin/Downloads/zolvex-deepclean/server/node_modules/express/lib/router/index.js:346:12)\n    at next (/Users/rrejin/Downloads/zolvex-deepclean/server/node_modules/express/lib/router/index.js:280:10)\n    at cors (/Users/rrejin/Downloads/zolvex-deepclean/server/node_modules/cors/lib/index.js:188:7)\n    at /Users/rrejin/Downloads/zolvex-deepclean/server/node_modules/cors/lib/index.js:224:17\n    at originCallback (/Users/rrejin/Downloads/zolvex-deepclean/server/node_modules/cors/lib/index.js:214:15)\n    at /Users/rrejin/Downloads/zolvex-deepclean/server/node_modules/cors/lib/index.js:219:13\n    at optionsCallback (/Users/rrejin/Downloads/zolvex-deepclean/server/node_modules/cors/lib/index.js:199:9)\n    at corsMiddleware (/Users/rrejin/Downloads/zolvex-deepclean/server/node_modules/cors/lib/index.js:204:7)\n    at Layer.handle [as handle_request] (/Users/rrejin/Downloads/zolvex-deepclean/server/node_modules/express/lib/router/layer.js:95:5)\n    at trim_prefix (/Users/rrejin/Downloads/zolvex-deepclean/server/node_modules/express/lib/router/index.js:328:13)\n    at /Users/rrejin/Downloads/zolvex-deepclean/server/node_modules/express/lib/router/index.js:286:9\n    at router.process_params (/Users/rrejin/Downloads/zolvex-deepclean/server/node_modules/express/lib/router/index.js:346:12)\n    at next (/Users/rrejin/Downloads/zolvex-deepclean/server/node_modules/express/lib/router/index.js:280:10)\n    at internalNext (/Users/rrejin/Downloads/zolvex-deepclean/server/node_modules/helmet/index.cjs:558:6)\n    at xXssProtectionMiddleware (/Users/rrejin/Downloads/zolvex-deepclean/server/node_modules/helmet/index.cjs:338:3)\n    at internalNext (/Users/rrejin/Downloads/zolvex-deepclean/server/node_modules/helmet/index.cjs:556:6)\n    at xPoweredByMiddleware (/Users/rrejin/Downloads/zolvex-deepclean/server/node_modules/helmet/index.cjs:331:3)","timestamp":"2026-07-30 10:26:39"}
{"level":"info","message":"::ffff:127.0.0.1 - - [30/Jul/2026:04:56:39 +0000] \"GET /api/v1/admin/bookings HTTP/1.1\" 401 93 \"-\" \"-\"","service":"zolvex-backend","timestamp":"2026-07-30 10:26:39"}
{"ip":"::ffff:127.0.0.1","level":"error","message":"[GET] /api/v1/admin/services - 401: Authentication required. Please log in.","service":"zolvex-backend","stack":"Error: Authentication required. Please log in.\n    at authenticate (/Users/rrejin/Downloads/zolvex-deepclean/server/src/middleware/auth.js:18:13)\n    at Layer.handle [as handle_request] (/Users/rrejin/Downloads/zolvex-deepclean/server/node_modules/express/lib/router/layer.js:95:5)\n    at next (/Users/rrejin/Downloads/zolvex-deepclean/server/node_modules/express/lib/router/route.js:149:13)\n    at Route.dispatch (/Users/rrejin/Downloads/zolvex-deepclean/server/node_modules/express/lib/router/route.js:119:3)\n    at Layer.handle [as handle_request] (/Users/rrejin/Downloads/zolvex-deepclean/server/node_modules/express/lib/router/layer.js:95:5)\n    at /Users/rrejin/Downloads/zolvex-deepclean/server/node_modules/express/lib/router/index.js:284:15\n    at router.process_params (/Users/rrejin/Downloads/zolvex-deepclean/server/node_modules/express/lib/router/index.js:346:12)\n    at next (/Users/rrejin/Downloads/zolvex-deepclean/server/node_modules/express/lib/router/index.js:280:10)\n    at router.handle (/Users/rrejin/Downloads/zolvex-deepclean/server/node_modules/express/lib/router/index.js:175:3)\n    at router (/Users/rrejin/Downloads/zolvex-deepclean/server/node_modules/express/lib/router/index.js:47:12)\n    at Layer.handle [as handle_request] (/Users/rrejin/Downloads/zolvex-deepclean/server/node_modules/express/lib/router/layer.js:95:5)\n    at trim_prefix (/Users/rrejin/Downloads/zolvex-deepclean/server/node_modules/express/lib/router/index.js:328:13)\n    at /Users/rrejin/Downloads/zolvex-deepclean/server/node_modules/express/lib/router/index.js:286:9\n    at router.process_params (/Users/rrejin/Downloads/zolvex-deepclean/server/node_modules/express/lib/router/index.js:346:12)\n    at next (/Users/rrejin/Downloads/zolvex-deepclean/server/node_modules/express/lib/router/index.js:280:10)\n    at /Users/rrejin/Downloads/zolvex-deepclean/server/node_modules/express/lib/router/index.js:646:15\n    at next (/Users/rrejin/Downloads/zolvex-deepclean/server/node_modules/express/lib/router/index.js:265:14)\n    at router.handle (/Users/rrejin/Downloads/zolvex-deepclean/server/node_modules/express/lib/router/index.js:175:3)\n    at router (/Users/rrejin/Downloads/zolvex-deepclean/server/node_modules/express/lib/router/index.js:47:12)\n    at Layer.handle [as handle_request] (/Users/rrejin/Downloads/zolvex-deepclean/server/node_modules/express/lib/router/layer.js:95:5)\n    at trim_prefix (/Users/rrejin/Downloads/zolvex-deepclean/server/node_modules/express/lib/router/index.js:328:13)\n    at /Users/rrejin/Downloads/zolvex-deepclean/server/node_modules/express/lib/router/index.js:286:9\n    at router.process_params (/Users/rrejin/Downloads/zolvex-deepclean/server/node_modules/express/lib/router/index.js:346:12)\n    at next (/Users/rrejin/Downloads/zolvex-deepclean/server/node_modules/express/lib/router/index.js:280:10)\n    at router.handle (/Users/rrejin/Downloads/zolvex-deepclean/server/node_modules/express/lib/router/index.js:175:3)\n    at router (/Users/rrejin/Downloads/zolvex-deepclean/server/node_modules/express/lib/router/index.js:47:12)\n    at Layer.handle [as handle_request] (/Users/rrejin/Downloads/zolvex-deepclean/server/node_modules/express/lib/router/layer.js:95:5)\n    at trim_prefix (/Users/rrejin/Downloads/zolvex-deepclean/server/node_modules/express/lib/router/index.js:328:13)\n    at /Users/rrejin/Downloads/zolvex-deepclean/server/node_modules/express/lib/router/index.js:286:9\n    at router.process_params (/Users/rrejin/Downloads/zolvex-deepclean/server/node_modules/express/lib/router/index.js:346:12)\n    at next (/Users/rrejin/Downloads/zolvex-deepclean/server/node_modules/express/lib/router/index.js:280:10)\n    at next (/Users/rrejin/Downloads/zolvex-deepclean/server/src/middleware/rateLimiter.js:28:27)\n    at Layer.handle [as handle_request] (/Users/rrejin/Downloads/zolvex-deepclean/server/node_modules/express/lib/router/layer.js:95:5)\n    at trim_prefix (/Users/rrejin/Downloads/zolvex-deepclean/server/node_modules/express/lib/router/index.js:328:13)\n    at /Users/rrejin/Downloads/zolvex-deepclean/server/node_modules/express/lib/router/index.js:286:9\n    at router.process_params (/Users/rrejin/Downloads/zolvex-deepclean/server/node_modules/express/lib/router/index.js:346:12)\n    at next (/Users/rrejin/Downloads/zolvex-deepclean/server/node_modules/express/lib/router/index.js:280:10)\n    at logger (/Users/rrejin/Downloads/zolvex-deepclean/server/node_modules/morgan/index.js:170:5)\n    at Layer.handle [as handle_request] (/Users/rrejin/Downloads/zolvex-deepclean/server/node_modules/express/lib/router/layer.js:95:5)\n    at trim_prefix (/Users/rrejin/Downloads/zolvex-deepclean/server/node_modules/express/lib/router/index.js:328:13)\n    at /Users/rrejin/Downloads/zolvex-deepclean/server/node_modules/express/lib/router/index.js:286:9\n    at router.process_params (/Users/rrejin/Downloads/zolvex-deepclean/server/node_modules/express/lib/router/index.js:346:12)\n    at next (/Users/rrejin/Downloads/zolvex-deepclean/server/node_modules/express/lib/router/index.js:280:10)\n    at /Users/rrejin/Downloads/zolvex-deepclean/server/node_modules/express-mongo-sanitize/index.js:122:5\n    at Layer.handle [as handle_request] (/Users/rrejin/Downloads/zolvex-deepclean/server/node_modules/express/lib/router/layer.js:95:5)\n    at trim_prefix (/Users/rrejin/Downloads/zolvex-deepclean/server/node_modules/express/lib/router/index.js:328:13)\n    at /Users/rrejin/Downloads/zolvex-deepclean/server/node_modules/express/lib/router/index.js:286:9\n    at router.process_params (/Users/rrejin/Downloads/zolvex-deepclean/server/node_modules/express/lib/router/index.js:346:12)\n    at next (/Users/rrejin/Downloads/zolvex-deepclean/server/node_modules/express/lib/router/index.js:280:10)\n    at cookieParser (/Users/rrejin/Downloads/zolvex-deepclean/server/node_modules/cookie-parser/index.js:57:14)\n    at Layer.handle [as handle_request] (/Users/rrejin/Downloads/zolvex-deepclean/server/node_modules/express/lib/router/layer.js:95:5)\n    at trim_prefix (/Users/rrejin/Downloads/zolvex-deepclean/server/node_modules/express/lib/router/index.js:328:13)\n    at /Users/rrejin/Downloads/zolvex-deepclean/server/node_modules/express/lib/router/index.js:286:9\n    at router.process_params (/Users/rrejin/Downloads/zolvex-deepclean/server/node_modules/express/lib/router/index.js:346:12)\n    at next (/Users/rrejin/Downloads/zolvex-deepclean/server/node_modules/express/lib/router/index.js:280:10)\n    at urlencodedParser (/Users/rrejin/Downloads/zolvex-deepclean/server/node_modules/body-parser/lib/types/urlencoded.js:95:7)\n    at Layer.handle [as handle_request] (/Users/rrejin/Downloads/zolvex-deepclean/server/node_modules/express/lib/router/layer.js:95:5)\n    at trim_prefix (/Users/rrejin/Downloads/zolvex-deepclean/server/node_modules/express/lib/router/index.js:328:13)\n    at /Users/rrejin/Downloads/zolvex-deepclean/server/node_modules/express/lib/router/index.js:286:9\n    at router.process_params (/Users/rrejin/Downloads/zolvex-deepclean/server/node_modules/express/lib/router/index.js:346:12)\n    at next (/Users/rrejin/Downloads/zolvex-deepclean/server/node_modules/express/lib/router/index.js:280:10)\n    at jsonParser (/Users/rrejin/Downloads/zolvex-deepclean/server/node_modules/body-parser/lib/types/json.js:117:7)\n    at Layer.handle [as handle_request] (/Users/rrejin/Downloads/zolvex-deepclean/server/node_modules/express/lib/router/layer.js:95:5)\n    at trim_prefix (/Users/rrejin/Downloads/zolvex-deepclean/server/node_modules/express/lib/router/index.js:328:13)\n    at /Users/rrejin/Downloads/zolvex-deepclean/server/node_modules/express/lib/router/index.js:286:9\n    at router.process_params (/Users/rrejin/Downloads/zolvex-deepclean/server/node_modules/express/lib/router/index.js:346:12)\n    at next (/Users/rrejin/Downloads/zolvex-deepclean/server/node_modules/express/lib/router/index.js:280:10)\n    at cors (/Users/rrejin/Downloads/zolvex-deepclean/server/node_modules/cors/lib/index.js:188:7)\n    at /Users/rrejin/Downloads/zolvex-deepclean/server/node_modules/cors/lib/index.js:224:17\n    at originCallback (/Users/rrejin/Downloads/zolvex-deepclean/server/node_modules/cors/lib/index.js:214:15)\n    at /Users/rrejin/Downloads/zolvex-deepclean/server/node_modules/cors/lib/index.js:219:13\n    at optionsCallback (/Users/rrejin/Downloads/zolvex-deepclean/server/node_modules/cors/lib/index.js:199:9)\n    at corsMiddleware (/Users/rrejin/Downloads/zolvex-deepclean/server/node_modules/cors/lib/index.js:204:7)\n    at Layer.handle [as handle_request] (/Users/rrejin/Downloads/zolvex-deepclean/server/node_modules/express/lib/router/layer.js:95:5)\n    at trim_prefix (/Users/rrejin/Downloads/zolvex-deepclean/server/node_modules/express/lib/router/index.js:328:13)\n    at /Users/rrejin/Downloads/zolvex-deepclean/server/node_modules/express/lib/router/index.js:286:9\n    at router.process_params (/Users/rrejin/Downloads/zolvex-deepclean/server/node_modules/express/lib/router/index.js:346:12)\n    at next (/Users/rrejin/Downloads/zolvex-deepclean/server/node_modules/express/lib/router/index.js:280:10)\n    at internalNext (/Users/rrejin/Downloads/zolvex-deepclean/server/node_modules/helmet/index.cjs:558:6)\n    at xXssProtectionMiddleware (/Users/rrejin/Downloads/zolvex-deepclean/server/node_modules/helmet/index.cjs:338:3)\n    at internalNext (/Users/rrejin/Downloads/zolvex-deepclean/server/node_modules/helmet/index.cjs:556:6)\n    at xPoweredByMiddleware (/Users/rrejin/Downloads/zolvex-deepclean/server/node_modules/helmet/index.cjs:331:3)\n    at internalNext (/Users/rrejin/Downloads/zolvex-deepclean/server/node_modules/helmet/index.cjs:556:6)\n    at xPermittedCrossDomainPoliciesMiddleware (/Users/rrejin/Downloads/zolvex-deepclean/server/node_modules/helmet/index.cjs:324:3)\n    at internalNext (/Users/rrejin/Downloads/zolvex-deepclean/server/node_modules/helmet/index.cjs:556:6)\n    at xFrameOptionsMiddleware (/Users/rrejin/Downloads/zolvex-deepclean/server/node_modules/helmet/index.cjs:308:3)\n    at internalNext (/Users/rrejin/Downloads/zolvex-deepclean/server/node_modules/helmet/index.cjs:556:6)\n    at xDownloadOptionsMiddleware (/Users/rrejin/Downloads/zolvex-deepclean/server/node_modules/helmet/index.cjs:288:3)\n    at internalNext (/Users/rrejin/Downloads/zolvex-deepclean/server/node_modules/helmet/index.cjs:556:6)\n    at xDnsPrefetchControlMiddleware (/Users/rrejin/Downloads/zolvex-deepclean/server/node_modules/helmet/index.cjs:281:3)\n    at internalNext (/Users/rrejin/Downloads/zolvex-deepclean/server/node_modules/helmet/index.cjs:556:6)\n    at xContentTypeOptionsMiddleware (/Users/rrejin/Downloads/zolvex-deepclean/server/node_modules/helmet/index.cjs:273:3)\n    at internalNext (/Users/rrejin/Downloads/zolvex-deepclean/server/node_modules/helmet/index.cjs:556:6)\n    at strictTransportSecurityMiddleware (/Users/rrejin/Downloads/zolvex-deepclean/server/node_modules/helmet/index.cjs:266:3)\n    at internalNext (/Users/rrejin/Downloads/zolvex-deepclean/server/node_modules/helmet/index.cjs:556:6)\n    at referrerPolicyMiddleware (/Users/rrejin/Downloads/zolvex-deepclean/server/node_modules/helmet/index.cjs:234:3)\n    at internalNext (/Users/rrejin/Downloads/zolvex-deepclean/server/node_modules/helmet/index.cjs:556:6)\n    at originAgentClusterMiddleware (/Users/rrejin/Downloads/zolvex-deepclean/server/node_modules/helmet/index.cjs:209:3)\n    at internalNext (/Users/rrejin/Downloads/zolvex-deepclean/server/node_modules/helmet/index.cjs:556:6)\n    at crossOriginResourcePolicyMiddleware (/Users/rrejin/Downloads/zolvex-deepclean/server/node_modules/helmet/index.cjs:202:3)","timestamp":"2026-07-30 10:26:39"}
{"level":"info","message":"::ffff:127.0.0.1 - - [30/Jul/2026:04:56:39 +0000] \"GET /api/v1/admin/services HTTP/1.1\" 401 93 \"-\" \"-\"","service":"zolvex-backend","timestamp":"2026-07-30 10:26:39"}
{"ip":"::ffff:127.0.0.1","level":"error","message":"[GET] /api/v1/admin/analytics - 401: Authentication required. Please log in.","service":"zolvex-backend","stack":"Error: Authentication required. Please log in.\n    at authenticate (/Users/rrejin/Downloads/zolvex-deepclean/server/src/middleware/auth.js:18:13)\n    at Layer.handle [as handle_request] (/Users/rrejin/Downloads/zolvex-deepclean/server/node_modules/express/lib/router/layer.js:95:5)\n    at trim_prefix (/Users/rrejin/Downloads/zolvex-deepclean/server/node_modules/express/lib/router/index.js:328:13)\n    at /Users/rrejin/Downloads/zolvex-deepclean/server/node_modules/express/lib/router/index.js:286:9\n    at router.process_params (/Users/rrejin/Downloads/zolvex-deepclean/server/node_modules/express/lib/router/index.js:346:12)\n    at next (/Users/rrejin/Downloads/zolvex-deepclean/server/node_modules/express/lib/router/index.js:280:10)\n    at router.handle (/Users/rrejin/Downloads/zolvex-deepclean/server/node_modules/express/lib/router/index.js:175:3)\n    at router (/Users/rrejin/Downloads/zolvex-deepclean/server/node_modules/express/lib/router/index.js:47:12)\n    at Layer.handle [as handle_request] (/Users/rrejin/Downloads/zolvex-deepclean/server/node_modules/express/lib/router/layer.js:95:5)\n    at trim_prefix (/Users/rrejin/Downloads/zolvex-deepclean/server/node_modules/express/lib/router/index.js:328:13)\n    at /Users/rrejin/Downloads/zolvex-deepclean/server/node_modules/express/lib/router/index.js:286:9\n    at router.process_params (/Users/rrejin/Downloads/zolvex-deepclean/server/node_modules/express/lib/router/index.js:346:12)\n    at next (/Users/rrejin/Downloads/zolvex-deepclean/server/node_modules/express/lib/router/index.js:280:10)\n    at /Users/rrejin/Downloads/zolvex-deepclean/server/node_modules/express/lib/router/index.js:646:15\n    at next (/Users/rrejin/Downloads/zolvex-deepclean/server/node_modules/express/lib/router/index.js:265:14)\n    at router.handle (/Users/rrejin/Downloads/zolvex-deepclean/server/node_modules/express/lib/router/index.js:175:3)\n    at router (/Users/rrejin/Downloads/zolvex-deepclean/server/node_modules/express/lib/router/index.js:47:12)\n    at Layer.handle [as handle_request] (/Users/rrejin/Downloads/zolvex-deepclean/server/node_modules/express/lib/router/layer.js:95:5)\n    at trim_prefix (/Users/rrejin/Downloads/zolvex-deepclean/server/node_modules/express/lib/router/index.js:328:13)\n    at /Users/rrejin/Downloads/zolvex-deepclean/server/node_modules/express/lib/router/index.js:286:9\n    at router.process_params (/Users/rrejin/Downloads/zolvex-deepclean/server/node_modules/express/lib/router/index.js:346:12)\n    at next (/Users/rrejin/Downloads/zolvex-deepclean/server/node_modules/express/lib/router/index.js:280:10)\n    at /Users/rrejin/Downloads/zolvex-deepclean/server/node_modules/express/lib/router/index.js:646:15\n    at next (/Users/rrejin/Downloads/zolvex-deepclean/server/node_modules/express/lib/router/index.js:265:14)\n    at router.handle (/Users/rrejin/Downloads/zolvex-deepclean/server/node_modules/express/lib/router/index.js:175:3)\n    at router (/Users/rrejin/Downloads/zolvex-deepclean/server/node_modules/express/lib/router/index.js:47:12)\n    at Layer.handle [as handle_request] (/Users/rrejin/Downloads/zolvex-deepclean/server/node_modules/express/lib/router/layer.js:95:5)\n    at trim_prefix (/Users/rrejin/Downloads/zolvex-deepclean/server/node_modules/express/lib/router/index.js:328:13)\n    at /Users/rrejin/Downloads/zolvex-deepclean/server/node_modules/express/lib/router/index.js:286:9\n    at router.process_params (/Users/rrejin/Downloads/zolvex-deepclean/server/node_modules/express/lib/router/index.js:346:12)\n    at next (/Users/rrejin/Downloads/zolvex-deepclean/server/node_modules/express/lib/router/index.js:280:10)\n    at /Users/rrejin/Downloads/zolvex-deepclean/server/node_modules/express/lib/router/index.js:646:15\n    at next (/Users/rrejin/Downloads/zolvex-deepclean/server/node_modules/express/lib/router/index.js:265:14)\n    at router.handle (/Users/rrejin/Downloads/zolvex-deepclean/server/node_modules/express/lib/router/index.js:175:3)\n    at router (/Users/rrejin/Downloads/zolvex-deepclean/server/node_modules/express/lib/router/index.js:47:12)\n    at Layer.handle [as handle_request] (/Users/rrejin/Downloads/zolvex-deepclean/server/node_modules/express/lib/router/layer.js:95:5)\n    at trim_prefix (/Users/rrejin/Downloads/zolvex-deepclean/server/node_modules/express/lib/router/index.js:328:13)\n    at /Users/rrejin/Downloads/zolvex-deepclean/server/node_modules/express/lib/router/index.js:286:9\n    at router.process_params (/Users/rrejin/Downloads/zolvex-deepclean/server/node_modules/express/lib/router/index.js:346:12)\n    at next (/Users/rrejin/Downloads/zolvex-deepclean/server/node_modules/express/lib/router/index.js:280:10)\n    at /Users/rrejin/Downloads/zolvex-deepclean/server/node_modules/express/lib/router/index.js:646:15\n    at next (/Users/rrejin/Downloads/zolvex-deepclean/server/node_modules/express/lib/router/index.js:265:14)\n    at router.handle (/Users/rrejin/Downloads/zolvex-deepclean/server/node_modules/express/lib/router/index.js:175:3)\n    at router (/Users/rrejin/Downloads/zolvex-deepclean/server/node_modules/express/lib/router/index.js:47:12)\n    at Layer.handle [as handle_request] (/Users/rrejin/Downloads/zolvex-deepclean/server/node_modules/express/lib/router/layer.js:95:5)\n    at trim_prefix (/Users/rrejin/Downloads/zolvex-deepclean/server/node_modules/express/lib/router/index.js:328:13)\n    at /Users/rrejin/Downloads/zolvex-deepclean/server/node_modules/express/lib/router/index.js:286:9\n    at router.process_params (/Users/rrejin/Downloads/zolvex-deepclean/server/node_modules/express/lib/router/index.js:346:12)\n    at next (/Users/rrejin/Downloads/zolvex-deepclean/server/node_modules/express/lib/router/index.js:280:10)\n    at router.handle (/Users/rrejin/Downloads/zolvex-deepclean/server/node_modules/express/lib/router/index.js:175:3)\n    at router (/Users/rrejin/Downloads/zolvex-deepclean/server/node_modules/express/lib/router/index.js:47:12)\n    at Layer.handle [as handle_request] (/Users/rrejin/Downloads/zolvex-deepclean/server/node_modules/express/lib/router/layer.js:95:5)\n    at trim_prefix (/Users/rrejin/Downloads/zolvex-deepclean/server/node_modules/express/lib/router/index.js:328:13)\n    at /Users/rrejin/Downloads/zolvex-deepclean/server/node_modules/express/lib/router/index.js:286:9\n    at router.process_params (/Users/rrejin/Downloads/zolvex-deepclean/server/node_modules/express/lib/router/index.js:346:12)\n    at next (/Users/rrejin/Downloads/zolvex-deepclean/server/node_modules/express/lib/router/index.js:280:10)\n    at next (/Users/rrejin/Downloads/zolvex-deepclean/server/src/middleware/rateLimiter.js:28:27)\n    at Layer.handle [as handle_request] (/Users/rrejin/Downloads/zolvex-deepclean/server/node_modules/express/lib/router/layer.js:95:5)\n    at trim_prefix (/Users/rrejin/Downloads/zolvex-deepclean/server/node_modules/express/lib/router/index.js:328:13)\n    at /Users/rrejin/Downloads/zolvex-deepclean/server/node_modules/express/lib/router/index.js:286:9\n    at router.process_params (/Users/rrejin/Downloads/zolvex-deepclean/server/node_modules/express/lib/router/index.js:346:12)\n    at next (/Users/rrejin/Downloads/zolvex-deepclean/server/node_modules/express/lib/router/index.js:280:10)\n    at logger (/Users/rrejin/Downloads/zolvex-deepclean/server/node_modules/morgan/index.js:170:5)\n    at Layer.handle [as handle_request] (/Users/rrejin/Downloads/zolvex-deepclean/server/node_modules/express/lib/router/layer.js:95:5)\n    at trim_prefix (/Users/rrejin/Downloads/zolvex-deepclean/server/node_modules/express/lib/router/index.js:328:13)\n    at /Users/rrejin/Downloads/zolvex-deepclean/server/node_modules/express/lib/router/index.js:286:9\n    at router.process_params (/Users/rrejin/Downloads/zolvex-deepclean/server/node_modules/express/lib/router/index.js:346:12)\n    at next (/Users/rrejin/Downloads/zolvex-deepclean/server/node_modules/express/lib/router/index.js:280:10)\n    at /Users/rrejin/Downloads/zolvex-deepclean/server/node_modules/express-mongo-sanitize/index.js:122:5\n    at Layer.handle [as handle_request] (/Users/rrejin/Downloads/zolvex-deepclean/server/node_modules/express/lib/router/layer.js:95:5)\n    at trim_prefix (/Users/rrejin/Downloads/zolvex-deepclean/server/node_modules/express/lib/router/index.js:328:13)\n    at /Users/rrejin/Downloads/zolvex-deepclean/server/node_modules/express/lib/router/index.js:286:9\n    at router.process_params (/Users/rrejin/Downloads/zolvex-deepclean/server/node_modules/express/lib/router/index.js:346:12)\n    at next (/Users/rrejin/Downloads/zolvex-deepclean/server/node_modules/express/lib/router/index.js:280:10)\n    at cookieParser (/Users/rrejin/Downloads/zolvex-deepclean/server/node_modules/cookie-parser/index.js:57:14)\n    at Layer.handle [as handle_request] (/Users/rrejin/Downloads/zolvex-deepclean/server/node_modules/express/lib/router/layer.js:95:5)\n    at trim_prefix (/Users/rrejin/Downloads/zolvex-deepclean/server/node_modules/express/lib/router/index.js:328:13)\n    at /Users/rrejin/Downloads/zolvex-deepclean/server/node_modules/express/lib/router/index.js:286:9\n    at router.process_params (/Users/rrejin/Downloads/zolvex-deepclean/server/node_modules/express/lib/router/index.js:346:12)\n    at next (/Users/rrejin/Downloads/zolvex-deepclean/server/node_modules/express/lib/router/index.js:280:10)\n    at urlencodedParser (/Users/rrejin/Downloads/zolvex-deepclean/server/node_modules/body-parser/lib/types/urlencoded.js:95:7)\n    at Layer.handle [as handle_request] (/Users/rrejin/Downloads/zolvex-deepclean/server/node_modules/express/lib/router/layer.js:95:5)\n    at trim_prefix (/Users/rrejin/Downloads/zolvex-deepclean/server/node_modules/express/lib/router/index.js:328:13)\n    at /Users/rrejin/Downloads/zolvex-deepclean/server/node_modules/express/lib/router/index.js:286:9\n    at router.process_params (/Users/rrejin/Downloads/zolvex-deepclean/server/node_modules/express/lib/router/index.js:346:12)\n    at next (/Users/rrejin/Downloads/zolvex-deepclean/server/node_modules/express/lib/router/index.js:280:10)\n    at jsonParser (/Users/rrejin/Downloads/zolvex-deepclean/server/node_modules/body-parser/lib/types/json.js:117:7)\n    at Layer.handle [as handle_request] (/Users/rrejin/Downloads/zolvex-deepclean/server/node_modules/express/lib/router/layer.js:95:5)\n    at trim_prefix (/Users/rrejin/Downloads/zolvex-deepclean/server/node_modules/express/lib/router/index.js:328:13)\n    at /Users/rrejin/Downloads/zolvex-deepclean/server/node_modules/express/lib/router/index.js:286:9\n    at router.process_params (/Users/rrejin/Downloads/zolvex-deepclean/server/node_modules/express/lib/router/index.js:346:12)\n    at next (/Users/rrejin/Downloads/zolvex-deepclean/server/node_modules/express/lib/router/index.js:280:10)\n    at cors (/Users/rrejin/Downloads/zolvex-deepclean/server/node_modules/cors/lib/index.js:188:7)\n    at /Users/rrejin/Downloads/zolvex-deepclean/server/node_modules/cors/lib/index.js:224:17\n    at originCallback (/Users/rrejin/Downloads/zolvex-deepclean/server/node_modules/cors/lib/index.js:214:15)\n    at /Users/rrejin/Downloads/zolvex-deepclean/server/node_modules/cors/lib/index.js:219:13\n    at optionsCallback (/Users/rrejin/Downloads/zolvex-deepclean/server/node_modules/cors/lib/index.js:199:9)\n    at corsMiddleware (/Users/rrejin/Downloads/zolvex-deepclean/server/node_modules/cors/lib/index.js:204:7)\n    at Layer.handle [as handle_request] (/Users/rrejin/Downloads/zolvex-deepclean/server/node_modules/express/lib/router/layer.js:95:5)\n    at trim_prefix (/Users/rrejin/Downloads/zolvex-deepclean/server/node_modules/express/lib/router/index.js:328:13)","timestamp":"2026-07-30 10:26:39"}
{"level":"info","message":"::ffff:127.0.0.1 - - [30/Jul/2026:04:56:39 +0000] \"GET /api/v1/admin/analytics HTTP/1.1\" 401 93 \"-\" \"-\"","service":"zolvex-backend","timestamp":"2026-07-30 10:26:39"}
{"level":"info","message":"::ffff:127.0.0.1 - - [30/Jul/2026:04:56:39 +0000] \"GET /api/v1/admin/services HTTP/1.1\" 200 4913 \"-\" \"-\"","service":"zolvex-backend","timestamp":"2026-07-30 10:26:39"}
{"ip":"127.0.0.1","level":"error","message":"[POST] /api/v1/bookings - 400: Request validation failed","service":"zolvex-backend","stack":"Error: Request validation failed\n    at /Users/rrejin/Downloads/zolvex-deepclean/server/src/middleware/validate.js:16:21\n    at Layer.handle [as handle_request] (/Users/rrejin/Downloads/zolvex-deepclean/server/node_modules/express/lib/router/layer.js:95:5)\n    at next (/Users/rrejin/Downloads/zolvex-deepclean/server/node_modules/express/lib/router/route.js:149:13)\n    at optionalAuth (/Users/rrejin/Downloads/zolvex-deepclean/server/src/middleware/auth.js:65:3)\n    at Layer.handle [as handle_request] (/Users/rrejin/Downloads/zolvex-deepclean/server/node_modules/express/lib/router/layer.js:95:5)\n    at next (/Users/rrejin/Downloads/zolvex-deepclean/server/node_modules/express/lib/router/route.js:149:13)\n    at Route.dispatch (/Users/rrejin/Downloads/zolvex-deepclean/server/node_modules/express/lib/router/route.js:119:3)\n    at Layer.handle [as handle_request] (/Users/rrejin/Downloads/zolvex-deepclean/server/node_modules/express/lib/router/layer.js:95:5)\n    at /Users/rrejin/Downloads/zolvex-deepclean/server/node_modules/express/lib/router/index.js:284:15\n    at router.process_params (/Users/rrejin/Downloads/zolvex-deepclean/server/node_modules/express/lib/router/index.js:346:12)","timestamp":"2026-07-30 10:29:18"}
{"ip":"127.0.0.1","level":"error","message":"[POST] /api/v1/bookings - 400: Request validation failed","service":"zolvex-backend","stack":"Error: Request validation failed\n    at /Users/rrejin/Downloads/zolvex-deepclean/server/src/middleware/validate.js:16:21\n    at Layer.handle [as handle_request] (/Users/rrejin/Downloads/zolvex-deepclean/server/node_modules/express/lib/router/layer.js:95:5)\n    at next (/Users/rrejin/Downloads/zolvex-deepclean/server/node_modules/express/lib/router/route.js:149:13)\n    at optionalAuth (/Users/rrejin/Downloads/zolvex-deepclean/server/src/middleware/auth.js:65:3)\n    at Layer.handle [as handle_request] (/Users/rrejin/Downloads/zolvex-deepclean/server/node_modules/express/lib/router/layer.js:95:5)\n    at next (/Users/rrejin/Downloads/zolvex-deepclean/server/node_modules/express/lib/router/route.js:149:13)\n    at Route.dispatch (/Users/rrejin/Downloads/zolvex-deepclean/server/node_modules/express/lib/router/route.js:119:3)\n    at Layer.handle [as handle_request] (/Users/rrejin/Downloads/zolvex-deepclean/server/node_modules/express/lib/router/layer.js:95:5)\n    at /Users/rrejin/Downloads/zolvex-deepclean/server/node_modules/express/lib/router/index.js:284:15\n    at router.process_params (/Users/rrejin/Downloads/zolvex-deepclean/server/node_modules/express/lib/router/index.js:346:12)","timestamp":"2026-07-30 10:29:31"}
{"ip":"127.0.0.1","level":"error","message":"[POST] /api/v1/bookings - 400: Request validation failed","service":"zolvex-backend","stack":"Error: Request validation failed\n    at /Users/rrejin/Downloads/zolvex-deepclean/server/src/middleware/validate.js:16:21\n    at Layer.handle [as handle_request] (/Users/rrejin/Downloads/zolvex-deepclean/server/node_modules/express/lib/router/layer.js:95:5)\n    at next (/Users/rrejin/Downloads/zolvex-deepclean/server/node_modules/express/lib/router/route.js:149:13)\n    at optionalAuth (/Users/rrejin/Downloads/zolvex-deepclean/server/src/middleware/auth.js:65:3)\n    at Layer.handle [as handle_request] (/Users/rrejin/Downloads/zolvex-deepclean/server/node_modules/express/lib/router/layer.js:95:5)\n    at next (/Users/rrejin/Downloads/zolvex-deepclean/server/node_modules/express/lib/router/route.js:149:13)\n    at Route.dispatch (/Users/rrejin/Downloads/zolvex-deepclean/server/node_modules/express/lib/router/route.js:119:3)\n    at Layer.handle [as handle_request] (/Users/rrejin/Downloads/zolvex-deepclean/server/node_modules/express/lib/router/layer.js:95:5)\n    at /Users/rrejin/Downloads/zolvex-deepclean/server/node_modules/express/lib/router/index.js:284:15\n    at router.process_params (/Users/rrejin/Downloads/zolvex-deepclean/server/node_modules/express/lib/router/index.js:346:12)","timestamp":"2026-07-30 10:29:37"}
{"ip":"127.0.0.1","level":"error","message":"[POST] /api/v1/bookings - 400: Request validation failed","service":"zolvex-backend","stack":"Error: Request validation failed\n    at /Users/rrejin/Downloads/zolvex-deepclean/server/src/middleware/validate.js:16:21\n    at Layer.handle [as handle_request] (/Users/rrejin/Downloads/zolvex-deepclean/server/node_modules/express/lib/router/layer.js:95:5)\n    at next (/Users/rrejin/Downloads/zolvex-deepclean/server/node_modules/express/lib/router/route.js:149:13)\n    at optionalAuth (/Users/rrejin/Downloads/zolvex-deepclean/server/src/middleware/auth.js:65:3)\n    at Layer.handle [as handle_request] (/Users/rrejin/Downloads/zolvex-deepclean/server/node_modules/express/lib/router/layer.js:95:5)\n    at next (/Users/rrejin/Downloads/zolvex-deepclean/server/node_modules/express/lib/router/route.js:149:13)\n    at Route.dispatch (/Users/rrejin/Downloads/zolvex-deepclean/server/node_modules/express/lib/router/route.js:119:3)\n    at Layer.handle [as handle_request] (/Users/rrejin/Downloads/zolvex-deepclean/server/node_modules/express/lib/router/layer.js:95:5)\n    at /Users/rrejin/Downloads/zolvex-deepclean/server/node_modules/express/lib/router/index.js:284:15\n    at router.process_params (/Users/rrejin/Downloads/zolvex-deepclean/server/node_modules/express/lib/router/index.js:346:12)","timestamp":"2026-07-30 10:29:46"}
{"level":"info","message":"🍃 MongoDB Connected: localhost/zolvex_deepclean","service":"zolvex-backend","timestamp":"2026-07-30 10:30:38"}
{"level":"info","message":"🚀 Zolvex Enterprise Backend running in [development] on http://0.0.0.0:5002","service":"zolvex-backend","timestamp":"2026-07-30 10:30:38"}
{"level":"info","message":"📡 Health Check: http://localhost:5002/api/v1/health","service":"zolvex-backend","timestamp":"2026-07-30 10:30:38"}
{"level":"info","message":"📚 Swagger Docs: http://localhost:5002/api/v1/docs","service":"zolvex-backend","timestamp":"2026-07-30 10:30:38"}
{"level":"info","message":"::ffff:127.0.0.1 - - [30/Jul/2026:05:01:11 +0000] \"GET /api/v1/health HTTP/1.1\" 200 327 \"-\" \"-\"","service":"zolvex-backend","timestamp":"2026-07-30 10:31:11"}
{"level":"info","message":"::ffff:127.0.0.1 - - [30/Jul/2026:05:01:11 +0000] \"POST /api/v1/auth/login HTTP/1.1\" 200 463 \"-\" \"-\"","service":"zolvex-backend","timestamp":"2026-07-30 10:31:11"}
{"ip":"::ffff:127.0.0.1","level":"error","message":"[POST] /api/v1/auth/login - 401: Invalid email or password","service":"zolvex-backend","stack":"Error: Invalid email or password\n    at AuthService.login (/Users/rrejin/Downloads/zolvex-deepclean/server/src/services/authService.js:74:13)\n    at /Users/rrejin/Downloads/zolvex-deepclean/server/src/controllers/authController.js:23:18","timestamp":"2026-07-30 10:31:11"}
{"level":"info","message":"::ffff:127.0.0.1 - - [30/Jul/2026:05:01:11 +0000] \"POST /api/v1/auth/login HTTP/1.1\" 401 79 \"-\" \"-\"","service":"zolvex-backend","timestamp":"2026-07-30 10:31:11"}
{"level":"info","message":"::ffff:127.0.0.1 - - [30/Jul/2026:05:01:11 +0000] \"GET /api/v1/services HTTP/1.1\" 200 4915 \"-\" \"-\"","service":"zolvex-backend","timestamp":"2026-07-30 10:31:11"}
{"level":"info","message":"::ffff:127.0.0.1 - - [30/Jul/2026:05:01:11 +0000] \"GET /api/v1/services HTTP/1.1\" 200 4915 \"-\" \"-\"","service":"zolvex-backend","timestamp":"2026-07-30 10:31:11"}
{"level":"info","message":"::ffff:127.0.0.1 - - [30/Jul/2026:05:01:11 +0000] \"GET /api/v1/services/deep-cleaning HTTP/1.1\" 200 1217 \"-\" \"-\"","service":"zolvex-backend","timestamp":"2026-07-30 10:31:11"}
{"level":"info","message":"::ffff:127.0.0.1 - - [30/Jul/2026:05:01:11 +0000] \"POST /api/v1/price/calculate HTTP/1.1\" 200 209 \"-\" \"-\"","service":"zolvex-backend","timestamp":"2026-07-30 10:31:11"}
{"level":"info","message":"::ffff:127.0.0.1 - - [30/Jul/2026:05:01:11 +0000] \"POST /api/v1/bookings HTTP/1.1\" 201 747 \"-\" \"-\"","service":"zolvex-backend","timestamp":"2026-07-30 10:31:11"}
{"level":"info","message":"::ffff:127.0.0.1 - - [30/Jul/2026:05:01:11 +0000] \"GET /api/v1/bookings/track/ZLV-2026-6455 HTTP/1.1\" 200 743 \"-\" \"-\"","service":"zolvex-backend","timestamp":"2026-07-30 10:31:11"}
{"ip":"::ffff:127.0.0.1","level":"error","message":"[GET] /api/v1/admin/bookings - 401: Authentication required. Please log in.","service":"zolvex-backend","stack":"Error: Authentication required. Please log in.\n    at authenticate (/Users/rrejin/Downloads/zolvex-deepclean/server/src/middleware/auth.js:18:13)\n    at Layer.handle [as handle_request] (/Users/rrejin/Downloads/zolvex-deepclean/server/node_modules/express/lib/router/layer.js:95:5)\n    at next (/Users/rrejin/Downloads/zolvex-deepclean/server/node_modules/express/lib/router/route.js:149:13)\n    at Route.dispatch (/Users/rrejin/Downloads/zolvex-deepclean/server/node_modules/express/lib/router/route.js:119:3)\n    at Layer.handle [as handle_request] (/Users/rrejin/Downloads/zolvex-deepclean/server/node_modules/express/lib/router/layer.js:95:5)\n    at /Users/rrejin/Downloads/zolvex-deepclean/server/node_modules/express/lib/router/index.js:284:15\n    at router.process_params (/Users/rrejin/Downloads/zolvex-deepclean/server/node_modules/express/lib/router/index.js:346:12)\n    at next (/Users/rrejin/Downloads/zolvex-deepclean/server/node_modules/express/lib/router/index.js:280:10)\n    at router.handle (/Users/rrejin/Downloads/zolvex-deepclean/server/node_modules/express/lib/router/index.js:175:3)\n    at router (/Users/rrejin/Downloads/zolvex-deepclean/server/node_modules/express/lib/router/index.js:47:12)\n    at Layer.handle [as handle_request] (/Users/rrejin/Downloads/zolvex-deepclean/server/node_modules/express/lib/router/layer.js:95:5)\n    at trim_prefix (/Users/rrejin/Downloads/zolvex-deepclean/server/node_modules/express/lib/router/index.js:328:13)\n    at /Users/rrejin/Downloads/zolvex-deepclean/server/node_modules/express/lib/router/index.js:286:9\n    at router.process_params (/Users/rrejin/Downloads/zolvex-deepclean/server/node_modules/express/lib/router/index.js:346:12)\n    at next (/Users/rrejin/Downloads/zolvex-deepclean/server/node_modules/express/lib/router/index.js:280:10)\n    at /Users/rrejin/Downloads/zolvex-deepclean/server/node_modules/express/lib/router/index.js:646:15\n    at next (/Users/rrejin/Downloads/zolvex-deepclean/server/node_modules/express/lib/router/index.js:265:14)\n    at router.handle (/Users/rrejin/Downloads/zolvex-deepclean/server/node_modules/express/lib/router/index.js:175:3)\n    at router (/Users/rrejin/Downloads/zolvex-deepclean/server/node_modules/express/lib/router/index.js:47:12)\n    at Layer.handle [as handle_request] (/Users/rrejin/Downloads/zolvex-deepclean/server/node_modules/express/lib/router/layer.js:95:5)\n    at trim_prefix (/Users/rrejin/Downloads/zolvex-deepclean/server/node_modules/express/lib/router/index.js:328:13)\n    at /Users/rrejin/Downloads/zolvex-deepclean/server/node_modules/express/lib/router/index.js:286:9\n    at router.process_params (/Users/rrejin/Downloads/zolvex-deepclean/server/node_modules/express/lib/router/index.js:346:12)\n    at next (/Users/rrejin/Downloads/zolvex-deepclean/server/node_modules/express/lib/router/index.js:280:10)\n    at /Users/rrejin/Downloads/zolvex-deepclean/server/node_modules/express/lib/router/index.js:646:15\n    at next (/Users/rrejin/Downloads/zolvex-deepclean/server/node_modules/express/lib/router/index.js:265:14)\n    at router.handle (/Users/rrejin/Downloads/zolvex-deepclean/server/node_modules/express/lib/router/index.js:175:3)\n    at router (/Users/rrejin/Downloads/zolvex-deepclean/server/node_modules/express/lib/router/index.js:47:12)\n    at Layer.handle [as handle_request] (/Users/rrejin/Downloads/zolvex-deepclean/server/node_modules/express/lib/router/layer.js:95:5)\n    at trim_prefix (/Users/rrejin/Downloads/zolvex-deepclean/server/node_modules/express/lib/router/index.js:328:13)\n    at /Users/rrejin/Downloads/zolvex-deepclean/server/node_modules/express/lib/router/index.js:286:9\n    at router.process_params (/Users/rrejin/Downloads/zolvex-deepclean/server/node_modules/express/lib/router/index.js:346:12)\n    at next (/Users/rrejin/Downloads/zolvex-deepclean/server/node_modules/express/lib/router/index.js:280:10)\n    at /Users/rrejin/Downloads/zolvex-deepclean/server/node_modules/express/lib/router/index.js:646:15\n    at next (/Users/rrejin/Downloads/zolvex-deepclean/server/node_modules/express/lib/router/index.js:265:14)\n    at router.handle (/Users/rrejin/Downloads/zolvex-deepclean/server/node_modules/express/lib/router/index.js:175:3)\n    at router (/Users/rrejin/Downloads/zolvex-deepclean/server/node_modules/express/lib/router/index.js:47:12)\n    at Layer.handle [as handle_request] (/Users/rrejin/Downloads/zolvex-deepclean/server/node_modules/express/lib/router/layer.js:95:5)\n    at trim_prefix (/Users/rrejin/Downloads/zolvex-deepclean/server/node_modules/express/lib/router/index.js:328:13)\n    at /Users/rrejin/Downloads/zolvex-deepclean/server/node_modules/express/lib/router/index.js:286:9\n    at router.process_params (/Users/rrejin/Downloads/zolvex-deepclean/server/node_modules/express/lib/router/index.js:346:12)\n    at next (/Users/rrejin/Downloads/zolvex-deepclean/server/node_modules/express/lib/router/index.js:280:10)\n    at router.handle (/Users/rrejin/Downloads/zolvex-deepclean/server/node_modules/express/lib/router/index.js:175:3)\n    at router (/Users/rrejin/Downloads/zolvex-deepclean/server/node_modules/express/lib/router/index.js:47:12)\n    at Layer.handle [as handle_request] (/Users/rrejin/Downloads/zolvex-deepclean/server/node_modules/express/lib/router/layer.js:95:5)\n    at trim_prefix (/Users/rrejin/Downloads/zolvex-deepclean/server/node_modules/express/lib/router/index.js:328:13)\n    at /Users/rrejin/Downloads/zolvex-deepclean/server/node_modules/express/lib/router/index.js:286:9\n    at router.process_params (/Users/rrejin/Downloads/zolvex-deepclean/server/node_modules/express/lib/router/index.js:346:12)\n    at next (/Users/rrejin/Downloads/zolvex-deepclean/server/node_modules/express/lib/router/index.js:280:10)\n    at next (/Users/rrejin/Downloads/zolvex-deepclean/server/src/middleware/rateLimiter.js:28:27)\n    at Layer.handle [as handle_request] (/Users/rrejin/Downloads/zolvex-deepclean/server/node_modules/express/lib/router/layer.js:95:5)\n    at trim_prefix (/Users/rrejin/Downloads/zolvex-deepclean/server/node_modules/express/lib/router/index.js:328:13)\n    at /Users/rrejin/Downloads/zolvex-deepclean/server/node_modules/express/lib/router/index.js:286:9\n    at router.process_params (/Users/rrejin/Downloads/zolvex-deepclean/server/node_modules/express/lib/router/index.js:346:12)\n    at next (/Users/rrejin/Downloads/zolvex-deepclean/server/node_modules/express/lib/router/index.js:280:10)\n    at logger (/Users/rrejin/Downloads/zolvex-deepclean/server/node_modules/morgan/index.js:170:5)\n    at Layer.handle [as handle_request] (/Users/rrejin/Downloads/zolvex-deepclean/server/node_modules/express/lib/router/layer.js:95:5)\n    at trim_prefix (/Users/rrejin/Downloads/zolvex-deepclean/server/node_modules/express/lib/router/index.js:328:13)\n    at /Users/rrejin/Downloads/zolvex-deepclean/server/node_modules/express/lib/router/index.js:286:9\n    at router.process_params (/Users/rrejin/Downloads/zolvex-deepclean/server/node_modules/express/lib/router/index.js:346:12)\n    at next (/Users/rrejin/Downloads/zolvex-deepclean/server/node_modules/express/lib/router/index.js:280:10)\n    at /Users/rrejin/Downloads/zolvex-deepclean/server/node_modules/express-mongo-sanitize/index.js:122:5\n    at Layer.handle [as handle_request] (/Users/rrejin/Downloads/zolvex-deepclean/server/node_modules/express/lib/router/layer.js:95:5)\n    at trim_prefix (/Users/rrejin/Downloads/zolvex-deepclean/server/node_modules/express/lib/router/index.js:328:13)\n    at /Users/rrejin/Downloads/zolvex-deepclean/server/node_modules/express/lib/router/index.js:286:9\n    at router.process_params (/Users/rrejin/Downloads/zolvex-deepclean/server/node_modules/express/lib/router/index.js:346:12)\n    at next (/Users/rrejin/Downloads/zolvex-deepclean/server/node_modules/express/lib/router/index.js:280:10)\n    at cookieParser (/Users/rrejin/Downloads/zolvex-deepclean/server/node_modules/cookie-parser/index.js:57:14)\n    at Layer.handle [as handle_request] (/Users/rrejin/Downloads/zolvex-deepclean/server/node_modules/express/lib/router/layer.js:95:5)\n    at trim_prefix (/Users/rrejin/Downloads/zolvex-deepclean/server/node_modules/express/lib/router/index.js:328:13)\n    at /Users/rrejin/Downloads/zolvex-deepclean/server/node_modules/express/lib/router/index.js:286:9\n    at router.process_params (/Users/rrejin/Downloads/zolvex-deepclean/server/node_modules/express/lib/router/index.js:346:12)\n    at next (/Users/rrejin/Downloads/zolvex-deepclean/server/node_modules/express/lib/router/index.js:280:10)\n    at urlencodedParser (/Users/rrejin/Downloads/zolvex-deepclean/server/node_modules/body-parser/lib/types/urlencoded.js:95:7)\n    at Layer.handle [as handle_request] (/Users/rrejin/Downloads/zolvex-deepclean/server/node_modules/express/lib/router/layer.js:95:5)\n    at trim_prefix (/Users/rrejin/Downloads/zolvex-deepclean/server/node_modules/express/lib/router/index.js:328:13)\n    at /Users/rrejin/Downloads/zolvex-deepclean/server/node_modules/express/lib/router/index.js:286:9\n    at router.process_params (/Users/rrejin/Downloads/zolvex-deepclean/server/node_modules/express/lib/router/index.js:346:12)\n    at next (/Users/rrejin/Downloads/zolvex-deepclean/server/node_modules/express/lib/router/index.js:280:10)\n    at jsonParser (/Users/rrejin/Downloads/zolvex-deepclean/server/node_modules/body-parser/lib/types/json.js:117:7)\n    at Layer.handle [as handle_request] (/Users/rrejin/Downloads/zolvex-deepclean/server/node_modules/express/lib/router/layer.js:95:5)\n    at trim_prefix (/Users/rrejin/Downloads/zolvex-deepclean/server/node_modules/express/lib/router/index.js:328:13)\n    at /Users/rrejin/Downloads/zolvex-deepclean/server/node_modules/express/lib/router/index.js:286:9\n    at router.process_params (/Users/rrejin/Downloads/zolvex-deepclean/server/node_modules/express/lib/router/index.js:346:12)\n    at next (/Users/rrejin/Downloads/zolvex-deepclean/server/node_modules/express/lib/router/index.js:280:10)\n    at cors (/Users/rrejin/Downloads/zolvex-deepclean/server/node_modules/cors/lib/index.js:188:7)\n    at /Users/rrejin/Downloads/zolvex-deepclean/server/node_modules/cors/lib/index.js:224:17\n    at originCallback (/Users/rrejin/Downloads/zolvex-deepclean/server/node_modules/cors/lib/index.js:214:15)\n    at /Users/rrejin/Downloads/zolvex-deepclean/server/node_modules/cors/lib/index.js:219:13\n    at optionsCallback (/Users/rrejin/Downloads/zolvex-deepclean/server/node_modules/cors/lib/index.js:199:9)\n    at corsMiddleware (/Users/rrejin/Downloads/zolvex-deepclean/server/node_modules/cors/lib/index.js:204:7)\n    at Layer.handle [as handle_request] (/Users/rrejin/Downloads/zolvex-deepclean/server/node_modules/express/lib/router/layer.js:95:5)\n    at trim_prefix (/Users/rrejin/Downloads/zolvex-deepclean/server/node_modules/express/lib/router/index.js:328:13)\n    at /Users/rrejin/Downloads/zolvex-deepclean/server/node_modules/express/lib/router/index.js:286:9\n    at router.process_params (/Users/rrejin/Downloads/zolvex-deepclean/server/node_modules/express/lib/router/index.js:346:12)\n    at next (/Users/rrejin/Downloads/zolvex-deepclean/server/node_modules/express/lib/router/index.js:280:10)\n    at internalNext (/Users/rrejin/Downloads/zolvex-deepclean/server/node_modules/helmet/index.cjs:558:6)\n    at xXssProtectionMiddleware (/Users/rrejin/Downloads/zolvex-deepclean/server/node_modules/helmet/index.cjs:338:3)\n    at internalNext (/Users/rrejin/Downloads/zolvex-deepclean/server/node_modules/helmet/index.cjs:556:6)\n    at xPoweredByMiddleware (/Users/rrejin/Downloads/zolvex-deepclean/server/node_modules/helmet/index.cjs:331:3)","timestamp":"2026-07-30 10:31:11"}
{"level":"info","message":"::ffff:127.0.0.1 - - [30/Jul/2026:05:01:11 +0000] \"GET /api/v1/admin/bookings HTTP/1.1\" 401 93 \"-\" \"-\"","service":"zolvex-backend","timestamp":"2026-07-30 10:31:11"}
{"ip":"::ffff:127.0.0.1","level":"error","message":"[GET] /api/v1/admin/services - 401: Authentication required. Please log in.","service":"zolvex-backend","stack":"Error: Authentication required. Please log in.\n    at authenticate (/Users/rrejin/Downloads/zolvex-deepclean/server/src/middleware/auth.js:18:13)\n    at Layer.handle [as handle_request] (/Users/rrejin/Downloads/zolvex-deepclean/server/node_modules/express/lib/router/layer.js:95:5)\n    at next (/Users/rrejin/Downloads/zolvex-deepclean/server/node_modules/express/lib/router/route.js:149:13)\n    at Route.dispatch (/Users/rrejin/Downloads/zolvex-deepclean/server/node_modules/express/lib/router/route.js:119:3)\n    at Layer.handle [as handle_request] (/Users/rrejin/Downloads/zolvex-deepclean/server/node_modules/express/lib/router/layer.js:95:5)\n    at /Users/rrejin/Downloads/zolvex-deepclean/server/node_modules/express/lib/router/index.js:284:15\n    at router.process_params (/Users/rrejin/Downloads/zolvex-deepclean/server/node_modules/express/lib/router/index.js:346:12)\n    at next (/Users/rrejin/Downloads/zolvex-deepclean/server/node_modules/express/lib/router/index.js:280:10)\n    at router.handle (/Users/rrejin/Downloads/zolvex-deepclean/server/node_modules/express/lib/router/index.js:175:3)\n    at router (/Users/rrejin/Downloads/zolvex-deepclean/server/node_modules/express/lib/router/index.js:47:12)\n    at Layer.handle [as handle_request] (/Users/rrejin/Downloads/zolvex-deepclean/server/node_modules/express/lib/router/layer.js:95:5)\n    at trim_prefix (/Users/rrejin/Downloads/zolvex-deepclean/server/node_modules/express/lib/router/index.js:328:13)\n    at /Users/rrejin/Downloads/zolvex-deepclean/server/node_modules/express/lib/router/index.js:286:9\n    at router.process_params (/Users/rrejin/Downloads/zolvex-deepclean/server/node_modules/express/lib/router/index.js:346:12)\n    at next (/Users/rrejin/Downloads/zolvex-deepclean/server/node_modules/express/lib/router/index.js:280:10)\n    at /Users/rrejin/Downloads/zolvex-deepclean/server/node_modules/express/lib/router/index.js:646:15\n    at next (/Users/rrejin/Downloads/zolvex-deepclean/server/node_modules/express/lib/router/index.js:265:14)\n    at router.handle (/Users/rrejin/Downloads/zolvex-deepclean/server/node_modules/express/lib/router/index.js:175:3)\n    at router (/Users/rrejin/Downloads/zolvex-deepclean/server/node_modules/express/lib/router/index.js:47:12)\n    at Layer.handle [as handle_request] (/Users/rrejin/Downloads/zolvex-deepclean/server/node_modules/express/lib/router/layer.js:95:5)\n    at trim_prefix (/Users/rrejin/Downloads/zolvex-deepclean/server/node_modules/express/lib/router/index.js:328:13)\n    at /Users/rrejin/Downloads/zolvex-deepclean/server/node_modules/express/lib/router/index.js:286:9\n    at router.process_params (/Users/rrejin/Downloads/zolvex-deepclean/server/node_modules/express/lib/router/index.js:346:12)\n    at next (/Users/rrejin/Downloads/zolvex-deepclean/server/node_modules/express/lib/router/index.js:280:10)\n    at router.handle (/Users/rrejin/Downloads/zolvex-deepclean/server/node_modules/express/lib/router/index.js:175:3)\n    at router (/Users/rrejin/Downloads/zolvex-deepclean/server/node_modules/express/lib/router/index.js:47:12)\n    at Layer.handle [as handle_request] (/Users/rrejin/Downloads/zolvex-deepclean/server/node_modules/express/lib/router/layer.js:95:5)\n    at trim_prefix (/Users/rrejin/Downloads/zolvex-deepclean/server/node_modules/express/lib/router/index.js:328:13)\n    at /Users/rrejin/Downloads/zolvex-deepclean/server/node_modules/express/lib/router/index.js:286:9\n    at router.process_params (/Users/rrejin/Downloads/zolvex-deepclean/server/node_modules/express/lib/router/index.js:346:12)\n    at next (/Users/rrejin/Downloads/zolvex-deepclean/server/node_modules/express/lib/router/index.js:280:10)\n    at next (/Users/rrejin/Downloads/zolvex-deepclean/server/src/middleware/rateLimiter.js:28:27)\n    at Layer.handle [as handle_request] (/Users/rrejin/Downloads/zolvex-deepclean/server/node_modules/express/lib/router/layer.js:95:5)\n    at trim_prefix (/Users/rrejin/Downloads/zolvex-deepclean/server/node_modules/express/lib/router/index.js:328:13)\n    at /Users/rrejin/Downloads/zolvex-deepclean/server/node_modules/express/lib/router/index.js:286:9\n    at router.process_params (/Users/rrejin/Downloads/zolvex-deepclean/server/node_modules/express/lib/router/index.js:346:12)\n    at next (/Users/rrejin/Downloads/zolvex-deepclean/server/node_modules/express/lib/router/index.js:280:10)\n    at logger (/Users/rrejin/Downloads/zolvex-deepclean/server/node_modules/morgan/index.js:170:5)\n    at Layer.handle [as handle_request] (/Users/rrejin/Downloads/zolvex-deepclean/server/node_modules/express/lib/router/layer.js:95:5)\n    at trim_prefix (/Users/rrejin/Downloads/zolvex-deepclean/server/node_modules/express/lib/router/index.js:328:13)\n    at /Users/rrejin/Downloads/zolvex-deepclean/server/node_modules/express/lib/router/index.js:286:9\n    at router.process_params (/Users/rrejin/Downloads/zolvex-deepclean/server/node_modules/express/lib/router/index.js:346:12)\n    at next (/Users/rrejin/Downloads/zolvex-deepclean/server/node_modules/express/lib/router/index.js:280:10)\n    at /Users/rrejin/Downloads/zolvex-deepclean/server/node_modules/express-mongo-sanitize/index.js:122:5\n    at Layer.handle [as handle_request] (/Users/rrejin/Downloads/zolvex-deepclean/server/node_modules/express/lib/router/layer.js:95:5)\n    at trim_prefix (/Users/rrejin/Downloads/zolvex-deepclean/server/node_modules/express/lib/router/index.js:328:13)\n    at /Users/rrejin/Downloads/zolvex-deepclean/server/node_modules/express/lib/router/index.js:286:9\n    at router.process_params (/Users/rrejin/Downloads/zolvex-deepclean/server/node_modules/express/lib/router/index.js:346:12)\n    at next (/Users/rrejin/Downloads/zolvex-deepclean/server/node_modules/express/lib/router/index.js:280:10)\n    at cookieParser (/Users/rrejin/Downloads/zolvex-deepclean/server/node_modules/cookie-parser/index.js:57:14)\n    at Layer.handle [as handle_request] (/Users/rrejin/Downloads/zolvex-deepclean/server/node_modules/express/lib/router/layer.js:95:5)\n    at trim_prefix (/Users/rrejin/Downloads/zolvex-deepclean/server/node_modules/express/lib/router/index.js:328:13)\n    at /Users/rrejin/Downloads/zolvex-deepclean/server/node_modules/express/lib/router/index.js:286:9\n    at router.process_params (/Users/rrejin/Downloads/zolvex-deepclean/server/node_modules/express/lib/router/index.js:346:12)\n    at next (/Users/rrejin/Downloads/zolvex-deepclean/server/node_modules/express/lib/router/index.js:280:10)\n    at urlencodedParser (/Users/rrejin/Downloads/zolvex-deepclean/server/node_modules/body-parser/lib/types/urlencoded.js:95:7)\n    at Layer.handle [as handle_request] (/Users/rrejin/Downloads/zolvex-deepclean/server/node_modules/express/lib/router/layer.js:95:5)\n    at trim_prefix (/Users/rrejin/Downloads/zolvex-deepclean/server/node_modules/express/lib/router/index.js:328:13)\n    at /Users/rrejin/Downloads/zolvex-deepclean/server/node_modules/express/lib/router/index.js:286:9\n    at router.process_params (/Users/rrejin/Downloads/zolvex-deepclean/server/node_modules/express/lib/router/index.js:346:12)\n    at next (/Users/rrejin/Downloads/zolvex-deepclean/server/node_modules/express/lib/router/index.js:280:10)\n    at jsonParser (/Users/rrejin/Downloads/zolvex-deepclean/server/node_modules/body-parser/lib/types/json.js:117:7)\n    at Layer.handle [as handle_request] (/Users/rrejin/Downloads/zolvex-deepclean/server/node_modules/express/lib/router/layer.js:95:5)\n    at trim_prefix (/Users/rrejin/Downloads/zolvex-deepclean/server/node_modules/express/lib/router/index.js:328:13)\n    at /Users/rrejin/Downloads/zolvex-deepclean/server/node_modules/express/lib/router/index.js:286:9\n    at router.process_params (/Users/rrejin/Downloads/zolvex-deepclean/server/node_modules/express/lib/router/index.js:346:12)\n    at next (/Users/rrejin/Downloads/zolvex-deepclean/server/node_modules/express/lib/router/index.js:280:10)\n    at cors (/Users/rrejin/Downloads/zolvex-deepclean/server/node_modules/cors/lib/index.js:188:7)\n    at /Users/rrejin/Downloads/zolvex-deepclean/server/node_modules/cors/lib/index.js:224:17\n    at originCallback (/Users/rrejin/Downloads/zolvex-deepclean/server/node_modules/cors/lib/index.js:214:15)\n    at /Users/rrejin/Downloads/zolvex-deepclean/server/node_modules/cors/lib/index.js:219:13\n    at optionsCallback (/Users/rrejin/Downloads/zolvex-deepclean/server/node_modules/cors/lib/index.js:199:9)\n    at corsMiddleware (/Users/rrejin/Downloads/zolvex-deepclean/server/node_modules/cors/lib/index.js:204:7)\n    at Layer.handle [as handle_request] (/Users/rrejin/Downloads/zolvex-deepclean/server/node_modules/express/lib/router/layer.js:95:5)\n    at trim_prefix (/Users/rrejin/Downloads/zolvex-deepclean/server/node_modules/express/lib/router/index.js:328:13)\n    at /Users/rrejin/Downloads/zolvex-deepclean/server/node_modules/express/lib/router/index.js:286:9\n    at router.process_params (/Users/rrejin/Downloads/zolvex-deepclean/server/node_modules/express/lib/router/index.js:346:12)\n    at next (/Users/rrejin/Downloads/zolvex-deepclean/server/node_modules/express/lib/router/index.js:280:10)\n    at internalNext (/Users/rrejin/Downloads/zolvex-deepclean/server/node_modules/helmet/index.cjs:558:6)\n    at xXssProtectionMiddleware (/Users/rrejin/Downloads/zolvex-deepclean/server/node_modules/helmet/index.cjs:338:3)\n    at internalNext (/Users/rrejin/Downloads/zolvex-deepclean/server/node_modules/helmet/index.cjs:556:6)\n    at xPoweredByMiddleware (/Users/rrejin/Downloads/zolvex-deepclean/server/node_modules/helmet/index.cjs:331:3)\n    at internalNext (/Users/rrejin/Downloads/zolvex-deepclean/server/node_modules/helmet/index.cjs:556:6)\n    at xPermittedCrossDomainPoliciesMiddleware (/Users/rrejin/Downloads/zolvex-deepclean/server/node_modules/helmet/index.cjs:324:3)\n    at internalNext (/Users/rrejin/Downloads/zolvex-deepclean/server/node_modules/helmet/index.cjs:556:6)\n    at xFrameOptionsMiddleware (/Users/rrejin/Downloads/zolvex-deepclean/server/node_modules/helmet/index.cjs:308:3)\n    at internalNext (/Users/rrejin/Downloads/zolvex-deepclean/server/node_modules/helmet/index.cjs:556:6)\n    at xDownloadOptionsMiddleware (/Users/rrejin/Downloads/zolvex-deepclean/server/node_modules/helmet/index.cjs:288:3)\n    at internalNext (/Users/rrejin/Downloads/zolvex-deepclean/server/node_modules/helmet/index.cjs:556:6)\n    at xDnsPrefetchControlMiddleware (/Users/rrejin/Downloads/zolvex-deepclean/server/node_modules/helmet/index.cjs:281:3)\n    at internalNext (/Users/rrejin/Downloads/zolvex-deepclean/server/node_modules/helmet/index.cjs:556:6)\n    at xContentTypeOptionsMiddleware (/Users/rrejin/Downloads/zolvex-deepclean/server/node_modules/helmet/index.cjs:273:3)\n    at internalNext (/Users/rrejin/Downloads/zolvex-deepclean/server/node_modules/helmet/index.cjs:556:6)\n    at strictTransportSecurityMiddleware (/Users/rrejin/Downloads/zolvex-deepclean/server/node_modules/helmet/index.cjs:266:3)\n    at internalNext (/Users/rrejin/Downloads/zolvex-deepclean/server/node_modules/helmet/index.cjs:556:6)\n    at referrerPolicyMiddleware (/Users/rrejin/Downloads/zolvex-deepclean/server/node_modules/helmet/index.cjs:234:3)\n    at internalNext (/Users/rrejin/Downloads/zolvex-deepclean/server/node_modules/helmet/index.cjs:556:6)\n    at originAgentClusterMiddleware (/Users/rrejin/Downloads/zolvex-deepclean/server/node_modules/helmet/index.cjs:209:3)\n    at internalNext (/Users/rrejin/Downloads/zolvex-deepclean/server/node_modules/helmet/index.cjs:556:6)\n    at crossOriginResourcePolicyMiddleware (/Users/rrejin/Downloads/zolvex-deepclean/server/node_modules/helmet/index.cjs:202:3)","timestamp":"2026-07-30 10:31:11"}
{"level":"info","message":"::ffff:127.0.0.1 - - [30/Jul/2026:05:01:11 +0000] \"GET /api/v1/admin/services HTTP/1.1\" 401 93 \"-\" \"-\"","service":"zolvex-backend","timestamp":"2026-07-30 10:31:11"}
{"ip":"::ffff:127.0.0.1","level":"error","message":"[GET] /api/v1/admin/analytics - 401: Authentication required. Please log in.","service":"zolvex-backend","stack":"Error: Authentication required. Please log in.\n    at authenticate (/Users/rrejin/Downloads/zolvex-deepclean/server/src/middleware/auth.js:18:13)\n    at Layer.handle [as handle_request] (/Users/rrejin/Downloads/zolvex-deepclean/server/node_modules/express/lib/router/layer.js:95:5)\n    at trim_prefix (/Users/rrejin/Downloads/zolvex-deepclean/server/node_modules/express/lib/router/index.js:328:13)\n    at /Users/rrejin/Downloads/zolvex-deepclean/server/node_modules/express/lib/router/index.js:286:9\n    at router.process_params (/Users/rrejin/Downloads/zolvex-deepclean/server/node_modules/express/lib/router/index.js:346:12)\n    at next (/Users/rrejin/Downloads/zolvex-deepclean/server/node_modules/express/lib/router/index.js:280:10)\n    at router.handle (/Users/rrejin/Downloads/zolvex-deepclean/server/node_modules/express/lib/router/index.js:175:3)\n    at router (/Users/rrejin/Downloads/zolvex-deepclean/server/node_modules/express/lib/router/index.js:47:12)\n    at Layer.handle [as handle_request] (/Users/rrejin/Downloads/zolvex-deepclean/server/node_modules/express/lib/router/layer.js:95:5)\n    at trim_prefix (/Users/rrejin/Downloads/zolvex-deepclean/server/node_modules/express/lib/router/index.js:328:13)\n    at /Users/rrejin/Downloads/zolvex-deepclean/server/node_modules/express/lib/router/index.js:286:9\n    at router.process_params (/Users/rrejin/Downloads/zolvex-deepclean/server/node_modules/express/lib/router/index.js:346:12)\n    at next (/Users/rrejin/Downloads/zolvex-deepclean/server/node_modules/express/lib/router/index.js:280:10)\n    at /Users/rrejin/Downloads/zolvex-deepclean/server/node_modules/express/lib/router/index.js:646:15\n    at next (/Users/rrejin/Downloads/zolvex-deepclean/server/node_modules/express/lib/router/index.js:265:14)\n    at router.handle (/Users/rrejin/Downloads/zolvex-deepclean/server/node_modules/express/lib/router/index.js:175:3)\n    at router (/Users/rrejin/Downloads/zolvex-deepclean/server/node_modules/express/lib/router/index.js:47:12)\n    at Layer.handle [as handle_request] (/Users/rrejin/Downloads/zolvex-deepclean/server/node_modules/express/lib/router/layer.js:95:5)\n    at trim_prefix (/Users/rrejin/Downloads/zolvex-deepclean/server/node_modules/express/lib/router/index.js:328:13)\n    at /Users/rrejin/Downloads/zolvex-deepclean/server/node_modules/express/lib/router/index.js:286:9\n    at router.process_params (/Users/rrejin/Downloads/zolvex-deepclean/server/node_modules/express/lib/router/index.js:346:12)\n    at next (/Users/rrejin/Downloads/zolvex-deepclean/server/node_modules/express/lib/router/index.js:280:10)\n    at /Users/rrejin/Downloads/zolvex-deepclean/server/node_modules/express/lib/router/index.js:646:15\n    at next (/Users/rrejin/Downloads/zolvex-deepclean/server/node_modules/express/lib/router/index.js:265:14)\n    at router.handle (/Users/rrejin/Downloads/zolvex-deepclean/server/node_modules/express/lib/router/index.js:175:3)\n    at router (/Users/rrejin/Downloads/zolvex-deepclean/server/node_modules/express/lib/router/index.js:47:12)\n    at Layer.handle [as handle_request] (/Users/rrejin/Downloads/zolvex-deepclean/server/node_modules/express/lib/router/layer.js:95:5)\n    at trim_prefix (/Users/rrejin/Downloads/zolvex-deepclean/server/node_modules/express/lib/router/index.js:328:13)\n    at /Users/rrejin/Downloads/zolvex-deepclean/server/node_modules/express/lib/router/index.js:286:9\n    at router.process_params (/Users/rrejin/Downloads/zolvex-deepclean/server/node_modules/express/lib/router/index.js:346:12)\n    at next (/Users/rrejin/Downloads/zolvex-deepclean/server/node_modules/express/lib/router/index.js:280:10)\n    at /Users/rrejin/Downloads/zolvex-deepclean/server/node_modules/express/lib/router/index.js:646:15\n    at next (/Users/rrejin/Downloads/zolvex-deepclean/server/node_modules/express/lib/router/index.js:265:14)\n    at router.handle (/Users/rrejin/Downloads/zolvex-deepclean/server/node_modules/express/lib/router/index.js:175:3)\n    at router (/Users/rrejin/Downloads/zolvex-deepclean/server/node_modules/express/lib/router/index.js:47:12)\n    at Layer.handle [as handle_request] (/Users/rrejin/Downloads/zolvex-deepclean/server/node_modules/express/lib/router/layer.js:95:5)\n    at trim_prefix (/Users/rrejin/Downloads/zolvex-deepclean/server/node_modules/express/lib/router/index.js:328:13)\n    at /Users/rrejin/Downloads/zolvex-deepclean/server/node_modules/express/lib/router/index.js:286:9\n    at router.process_params (/Users/rrejin/Downloads/zolvex-deepclean/server/node_modules/express/lib/router/index.js:346:12)\n    at next (/Users/rrejin/Downloads/zolvex-deepclean/server/node_modules/express/lib/router/index.js:280:10)\n    at /Users/rrejin/Downloads/zolvex-deepclean/server/node_modules/express/lib/router/index.js:646:15\n    at next (/Users/rrejin/Downloads/zolvex-deepclean/server/node_modules/express/lib/router/index.js:265:14)\n    at router.handle (/Users/rrejin/Downloads/zolvex-deepclean/server/node_modules/express/lib/router/index.js:175:3)\n    at router (/Users/rrejin/Downloads/zolvex-deepclean/server/node_modules/express/lib/router/index.js:47:12)\n    at Layer.handle [as handle_request] (/Users/rrejin/Downloads/zolvex-deepclean/server/node_modules/express/lib/router/layer.js:95:5)\n    at trim_prefix (/Users/rrejin/Downloads/zolvex-deepclean/server/node_modules/express/lib/router/index.js:328:13)\n    at /Users/rrejin/Downloads/zolvex-deepclean/server/node_modules/express/lib/router/index.js:286:9\n    at router.process_params (/Users/rrejin/Downloads/zolvex-deepclean/server/node_modules/express/lib/router/index.js:346:12)\n    at next (/Users/rrejin/Downloads/zolvex-deepclean/server/node_modules/express/lib/router/index.js:280:10)\n    at router.handle (/Users/rrejin/Downloads/zolvex-deepclean/server/node_modules/express/lib/router/index.js:175:3)\n    at router (/Users/rrejin/Downloads/zolvex-deepclean/server/node_modules/express/lib/router/index.js:47:12)\n    at Layer.handle [as handle_request] (/Users/rrejin/Downloads/zolvex-deepclean/server/node_modules/express/lib/router/layer.js:95:5)\n    at trim_prefix (/Users/rrejin/Downloads/zolvex-deepclean/server/node_modules/express/lib/router/index.js:328:13)\n    at /Users/rrejin/Downloads/zolvex-deepclean/server/node_modules/express/lib/router/index.js:286:9\n    at router.process_params (/Users/rrejin/Downloads/zolvex-deepclean/server/node_modules/express/lib/router/index.js:346:12)\n    at next (/Users/rrejin/Downloads/zolvex-deepclean/server/node_modules/express/lib/router/index.js:280:10)\n    at next (/Users/rrejin/Downloads/zolvex-deepclean/server/src/middleware/rateLimiter.js:28:27)\n    at Layer.handle [as handle_request] (/Users/rrejin/Downloads/zolvex-deepclean/server/node_modules/express/lib/router/layer.js:95:5)\n    at trim_prefix (/Users/rrejin/Downloads/zolvex-deepclean/server/node_modules/express/lib/router/index.js:328:13)\n    at /Users/rrejin/Downloads/zolvex-deepclean/server/node_modules/express/lib/router/index.js:286:9\n    at router.process_params (/Users/rrejin/Downloads/zolvex-deepclean/server/node_modules/express/lib/router/index.js:346:12)\n    at next (/Users/rrejin/Downloads/zolvex-deepclean/server/node_modules/express/lib/router/index.js:280:10)\n    at logger (/Users/rrejin/Downloads/zolvex-deepclean/server/node_modules/morgan/index.js:170:5)\n    at Layer.handle [as handle_request] (/Users/rrejin/Downloads/zolvex-deepclean/server/node_modules/express/lib/router/layer.js:95:5)\n    at trim_prefix (/Users/rrejin/Downloads/zolvex-deepclean/server/node_modules/express/lib/router/index.js:328:13)\n    at /Users/rrejin/Downloads/zolvex-deepclean/server/node_modules/express/lib/router/index.js:286:9\n    at router.process_params (/Users/rrejin/Downloads/zolvex-deepclean/server/node_modules/express/lib/router/index.js:346:12)\n    at next (/Users/rrejin/Downloads/zolvex-deepclean/server/node_modules/express/lib/router/index.js:280:10)\n    at /Users/rrejin/Downloads/zolvex-deepclean/server/node_modules/express-mongo-sanitize/index.js:122:5\n    at Layer.handle [as handle_request] (/Users/rrejin/Downloads/zolvex-deepclean/server/node_modules/express/lib/router/layer.js:95:5)\n    at trim_prefix (/Users/rrejin/Downloads/zolvex-deepclean/server/node_modules/express/lib/router/index.js:328:13)\n    at /Users/rrejin/Downloads/zolvex-deepclean/server/node_modules/express/lib/router/index.js:286:9\n    at router.process_params (/Users/rrejin/Downloads/zolvex-deepclean/server/node_modules/express/lib/router/index.js:346:12)\n    at next (/Users/rrejin/Downloads/zolvex-deepclean/server/node_modules/express/lib/router/index.js:280:10)\n    at cookieParser (/Users/rrejin/Downloads/zolvex-deepclean/server/node_modules/cookie-parser/index.js:57:14)\n    at Layer.handle [as handle_request] (/Users/rrejin/Downloads/zolvex-deepclean/server/node_modules/express/lib/router/layer.js:95:5)\n    at trim_prefix (/Users/rrejin/Downloads/zolvex-deepclean/server/node_modules/express/lib/router/index.js:328:13)\n    at /Users/rrejin/Downloads/zolvex-deepclean/server/node_modules/express/lib/router/index.js:286:9\n    at router.process_params (/Users/rrejin/Downloads/zolvex-deepclean/server/node_modules/express/lib/router/index.js:346:12)\n    at next (/Users/rrejin/Downloads/zolvex-deepclean/server/node_modules/express/lib/router/index.js:280:10)\n    at urlencodedParser (/Users/rrejin/Downloads/zolvex-deepclean/server/node_modules/body-parser/lib/types/urlencoded.js:95:7)\n    at Layer.handle [as handle_request] (/Users/rrejin/Downloads/zolvex-deepclean/server/node_modules/express/lib/router/layer.js:95:5)\n    at trim_prefix (/Users/rrejin/Downloads/zolvex-deepclean/server/node_modules/express/lib/router/index.js:328:13)\n    at /Users/rrejin/Downloads/zolvex-deepclean/server/node_modules/express/lib/router/index.js:286:9\n    at router.process_params (/Users/rrejin/Downloads/zolvex-deepclean/server/node_modules/express/lib/router/index.js:346:12)\n    at next (/Users/rrejin/Downloads/zolvex-deepclean/server/node_modules/express/lib/router/index.js:280:10)\n    at jsonParser (/Users/rrejin/Downloads/zolvex-deepclean/server/node_modules/body-parser/lib/types/json.js:117:7)\n    at Layer.handle [as handle_request] (/Users/rrejin/Downloads/zolvex-deepclean/server/node_modules/express/lib/router/layer.js:95:5)\n    at trim_prefix (/Users/rrejin/Downloads/zolvex-deepclean/server/node_modules/express/lib/router/index.js:328:13)\n    at /Users/rrejin/Downloads/zolvex-deepclean/server/node_modules/express/lib/router/index.js:286:9\n    at router.process_params (/Users/rrejin/Downloads/zolvex-deepclean/server/node_modules/express/lib/router/index.js:346:12)\n    at next (/Users/rrejin/Downloads/zolvex-deepclean/server/node_modules/express/lib/router/index.js:280:10)\n    at cors (/Users/rrejin/Downloads/zolvex-deepclean/server/node_modules/cors/lib/index.js:188:7)\n    at /Users/rrejin/Downloads/zolvex-deepclean/server/node_modules/cors/lib/index.js:224:17\n    at originCallback (/Users/rrejin/Downloads/zolvex-deepclean/server/node_modules/cors/lib/index.js:214:15)\n    at /Users/rrejin/Downloads/zolvex-deepclean/server/node_modules/cors/lib/index.js:219:13\n    at optionsCallback (/Users/rrejin/Downloads/zolvex-deepclean/server/node_modules/cors/lib/index.js:199:9)\n    at corsMiddleware (/Users/rrejin/Downloads/zolvex-deepclean/server/node_modules/cors/lib/index.js:204:7)\n    at Layer.handle [as handle_request] (/Users/rrejin/Downloads/zolvex-deepclean/server/node_modules/express/lib/router/layer.js:95:5)\n    at trim_prefix (/Users/rrejin/Downloads/zolvex-deepclean/server/node_modules/express/lib/router/index.js:328:13)","timestamp":"2026-07-30 10:31:11"}
{"level":"info","message":"::ffff:127.0.0.1 - - [30/Jul/2026:05:01:11 +0000] \"GET /api/v1/admin/analytics HTTP/1.1\" 401 93 \"-\" \"-\"","service":"zolvex-backend","timestamp":"2026-07-30 10:31:11"}
{"level":"info","message":"::ffff:127.0.0.1 - - [30/Jul/2026:05:01:11 +0000] \"GET /api/v1/admin/services HTTP/1.1\" 200 4913 \"-\" \"-\"","service":"zolvex-backend","timestamp":"2026-07-30 10:31:11"}
{"ip":"127.0.0.1","level":"error","message":"[POST] /api/v1/bookings - 400: Request validation failed","service":"zolvex-backend","stack":"Error: Request validation failed\n    at /Users/rrejin/Downloads/zolvex-deepclean/server/src/middleware/validate.js:16:21\n    at Layer.handle [as handle_request] (/Users/rrejin/Downloads/zolvex-deepclean/server/node_modules/express/lib/router/layer.js:95:5)\n    at next (/Users/rrejin/Downloads/zolvex-deepclean/server/node_modules/express/lib/router/route.js:149:13)\n    at optionalAuth (/Users/rrejin/Downloads/zolvex-deepclean/server/src/middleware/auth.js:65:3)\n    at Layer.handle [as handle_request] (/Users/rrejin/Downloads/zolvex-deepclean/server/node_modules/express/lib/router/layer.js:95:5)\n    at next (/Users/rrejin/Downloads/zolvex-deepclean/server/node_modules/express/lib/router/route.js:149:13)\n    at Route.dispatch (/Users/rrejin/Downloads/zolvex-deepclean/server/node_modules/express/lib/router/route.js:119:3)\n    at Layer.handle [as handle_request] (/Users/rrejin/Downloads/zolvex-deepclean/server/node_modules/express/lib/router/layer.js:95:5)\n    at /Users/rrejin/Downloads/zolvex-deepclean/server/node_modules/express/lib/router/index.js:284:15\n    at router.process_params (/Users/rrejin/Downloads/zolvex-deepclean/server/node_modules/express/lib/router/index.js:346:12)","timestamp":"2026-07-30 10:31:46"}
{"ip":"127.0.0.1","level":"error","message":"[GET] /api/v1/admin/analytics - 401: Authentication required. Please log in.","service":"zolvex-backend","stack":"Error: Authentication required. Please log in.\n    at authenticate (/Users/rrejin/Downloads/zolvex-deepclean/server/src/middleware/auth.js:18:13)\n    at Layer.handle [as handle_request] (/Users/rrejin/Downloads/zolvex-deepclean/server/node_modules/express/lib/router/layer.js:95:5)\n    at trim_prefix (/Users/rrejin/Downloads/zolvex-deepclean/server/node_modules/express/lib/router/index.js:328:13)\n    at /Users/rrejin/Downloads/zolvex-deepclean/server/node_modules/express/lib/router/index.js:286:9\n    at router.process_params (/Users/rrejin/Downloads/zolvex-deepclean/server/node_modules/express/lib/router/index.js:346:12)\n    at next (/Users/rrejin/Downloads/zolvex-deepclean/server/node_modules/express/lib/router/index.js:280:10)\n    at router.handle (/Users/rrejin/Downloads/zolvex-deepclean/server/node_modules/express/lib/router/index.js:175:3)\n    at router (/Users/rrejin/Downloads/zolvex-deepclean/server/node_modules/express/lib/router/index.js:47:12)\n    at Layer.handle [as handle_request] (/Users/rrejin/Downloads/zolvex-deepclean/server/node_modules/express/lib/router/layer.js:95:5)\n    at trim_prefix (/Users/rrejin/Downloads/zolvex-deepclean/server/node_modules/express/lib/router/index.js:328:13)","timestamp":"2026-07-30 10:32:40"}
{"ip":"127.0.0.1","level":"error","message":"[GET] /api/v1/admin/analytics - 401: Authentication required. Please log in.","service":"zolvex-backend","stack":"Error: Authentication required. Please log in.\n    at authenticate (/Users/rrejin/Downloads/zolvex-deepclean/server/src/middleware/auth.js:18:13)\n    at Layer.handle [as handle_request] (/Users/rrejin/Downloads/zolvex-deepclean/server/node_modules/express/lib/router/layer.js:95:5)\n    at trim_prefix (/Users/rrejin/Downloads/zolvex-deepclean/server/node_modules/express/lib/router/index.js:328:13)\n    at /Users/rrejin/Downloads/zolvex-deepclean/server/node_modules/express/lib/router/index.js:286:9\n    at router.process_params (/Users/rrejin/Downloads/zolvex-deepclean/server/node_modules/express/lib/router/index.js:346:12)\n    at next (/Users/rrejin/Downloads/zolvex-deepclean/server/node_modules/express/lib/router/index.js:280:10)\n    at router.handle (/Users/rrejin/Downloads/zolvex-deepclean/server/node_modules/express/lib/router/index.js:175:3)\n    at router (/Users/rrejin/Downloads/zolvex-deepclean/server/node_modules/express/lib/router/index.js:47:12)\n    at Layer.handle [as handle_request] (/Users/rrejin/Downloads/zolvex-deepclean/server/node_modules/express/lib/router/layer.js:95:5)\n    at trim_prefix (/Users/rrejin/Downloads/zolvex-deepclean/server/node_modules/express/lib/router/index.js:328:13)","timestamp":"2026-07-30 10:32:40"}
{"ip":"127.0.0.1","level":"error","message":"[GET] /api/v1/admin/services - 401: Authentication required. Please log in.","service":"zolvex-backend","stack":"Error: Authentication required. Please log in.\n    at authenticate (/Users/rrejin/Downloads/zolvex-deepclean/server/src/middleware/auth.js:18:13)\n    at Layer.handle [as handle_request] (/Users/rrejin/Downloads/zolvex-deepclean/server/node_modules/express/lib/router/layer.js:95:5)\n    at next (/Users/rrejin/Downloads/zolvex-deepclean/server/node_modules/express/lib/router/route.js:149:13)\n    at Route.dispatch (/Users/rrejin/Downloads/zolvex-deepclean/server/node_modules/express/lib/router/route.js:119:3)\n    at Layer.handle [as handle_request] (/Users/rrejin/Downloads/zolvex-deepclean/server/node_modules/express/lib/router/layer.js:95:5)\n    at /Users/rrejin/Downloads/zolvex-deepclean/server/node_modules/express/lib/router/index.js:284:15\n    at router.process_params (/Users/rrejin/Downloads/zolvex-deepclean/server/node_modules/express/lib/router/index.js:346:12)\n    at next (/Users/rrejin/Downloads/zolvex-deepclean/server/node_modules/express/lib/router/index.js:280:10)\n    at router.handle (/Users/rrejin/Downloads/zolvex-deepclean/server/node_modules/express/lib/router/index.js:175:3)\n    at router (/Users/rrejin/Downloads/zolvex-deepclean/server/node_modules/express/lib/router/index.js:47:12)","timestamp":"2026-07-30 10:32:44"}
{"ip":"127.0.0.1","level":"error","message":"[GET] /api/v1/admin/services - 401: Authentication required. Please log in.","service":"zolvex-backend","stack":"Error: Authentication required. Please log in.\n    at authenticate (/Users/rrejin/Downloads/zolvex-deepclean/server/src/middleware/auth.js:18:13)\n    at Layer.handle [as handle_request] (/Users/rrejin/Downloads/zolvex-deepclean/server/node_modules/express/lib/router/layer.js:95:5)\n    at next (/Users/rrejin/Downloads/zolvex-deepclean/server/node_modules/express/lib/router/route.js:149:13)\n    at Route.dispatch (/Users/rrejin/Downloads/zolvex-deepclean/server/node_modules/express/lib/router/route.js:119:3)\n    at Layer.handle [as handle_request] (/Users/rrejin/Downloads/zolvex-deepclean/server/node_modules/express/lib/router/layer.js:95:5)\n    at /Users/rrejin/Downloads/zolvex-deepclean/server/node_modules/express/lib/router/index.js:284:15\n    at router.process_params (/Users/rrejin/Downloads/zolvex-deepclean/server/node_modules/express/lib/router/index.js:346:12)\n    at next (/Users/rrejin/Downloads/zolvex-deepclean/server/node_modules/express/lib/router/index.js:280:10)\n    at router.handle (/Users/rrejin/Downloads/zolvex-deepclean/server/node_modules/express/lib/router/index.js:175:3)\n    at router (/Users/rrejin/Downloads/zolvex-deepclean/server/node_modules/express/lib/router/index.js:47:12)","timestamp":"2026-07-30 10:32:44"}
{"ip":"127.0.0.1","level":"error","message":"[GET] /api/v1/admin/bookings - 401: Authentication required. Please log in.","service":"zolvex-backend","stack":"Error: Authentication required. Please log in.\n    at authenticate (/Users/rrejin/Downloads/zolvex-deepclean/server/src/middleware/auth.js:18:13)\n    at Layer.handle [as handle_request] (/Users/rrejin/Downloads/zolvex-deepclean/server/node_modules/express/lib/router/layer.js:95:5)\n    at next (/Users/rrejin/Downloads/zolvex-deepclean/server/node_modules/express/lib/router/route.js:149:13)\n    at Route.dispatch (/Users/rrejin/Downloads/zolvex-deepclean/server/node_modules/express/lib/router/route.js:119:3)\n    at Layer.handle [as handle_request] (/Users/rrejin/Downloads/zolvex-deepclean/server/node_modules/express/lib/router/layer.js:95:5)\n    at /Users/rrejin/Downloads/zolvex-deepclean/server/node_modules/express/lib/router/index.js:284:15\n    at router.process_params (/Users/rrejin/Downloads/zolvex-deepclean/server/node_modules/express/lib/router/index.js:346:12)\n    at next (/Users/rrejin/Downloads/zolvex-deepclean/server/node_modules/express/lib/router/index.js:280:10)\n    at router.handle (/Users/rrejin/Downloads/zolvex-deepclean/server/node_modules/express/lib/router/index.js:175:3)\n    at router (/Users/rrejin/Downloads/zolvex-deepclean/server/node_modules/express/lib/router/index.js:47:12)","timestamp":"2026-07-30 10:32:49"}
{"ip":"127.0.0.1","level":"error","message":"[GET] /api/v1/admin/bookings - 401: Authentication required. Please log in.","service":"zolvex-backend","stack":"Error: Authentication required. Please log in.\n    at authenticate (/Users/rrejin/Downloads/zolvex-deepclean/server/src/middleware/auth.js:18:13)\n    at Layer.handle [as handle_request] (/Users/rrejin/Downloads/zolvex-deepclean/server/node_modules/express/lib/router/layer.js:95:5)\n    at next (/Users/rrejin/Downloads/zolvex-deepclean/server/node_modules/express/lib/router/route.js:149:13)\n    at Route.dispatch (/Users/rrejin/Downloads/zolvex-deepclean/server/node_modules/express/lib/router/route.js:119:3)\n    at Layer.handle [as handle_request] (/Users/rrejin/Downloads/zolvex-deepclean/server/node_modules/express/lib/router/layer.js:95:5)\n    at /Users/rrejin/Downloads/zolvex-deepclean/server/node_modules/express/lib/router/index.js:284:15\n    at router.process_params (/Users/rrejin/Downloads/zolvex-deepclean/server/node_modules/express/lib/router/index.js:346:12)\n    at next (/Users/rrejin/Downloads/zolvex-deepclean/server/node_modules/express/lib/router/index.js:280:10)\n    at router.handle (/Users/rrejin/Downloads/zolvex-deepclean/server/node_modules/express/lib/router/index.js:175:3)\n    at router (/Users/rrejin/Downloads/zolvex-deepclean/server/node_modules/express/lib/router/index.js:47:12)","timestamp":"2026-07-30 10:32:49"}
{"ip":"127.0.0.1","level":"error","message":"[GET] /api/v1/admin/bookings?status=pending - 401: Authentication required. Please log in.","service":"zolvex-backend","stack":"Error: Authentication required. Please log in.\n    at authenticate (/Users/rrejin/Downloads/zolvex-deepclean/server/src/middleware/auth.js:18:13)\n    at Layer.handle [as handle_request] (/Users/rrejin/Downloads/zolvex-deepclean/server/node_modules/express/lib/router/layer.js:95:5)\n    at next (/Users/rrejin/Downloads/zolvex-deepclean/server/node_modules/express/lib/router/route.js:149:13)\n    at Route.dispatch (/Users/rrejin/Downloads/zolvex-deepclean/server/node_modules/express/lib/router/route.js:119:3)\n    at Layer.handle [as handle_request] (/Users/rrejin/Downloads/zolvex-deepclean/server/node_modules/express/lib/router/layer.js:95:5)\n    at /Users/rrejin/Downloads/zolvex-deepclean/server/node_modules/express/lib/router/index.js:284:15\n    at router.process_params (/Users/rrejin/Downloads/zolvex-deepclean/server/node_modules/express/lib/router/index.js:346:12)\n    at next (/Users/rrejin/Downloads/zolvex-deepclean/server/node_modules/express/lib/router/index.js:280:10)\n    at router.handle (/Users/rrejin/Downloads/zolvex-deepclean/server/node_modules/express/lib/router/index.js:175:3)\n    at router (/Users/rrejin/Downloads/zolvex-deepclean/server/node_modules/express/lib/router/index.js:47:12)","timestamp":"2026-07-30 10:32:54"}
{"ip":"127.0.0.1","level":"error","message":"[GET] /api/v1/admin/bookings?status=confirmed - 401: Authentication required. Please log in.","service":"zolvex-backend","stack":"Error: Authentication required. Please log in.\n    at authenticate (/Users/rrejin/Downloads/zolvex-deepclean/server/src/middleware/auth.js:18:13)\n    at Layer.handle [as handle_request] (/Users/rrejin/Downloads/zolvex-deepclean/server/node_modules/express/lib/router/layer.js:95:5)\n    at next (/Users/rrejin/Downloads/zolvex-deepclean/server/node_modules/express/lib/router/route.js:149:13)\n    at Route.dispatch (/Users/rrejin/Downloads/zolvex-deepclean/server/node_modules/express/lib/router/route.js:119:3)\n    at Layer.handle [as handle_request] (/Users/rrejin/Downloads/zolvex-deepclean/server/node_modules/express/lib/router/layer.js:95:5)\n    at /Users/rrejin/Downloads/zolvex-deepclean/server/node_modules/express/lib/router/index.js:284:15\n    at router.process_params (/Users/rrejin/Downloads/zolvex-deepclean/server/node_modules/express/lib/router/index.js:346:12)\n    at next (/Users/rrejin/Downloads/zolvex-deepclean/server/node_modules/express/lib/router/index.js:280:10)\n    at router.handle (/Users/rrejin/Downloads/zolvex-deepclean/server/node_modules/express/lib/router/index.js:175:3)\n    at router (/Users/rrejin/Downloads/zolvex-deepclean/server/node_modules/express/lib/router/index.js:47:12)","timestamp":"2026-07-30 10:32:55"}
{"ip":"127.0.0.1","level":"error","message":"[GET] /api/v1/admin/offers - 401: Authentication required. Please log in.","service":"zolvex-backend","stack":"Error: Authentication required. Please log in.\n    at authenticate (/Users/rrejin/Downloads/zolvex-deepclean/server/src/middleware/auth.js:18:13)\n    at Layer.handle [as handle_request] (/Users/rrejin/Downloads/zolvex-deepclean/server/node_modules/express/lib/router/layer.js:95:5)\n    at trim_prefix (/Users/rrejin/Downloads/zolvex-deepclean/server/node_modules/express/lib/router/index.js:328:13)\n    at /Users/rrejin/Downloads/zolvex-deepclean/server/node_modules/express/lib/router/index.js:286:9\n    at router.process_params (/Users/rrejin/Downloads/zolvex-deepclean/server/node_modules/express/lib/router/index.js:346:12)\n    at next (/Users/rrejin/Downloads/zolvex-deepclean/server/node_modules/express/lib/router/index.js:280:10)\n    at router.handle (/Users/rrejin/Downloads/zolvex-deepclean/server/node_modules/express/lib/router/index.js:175:3)\n    at router (/Users/rrejin/Downloads/zolvex-deepclean/server/node_modules/express/lib/router/index.js:47:12)\n    at Layer.handle [as handle_request] (/Users/rrejin/Downloads/zolvex-deepclean/server/node_modules/express/lib/router/layer.js:95:5)\n    at trim_prefix (/Users/rrejin/Downloads/zolvex-deepclean/server/node_modules/express/lib/router/index.js:328:13)","timestamp":"2026-07-30 10:33:00"}
{"ip":"127.0.0.1","level":"error","message":"[GET] /api/v1/admin/offers - 401: Authentication required. Please log in.","service":"zolvex-backend","stack":"Error: Authentication required. Please log in.\n    at authenticate (/Users/rrejin/Downloads/zolvex-deepclean/server/src/middleware/auth.js:18:13)\n    at Layer.handle [as handle_request] (/Users/rrejin/Downloads/zolvex-deepclean/server/node_modules/express/lib/router/layer.js:95:5)\n    at trim_prefix (/Users/rrejin/Downloads/zolvex-deepclean/server/node_modules/express/lib/router/index.js:328:13)\n    at /Users/rrejin/Downloads/zolvex-deepclean/server/node_modules/express/lib/router/index.js:286:9\n    at router.process_params (/Users/rrejin/Downloads/zolvex-deepclean/server/node_modules/express/lib/router/index.js:346:12)\n    at next (/Users/rrejin/Downloads/zolvex-deepclean/server/node_modules/express/lib/router/index.js:280:10)\n    at router.handle (/Users/rrejin/Downloads/zolvex-deepclean/server/node_modules/express/lib/router/index.js:175:3)\n    at router (/Users/rrejin/Downloads/zolvex-deepclean/server/node_modules/express/lib/router/index.js:47:12)\n    at Layer.handle [as handle_request] (/Users/rrejin/Downloads/zolvex-deepclean/server/node_modules/express/lib/router/layer.js:95:5)\n    at trim_prefix (/Users/rrejin/Downloads/zolvex-deepclean/server/node_modules/express/lib/router/index.js:328:13)","timestamp":"2026-07-30 10:33:00"}
{"ip":"127.0.0.1","level":"error","message":"[GET] /api/v1/admin/reviews - 401: Authentication required. Please log in.","service":"zolvex-backend","stack":"Error: Authentication required. Please log in.\n    at authenticate (/Users/rrejin/Downloads/zolvex-deepclean/server/src/middleware/auth.js:18:13)\n    at Layer.handle [as handle_request] (/Users/rrejin/Downloads/zolvex-deepclean/server/node_modules/express/lib/router/layer.js:95:5)\n    at trim_prefix (/Users/rrejin/Downloads/zolvex-deepclean/server/node_modules/express/lib/router/index.js:328:13)\n    at /Users/rrejin/Downloads/zolvex-deepclean/server/node_modules/express/lib/router/index.js:286:9\n    at router.process_params (/Users/rrejin/Downloads/zolvex-deepclean/server/node_modules/express/lib/router/index.js:346:12)\n    at next (/Users/rrejin/Downloads/zolvex-deepclean/server/node_modules/express/lib/router/index.js:280:10)\n    at router.handle (/Users/rrejin/Downloads/zolvex-deepclean/server/node_modules/express/lib/router/index.js:175:3)\n    at router (/Users/rrejin/Downloads/zolvex-deepclean/server/node_modules/express/lib/router/index.js:47:12)\n    at Layer.handle [as handle_request] (/Users/rrejin/Downloads/zolvex-deepclean/server/node_modules/express/lib/router/layer.js:95:5)\n    at trim_prefix (/Users/rrejin/Downloads/zolvex-deepclean/server/node_modules/express/lib/router/index.js:328:13)","timestamp":"2026-07-30 10:33:05"}
{"ip":"127.0.0.1","level":"error","message":"[GET] /api/v1/admin/messages - 401: Authentication required. Please log in.","service":"zolvex-backend","stack":"Error: Authentication required. Please log in.\n    at authenticate (/Users/rrejin/Downloads/zolvex-deepclean/server/src/middleware/auth.js:18:13)\n    at Layer.handle [as handle_request] (/Users/rrejin/Downloads/zolvex-deepclean/server/node_modules/express/lib/router/layer.js:95:5)\n    at trim_prefix (/Users/rrejin/Downloads/zolvex-deepclean/server/node_modules/express/lib/router/index.js:328:13)\n    at /Users/rrejin/Downloads/zolvex-deepclean/server/node_modules/express/lib/router/index.js:286:9\n    at router.process_params (/Users/rrejin/Downloads/zolvex-deepclean/server/node_modules/express/lib/router/index.js:346:12)\n    at next (/Users/rrejin/Downloads/zolvex-deepclean/server/node_modules/express/lib/router/index.js:280:10)\n    at router.handle (/Users/rrejin/Downloads/zolvex-deepclean/server/node_modules/express/lib/router/index.js:175:3)\n    at router (/Users/rrejin/Downloads/zolvex-deepclean/server/node_modules/express/lib/router/index.js:47:12)\n    at Layer.handle [as handle_request] (/Users/rrejin/Downloads/zolvex-deepclean/server/node_modules/express/lib/router/layer.js:95:5)\n    at trim_prefix (/Users/rrejin/Downloads/zolvex-deepclean/server/node_modules/express/lib/router/index.js:328:13)","timestamp":"2026-07-30 10:33:05"}
{"ip":"127.0.0.1","level":"error","message":"[GET] /api/v1/admin/reviews - 401: Authentication required. Please log in.","service":"zolvex-backend","stack":"Error: Authentication required. Please log in.\n    at authenticate (/Users/rrejin/Downloads/zolvex-deepclean/server/src/middleware/auth.js:18:13)\n    at Layer.handle [as handle_request] (/Users/rrejin/Downloads/zolvex-deepclean/server/node_modules/express/lib/router/layer.js:95:5)\n    at trim_prefix (/Users/rrejin/Downloads/zolvex-deepclean/server/node_modules/express/lib/router/index.js:328:13)\n    at /Users/rrejin/Downloads/zolvex-deepclean/server/node_modules/express/lib/router/index.js:286:9\n    at router.process_params (/Users/rrejin/Downloads/zolvex-deepclean/server/node_modules/express/lib/router/index.js:346:12)\n    at next (/Users/rrejin/Downloads/zolvex-deepclean/server/node_modules/express/lib/router/index.js:280:10)\n    at router.handle (/Users/rrejin/Downloads/zolvex-deepclean/server/node_modules/express/lib/router/index.js:175:3)\n    at router (/Users/rrejin/Downloads/zolvex-deepclean/server/node_modules/express/lib/router/index.js:47:12)\n    at Layer.handle [as handle_request] (/Users/rrejin/Downloads/zolvex-deepclean/server/node_modules/express/lib/router/layer.js:95:5)\n    at trim_prefix (/Users/rrejin/Downloads/zolvex-deepclean/server/node_modules/express/lib/router/index.js:328:13)","timestamp":"2026-07-30 10:33:05"}
{"ip":"127.0.0.1","level":"error","message":"[GET] /api/v1/admin/messages - 401: Authentication required. Please log in.","service":"zolvex-backend","stack":"Error: Authentication required. Please log in.\n    at authenticate (/Users/rrejin/Downloads/zolvex-deepclean/server/src/middleware/auth.js:18:13)\n    at Layer.handle [as handle_request] (/Users/rrejin/Downloads/zolvex-deepclean/server/node_modules/express/lib/router/layer.js:95:5)\n    at trim_prefix (/Users/rrejin/Downloads/zolvex-deepclean/server/node_modules/express/lib/router/index.js:328:13)\n    at /Users/rrejin/Downloads/zolvex-deepclean/server/node_modules/express/lib/router/index.js:286:9\n    at router.process_params (/Users/rrejin/Downloads/zolvex-deepclean/server/node_modules/express/lib/router/index.js:346:12)\n    at next (/Users/rrejin/Downloads/zolvex-deepclean/server/node_modules/express/lib/router/index.js:280:10)\n    at router.handle (/Users/rrejin/Downloads/zolvex-deepclean/server/node_modules/express/lib/router/index.js:175:3)\n    at router (/Users/rrejin/Downloads/zolvex-deepclean/server/node_modules/express/lib/router/index.js:47:12)\n    at Layer.handle [as handle_request] (/Users/rrejin/Downloads/zolvex-deepclean/server/node_modules/express/lib/router/layer.js:95:5)\n    at trim_prefix (/Users/rrejin/Downloads/zolvex-deepclean/server/node_modules/express/lib/router/index.js:328:13)","timestamp":"2026-07-30 10:33:05"}
{"ip":"127.0.0.1","level":"error","message":"[GET] /api/v1/admin/bookings - 401: Authentication required. Please log in.","service":"zolvex-backend","stack":"Error: Authentication required. Please log in.\n    at authenticate (/Users/rrejin/Downloads/zolvex-deepclean/server/src/middleware/auth.js:18:13)\n    at Layer.handle [as handle_request] (/Users/rrejin/Downloads/zolvex-deepclean/server/node_modules/express/lib/router/layer.js:95:5)\n    at next (/Users/rrejin/Downloads/zolvex-deepclean/server/node_modules/express/lib/router/route.js:149:13)\n    at Route.dispatch (/Users/rrejin/Downloads/zolvex-deepclean/server/node_modules/express/lib/router/route.js:119:3)\n    at Layer.handle [as handle_request] (/Users/rrejin/Downloads/zolvex-deepclean/server/node_modules/express/lib/router/layer.js:95:5)\n    at /Users/rrejin/Downloads/zolvex-deepclean/server/node_modules/express/lib/router/index.js:284:15\n    at router.process_params (/Users/rrejin/Downloads/zolvex-deepclean/server/node_modules/express/lib/router/index.js:346:12)\n    at next (/Users/rrejin/Downloads/zolvex-deepclean/server/node_modules/express/lib/router/index.js:280:10)\n    at router.handle (/Users/rrejin/Downloads/zolvex-deepclean/server/node_modules/express/lib/router/index.js:175:3)\n    at router (/Users/rrejin/Downloads/zolvex-deepclean/server/node_modules/express/lib/router/index.js:47:12)","timestamp":"2026-07-30 10:33:14"}
{"ip":"127.0.0.1","level":"error","message":"[GET] /api/v1/admin/bookings - 401: Authentication required. Please log in.","service":"zolvex-backend","stack":"Error: Authentication required. Please log in.\n    at authenticate (/Users/rrejin/Downloads/zolvex-deepclean/server/src/middleware/auth.js:18:13)\n    at Layer.handle [as handle_request] (/Users/rrejin/Downloads/zolvex-deepclean/server/node_modules/express/lib/router/layer.js:95:5)\n    at next (/Users/rrejin/Downloads/zolvex-deepclean/server/node_modules/express/lib/router/route.js:149:13)\n    at Route.dispatch (/Users/rrejin/Downloads/zolvex-deepclean/server/node_modules/express/lib/router/route.js:119:3)\n    at Layer.handle [as handle_request] (/Users/rrejin/Downloads/zolvex-deepclean/server/node_modules/express/lib/router/layer.js:95:5)\n    at /Users/rrejin/Downloads/zolvex-deepclean/server/node_modules/express/lib/router/index.js:284:15\n    at router.process_params (/Users/rrejin/Downloads/zolvex-deepclean/server/node_modules/express/lib/router/index.js:346:12)\n    at next (/Users/rrejin/Downloads/zolvex-deepclean/server/node_modules/express/lib/router/index.js:280:10)\n    at router.handle (/Users/rrejin/Downloads/zolvex-deepclean/server/node_modules/express/lib/router/index.js:175:3)\n    at router (/Users/rrejin/Downloads/zolvex-deepclean/server/node_modules/express/lib/router/index.js:47:12)","timestamp":"2026-07-30 10:33:14"}
{"ip":"127.0.0.1","level":"error","message":"[GET] /api/v1/admin/bookings - 401: Authentication required. Please log in.","service":"zolvex-backend","stack":"Error: Authentication required. Please log in.\n    at authenticate (/Users/rrejin/Downloads/zolvex-deepclean/server/src/middleware/auth.js:18:13)\n    at Layer.handle [as handle_request] (/Users/rrejin/Downloads/zolvex-deepclean/server/node_modules/express/lib/router/layer.js:95:5)\n    at next (/Users/rrejin/Downloads/zolvex-deepclean/server/node_modules/express/lib/router/route.js:149:13)\n    at Route.dispatch (/Users/rrejin/Downloads/zolvex-deepclean/server/node_modules/express/lib/router/route.js:119:3)\n    at Layer.handle [as handle_request] (/Users/rrejin/Downloads/zolvex-deepclean/server/node_modules/express/lib/router/layer.js:95:5)\n    at /Users/rrejin/Downloads/zolvex-deepclean/server/node_modules/express/lib/router/index.js:284:15\n    at router.process_params (/Users/rrejin/Downloads/zolvex-deepclean/server/node_modules/express/lib/router/index.js:346:12)\n    at next (/Users/rrejin/Downloads/zolvex-deepclean/server/node_modules/express/lib/router/index.js:280:10)\n    at router.handle (/Users/rrejin/Downloads/zolvex-deepclean/server/node_modules/express/lib/router/index.js:175:3)\n    at router (/Users/rrejin/Downloads/zolvex-deepclean/server/node_modules/express/lib/router/index.js:47:12)","timestamp":"2026-07-30 10:33:16"}
{"ip":"127.0.0.1","level":"error","message":"[GET] /api/v1/admin/bookings - 401: Authentication required. Please log in.","service":"zolvex-backend","stack":"Error: Authentication required. Please log in.\n    at authenticate (/Users/rrejin/Downloads/zolvex-deepclean/server/src/middleware/auth.js:18:13)\n    at Layer.handle [as handle_request] (/Users/rrejin/Downloads/zolvex-deepclean/server/node_modules/express/lib/router/layer.js:95:5)\n    at next (/Users/rrejin/Downloads/zolvex-deepclean/server/node_modules/express/lib/router/route.js:149:13)\n    at Route.dispatch (/Users/rrejin/Downloads/zolvex-deepclean/server/node_modules/express/lib/router/route.js:119:3)\n    at Layer.handle [as handle_request] (/Users/rrejin/Downloads/zolvex-deepclean/server/node_modules/express/lib/router/layer.js:95:5)\n    at /Users/rrejin/Downloads/zolvex-deepclean/server/node_modules/express/lib/router/index.js:284:15\n    at router.process_params (/Users/rrejin/Downloads/zolvex-deepclean/server/node_modules/express/lib/router/index.js:346:12)\n    at next (/Users/rrejin/Downloads/zolvex-deepclean/server/node_modules/express/lib/router/index.js:280:10)\n    at router.handle (/Users/rrejin/Downloads/zolvex-deepclean/server/node_modules/express/lib/router/index.js:175:3)\n    at router (/Users/rrejin/Downloads/zolvex-deepclean/server/node_modules/express/lib/router/index.js:47:12)","timestamp":"2026-07-30 10:33:16"}
{"ip":"127.0.0.1","level":"error","message":"[GET] /api/v1/admin/bookings - 401: Authentication required. Please log in.","service":"zolvex-backend","stack":"Error: Authentication required. Please log in.\n    at authenticate (/Users/rrejin/Downloads/zolvex-deepclean/server/src/middleware/auth.js:18:13)\n    at Layer.handle [as handle_request] (/Users/rrejin/Downloads/zolvex-deepclean/server/node_modules/express/lib/router/layer.js:95:5)\n    at next (/Users/rrejin/Downloads/zolvex-deepclean/server/node_modules/express/lib/router/route.js:149:13)\n    at Route.dispatch (/Users/rrejin/Downloads/zolvex-deepclean/server/node_modules/express/lib/router/route.js:119:3)\n    at Layer.handle [as handle_request] (/Users/rrejin/Downloads/zolvex-deepclean/server/node_modules/express/lib/router/layer.js:95:5)\n    at /Users/rrejin/Downloads/zolvex-deepclean/server/node_modules/express/lib/router/index.js:284:15\n    at router.process_params (/Users/rrejin/Downloads/zolvex-deepclean/server/node_modules/express/lib/router/index.js:346:12)\n    at next (/Users/rrejin/Downloads/zolvex-deepclean/server/node_modules/express/lib/router/index.js:280:10)\n    at router.handle (/Users/rrejin/Downloads/zolvex-deepclean/server/node_modules/express/lib/router/index.js:175:3)\n    at router (/Users/rrejin/Downloads/zolvex-deepclean/server/node_modules/express/lib/router/index.js:47:12)","timestamp":"2026-07-30 10:33:16"}
{"ip":"127.0.0.1","level":"error","message":"[GET] /api/v1/admin/bookings - 401: Authentication required. Please log in.","service":"zolvex-backend","stack":"Error: Authentication required. Please log in.\n    at authenticate (/Users/rrejin/Downloads/zolvex-deepclean/server/src/middleware/auth.js:18:13)\n    at Layer.handle [as handle_request] (/Users/rrejin/Downloads/zolvex-deepclean/server/node_modules/express/lib/router/layer.js:95:5)\n    at next (/Users/rrejin/Downloads/zolvex-deepclean/server/node_modules/express/lib/router/route.js:149:13)\n    at Route.dispatch (/Users/rrejin/Downloads/zolvex-deepclean/server/node_modules/express/lib/router/route.js:119:3)\n    at Layer.handle [as handle_request] (/Users/rrejin/Downloads/zolvex-deepclean/server/node_modules/express/lib/router/layer.js:95:5)\n    at /Users/rrejin/Downloads/zolvex-deepclean/server/node_modules/express/lib/router/index.js:284:15\n    at router.process_params (/Users/rrejin/Downloads/zolvex-deepclean/server/node_modules/express/lib/router/index.js:346:12)\n    at next (/Users/rrejin/Downloads/zolvex-deepclean/server/node_modules/express/lib/router/index.js:280:10)\n    at router.handle (/Users/rrejin/Downloads/zolvex-deepclean/server/node_modules/express/lib/router/index.js:175:3)\n    at router (/Users/rrejin/Downloads/zolvex-deepclean/server/node_modules/express/lib/router/index.js:47:12)","timestamp":"2026-07-30 10:33:16"}
{"ip":"127.0.0.1","level":"error","message":"[GET] /api/v1/admin/bookings - 401: Authentication required. Please log in.","service":"zolvex-backend","stack":"Error: Authentication required. Please log in.\n    at authenticate (/Users/rrejin/Downloads/zolvex-deepclean/server/src/middleware/auth.js:18:13)\n    at Layer.handle [as handle_request] (/Users/rrejin/Downloads/zolvex-deepclean/server/node_modules/express/lib/router/layer.js:95:5)\n    at next (/Users/rrejin/Downloads/zolvex-deepclean/server/node_modules/express/lib/router/route.js:149:13)\n    at Route.dispatch (/Users/rrejin/Downloads/zolvex-deepclean/server/node_modules/express/lib/router/route.js:119:3)\n    at Layer.handle [as handle_request] (/Users/rrejin/Downloads/zolvex-deepclean/server/node_modules/express/lib/router/layer.js:95:5)\n    at /Users/rrejin/Downloads/zolvex-deepclean/server/node_modules/express/lib/router/index.js:284:15\n    at router.process_params (/Users/rrejin/Downloads/zolvex-deepclean/server/node_modules/express/lib/router/index.js:346:12)\n    at next (/Users/rrejin/Downloads/zolvex-deepclean/server/node_modules/express/lib/router/index.js:280:10)\n    at router.handle (/Users/rrejin/Downloads/zolvex-deepclean/server/node_modules/express/lib/router/index.js:175:3)\n    at router (/Users/rrejin/Downloads/zolvex-deepclean/server/node_modules/express/lib/router/index.js:47:12)","timestamp":"2026-07-30 10:33:17"}
{"ip":"127.0.0.1","level":"error","message":"[GET] /api/v1/admin/bookings - 401: Authentication required. Please log in.","service":"zolvex-backend","stack":"Error: Authentication required. Please log in.\n    at authenticate (/Users/rrejin/Downloads/zolvex-deepclean/server/src/middleware/auth.js:18:13)\n    at Layer.handle [as handle_request] (/Users/rrejin/Downloads/zolvex-deepclean/server/node_modules/express/lib/router/layer.js:95:5)\n    at next (/Users/rrejin/Downloads/zolvex-deepclean/server/node_modules/express/lib/router/route.js:149:13)\n    at Route.dispatch (/Users/rrejin/Downloads/zolvex-deepclean/server/node_modules/express/lib/router/route.js:119:3)\n    at Layer.handle [as handle_request] (/Users/rrejin/Downloads/zolvex-deepclean/server/node_modules/express/lib/router/layer.js:95:5)\n    at /Users/rrejin/Downloads/zolvex-deepclean/server/node_modules/express/lib/router/index.js:284:15\n    at router.process_params (/Users/rrejin/Downloads/zolvex-deepclean/server/node_modules/express/lib/router/index.js:346:12)\n    at next (/Users/rrejin/Downloads/zolvex-deepclean/server/node_modules/express/lib/router/index.js:280:10)\n    at router.handle (/Users/rrejin/Downloads/zolvex-deepclean/server/node_modules/express/lib/router/index.js:175:3)\n    at router (/Users/rrejin/Downloads/zolvex-deepclean/server/node_modules/express/lib/router/index.js:47:12)","timestamp":"2026-07-30 10:33:17"}
{"level":"info","message":"::ffff:127.0.0.1 - - [30/Jul/2026:05:18:30 +0000] \"GET /api/v1/health HTTP/1.1\" 200 326 \"-\" \"-\"","service":"zolvex-backend","timestamp":"2026-07-30 10:48:30"}
{"level":"info","message":"::ffff:127.0.0.1 - - [30/Jul/2026:05:18:30 +0000] \"POST /api/v1/auth/login HTTP/1.1\" 200 463 \"-\" \"-\"","service":"zolvex-backend","timestamp":"2026-07-30 10:48:30"}
{"ip":"::ffff:127.0.0.1","level":"error","message":"[POST] /api/v1/auth/login - 401: Invalid email or password","service":"zolvex-backend","stack":"Error: Invalid email or password\n    at AuthService.login (/Users/rrejin/Downloads/zolvex-deepclean/server/src/services/authService.js:74:13)\n    at /Users/rrejin/Downloads/zolvex-deepclean/server/src/controllers/authController.js:23:18","timestamp":"2026-07-30 10:48:30"}
{"level":"info","message":"::ffff:127.0.0.1 - - [30/Jul/2026:05:18:30 +0000] \"POST /api/v1/auth/login HTTP/1.1\" 401 79 \"-\" \"-\"","service":"zolvex-backend","timestamp":"2026-07-30 10:48:30"}
{"level":"info","message":"::ffff:127.0.0.1 - - [30/Jul/2026:05:18:30 +0000] \"GET /api/v1/services HTTP/1.1\" 200 4915 \"-\" \"-\"","service":"zolvex-backend","timestamp":"2026-07-30 10:48:30"}
{"level":"info","message":"::ffff:127.0.0.1 - - [30/Jul/2026:05:18:30 +0000] \"GET /api/v1/services HTTP/1.1\" 200 4915 \"-\" \"-\"","service":"zolvex-backend","timestamp":"2026-07-30 10:48:30"}
{"level":"info","message":"::ffff:127.0.0.1 - - [30/Jul/2026:05:18:30 +0000] \"GET /api/v1/services/deep-cleaning HTTP/1.1\" 200 1217 \"-\" \"-\"","service":"zolvex-backend","timestamp":"2026-07-30 10:48:30"}
{"level":"info","message":"::ffff:127.0.0.1 - - [30/Jul/2026:05:18:30 +0000] \"POST /api/v1/price/calculate HTTP/1.1\" 200 209 \"-\" \"-\"","service":"zolvex-backend","timestamp":"2026-07-30 10:48:30"}
{"level":"info","message":"::ffff:127.0.0.1 - - [30/Jul/2026:05:18:30 +0000] \"POST /api/v1/bookings HTTP/1.1\" 201 747 \"-\" \"-\"","service":"zolvex-backend","timestamp":"2026-07-30 10:48:30"}
{"level":"info","message":"::ffff:127.0.0.1 - - [30/Jul/2026:05:18:30 +0000] \"GET /api/v1/bookings/track/ZLV-2026-6147 HTTP/1.1\" 200 743 \"-\" \"-\"","service":"zolvex-backend","timestamp":"2026-07-30 10:48:30"}
{"ip":"::ffff:127.0.0.1","level":"error","message":"[GET] /api/v1/admin/bookings - 401: Authentication required. Please log in.","service":"zolvex-backend","stack":"Error: Authentication required. Please log in.\n    at authenticate (/Users/rrejin/Downloads/zolvex-deepclean/server/src/middleware/auth.js:18:13)\n    at Layer.handle [as handle_request] (/Users/rrejin/Downloads/zolvex-deepclean/server/node_modules/express/lib/router/layer.js:95:5)\n    at next (/Users/rrejin/Downloads/zolvex-deepclean/server/node_modules/express/lib/router/route.js:149:13)\n    at Route.dispatch (/Users/rrejin/Downloads/zolvex-deepclean/server/node_modules/express/lib/router/route.js:119:3)\n    at Layer.handle [as handle_request] (/Users/rrejin/Downloads/zolvex-deepclean/server/node_modules/express/lib/router/layer.js:95:5)\n    at /Users/rrejin/Downloads/zolvex-deepclean/server/node_modules/express/lib/router/index.js:284:15\n    at router.process_params (/Users/rrejin/Downloads/zolvex-deepclean/server/node_modules/express/lib/router/index.js:346:12)\n    at next (/Users/rrejin/Downloads/zolvex-deepclean/server/node_modules/express/lib/router/index.js:280:10)\n    at router.handle (/Users/rrejin/Downloads/zolvex-deepclean/server/node_modules/express/lib/router/index.js:175:3)\n    at router (/Users/rrejin/Downloads/zolvex-deepclean/server/node_modules/express/lib/router/index.js:47:12)\n    at Layer.handle [as handle_request] (/Users/rrejin/Downloads/zolvex-deepclean/server/node_modules/express/lib/router/layer.js:95:5)\n    at trim_prefix (/Users/rrejin/Downloads/zolvex-deepclean/server/node_modules/express/lib/router/index.js:328:13)\n    at /Users/rrejin/Downloads/zolvex-deepclean/server/node_modules/express/lib/router/index.js:286:9\n    at router.process_params (/Users/rrejin/Downloads/zolvex-deepclean/server/node_modules/express/lib/router/index.js:346:12)\n    at next (/Users/rrejin/Downloads/zolvex-deepclean/server/node_modules/express/lib/router/index.js:280:10)\n    at /Users/rrejin/Downloads/zolvex-deepclean/server/node_modules/express/lib/router/index.js:646:15\n    at next (/Users/rrejin/Downloads/zolvex-deepclean/server/node_modules/express/lib/router/index.js:265:14)\n    at router.handle (/Users/rrejin/Downloads/zolvex-deepclean/server/node_modules/express/lib/router/index.js:175:3)\n    at router (/Users/rrejin/Downloads/zolvex-deepclean/server/node_modules/express/lib/router/index.js:47:12)\n    at Layer.handle [as handle_request] (/Users/rrejin/Downloads/zolvex-deepclean/server/node_modules/express/lib/router/layer.js:95:5)\n    at trim_prefix (/Users/rrejin/Downloads/zolvex-deepclean/server/node_modules/express/lib/router/index.js:328:13)\n    at /Users/rrejin/Downloads/zolvex-deepclean/server/node_modules/express/lib/router/index.js:286:9\n    at router.process_params (/Users/rrejin/Downloads/zolvex-deepclean/server/node_modules/express/lib/router/index.js:346:12)\n    at next (/Users/rrejin/Downloads/zolvex-deepclean/server/node_modules/express/lib/router/index.js:280:10)\n    at /Users/rrejin/Downloads/zolvex-deepclean/server/node_modules/express/lib/router/index.js:646:15\n    at next (/Users/rrejin/Downloads/zolvex-deepclean/server/node_modules/express/lib/router/index.js:265:14)\n    at router.handle (/Users/rrejin/Downloads/zolvex-deepclean/server/node_modules/express/lib/router/index.js:175:3)\n    at router (/Users/rrejin/Downloads/zolvex-deepclean/server/node_modules/express/lib/router/index.js:47:12)\n    at Layer.handle [as handle_request] (/Users/rrejin/Downloads/zolvex-deepclean/server/node_modules/express/lib/router/layer.js:95:5)\n    at trim_prefix (/Users/rrejin/Downloads/zolvex-deepclean/server/node_modules/express/lib/router/index.js:328:13)\n    at /Users/rrejin/Downloads/zolvex-deepclean/server/node_modules/express/lib/router/index.js:286:9\n    at router.process_params (/Users/rrejin/Downloads/zolvex-deepclean/server/node_modules/express/lib/router/index.js:346:12)\n    at next (/Users/rrejin/Downloads/zolvex-deepclean/server/node_modules/express/lib/router/index.js:280:10)\n    at /Users/rrejin/Downloads/zolvex-deepclean/server/node_modules/express/lib/router/index.js:646:15\n    at next (/Users/rrejin/Downloads/zolvex-deepclean/server/node_modules/express/lib/router/index.js:265:14)\n    at router.handle (/Users/rrejin/Downloads/zolvex-deepclean/server/node_modules/express/lib/router/index.js:175:3)\n    at router (/Users/rrejin/Downloads/zolvex-deepclean/server/node_modules/express/lib/router/index.js:47:12)\n    at Layer.handle [as handle_request] (/Users/rrejin/Downloads/zolvex-deepclean/server/node_modules/express/lib/router/layer.js:95:5)\n    at trim_prefix (/Users/rrejin/Downloads/zolvex-deepclean/server/node_modules/express/lib/router/index.js:328:13)\n    at /Users/rrejin/Downloads/zolvex-deepclean/server/node_modules/express/lib/router/index.js:286:9\n    at router.process_params (/Users/rrejin/Downloads/zolvex-deepclean/server/node_modules/express/lib/router/index.js:346:12)\n    at next (/Users/rrejin/Downloads/zolvex-deepclean/server/node_modules/express/lib/router/index.js:280:10)\n    at router.handle (/Users/rrejin/Downloads/zolvex-deepclean/server/node_modules/express/lib/router/index.js:175:3)\n    at router (/Users/rrejin/Downloads/zolvex-deepclean/server/node_modules/express/lib/router/index.js:47:12)\n    at Layer.handle [as handle_request] (/Users/rrejin/Downloads/zolvex-deepclean/server/node_modules/express/lib/router/layer.js:95:5)\n    at trim_prefix (/Users/rrejin/Downloads/zolvex-deepclean/server/node_modules/express/lib/router/index.js:328:13)\n    at /Users/rrejin/Downloads/zolvex-deepclean/server/node_modules/express/lib/router/index.js:286:9\n    at router.process_params (/Users/rrejin/Downloads/zolvex-deepclean/server/node_modules/express/lib/router/index.js:346:12)\n    at next (/Users/rrejin/Downloads/zolvex-deepclean/server/node_modules/express/lib/router/index.js:280:10)\n    at next (/Users/rrejin/Downloads/zolvex-deepclean/server/src/middleware/rateLimiter.js:28:27)\n    at Layer.handle [as handle_request] (/Users/rrejin/Downloads/zolvex-deepclean/server/node_modules/express/lib/router/layer.js:95:5)\n    at trim_prefix (/Users/rrejin/Downloads/zolvex-deepclean/server/node_modules/express/lib/router/index.js:328:13)\n    at /Users/rrejin/Downloads/zolvex-deepclean/server/node_modules/express/lib/router/index.js:286:9\n    at router.process_params (/Users/rrejin/Downloads/zolvex-deepclean/server/node_modules/express/lib/router/index.js:346:12)\n    at next (/Users/rrejin/Downloads/zolvex-deepclean/server/node_modules/express/lib/router/index.js:280:10)\n    at logger (/Users/rrejin/Downloads/zolvex-deepclean/server/node_modules/morgan/index.js:170:5)\n    at Layer.handle [as handle_request] (/Users/rrejin/Downloads/zolvex-deepclean/server/node_modules/express/lib/router/layer.js:95:5)\n    at trim_prefix (/Users/rrejin/Downloads/zolvex-deepclean/server/node_modules/express/lib/router/index.js:328:13)\n    at /Users/rrejin/Downloads/zolvex-deepclean/server/node_modules/express/lib/router/index.js:286:9\n    at router.process_params (/Users/rrejin/Downloads/zolvex-deepclean/server/node_modules/express/lib/router/index.js:346:12)\n    at next (/Users/rrejin/Downloads/zolvex-deepclean/server/node_modules/express/lib/router/index.js:280:10)\n    at /Users/rrejin/Downloads/zolvex-deepclean/server/node_modules/express-mongo-sanitize/index.js:122:5\n    at Layer.handle [as handle_request] (/Users/rrejin/Downloads/zolvex-deepclean/server/node_modules/express/lib/router/layer.js:95:5)\n    at trim_prefix (/Users/rrejin/Downloads/zolvex-deepclean/server/node_modules/express/lib/router/index.js:328:13)\n    at /Users/rrejin/Downloads/zolvex-deepclean/server/node_modules/express/lib/router/index.js:286:9\n    at router.process_params (/Users/rrejin/Downloads/zolvex-deepclean/server/node_modules/express/lib/router/index.js:346:12)\n    at next (/Users/rrejin/Downloads/zolvex-deepclean/server/node_modules/express/lib/router/index.js:280:10)\n    at cookieParser (/Users/rrejin/Downloads/zolvex-deepclean/server/node_modules/cookie-parser/index.js:57:14)\n    at Layer.handle [as handle_request] (/Users/rrejin/Downloads/zolvex-deepclean/server/node_modules/express/lib/router/layer.js:95:5)\n    at trim_prefix (/Users/rrejin/Downloads/zolvex-deepclean/server/node_modules/express/lib/router/index.js:328:13)\n    at /Users/rrejin/Downloads/zolvex-deepclean/server/node_modules/express/lib/router/index.js:286:9\n    at router.process_params (/Users/rrejin/Downloads/zolvex-deepclean/server/node_modules/express/lib/router/index.js:346:12)\n    at next (/Users/rrejin/Downloads/zolvex-deepclean/server/node_modules/express/lib/router/index.js:280:10)\n    at urlencodedParser (/Users/rrejin/Downloads/zolvex-deepclean/server/node_modules/body-parser/lib/types/urlencoded.js:95:7)\n    at Layer.handle [as handle_request] (/Users/rrejin/Downloads/zolvex-deepclean/server/node_modules/express/lib/router/layer.js:95:5)\n    at trim_prefix (/Users/rrejin/Downloads/zolvex-deepclean/server/node_modules/express/lib/router/index.js:328:13)\n    at /Users/rrejin/Downloads/zolvex-deepclean/server/node_modules/express/lib/router/index.js:286:9\n    at router.process_params (/Users/rrejin/Downloads/zolvex-deepclean/server/node_modules/express/lib/router/index.js:346:12)\n    at next (/Users/rrejin/Downloads/zolvex-deepclean/server/node_modules/express/lib/router/index.js:280:10)\n    at jsonParser (/Users/rrejin/Downloads/zolvex-deepclean/server/node_modules/body-parser/lib/types/json.js:117:7)\n    at Layer.handle [as handle_request] (/Users/rrejin/Downloads/zolvex-deepclean/server/node_modules/express/lib/router/layer.js:95:5)\n    at trim_prefix (/Users/rrejin/Downloads/zolvex-deepclean/server/node_modules/express/lib/router/index.js:328:13)\n    at /Users/rrejin/Downloads/zolvex-deepclean/server/node_modules/express/lib/router/index.js:286:9\n    at router.process_params (/Users/rrejin/Downloads/zolvex-deepclean/server/node_modules/express/lib/router/index.js:346:12)\n    at next (/Users/rrejin/Downloads/zolvex-deepclean/server/node_modules/express/lib/router/index.js:280:10)\n    at cors (/Users/rrejin/Downloads/zolvex-deepclean/server/node_modules/cors/lib/index.js:188:7)\n    at /Users/rrejin/Downloads/zolvex-deepclean/server/node_modules/cors/lib/index.js:224:17\n    at originCallback (/Users/rrejin/Downloads/zolvex-deepclean/server/node_modules/cors/lib/index.js:214:15)\n    at /Users/rrejin/Downloads/zolvex-deepclean/server/node_modules/cors/lib/index.js:219:13\n    at optionsCallback (/Users/rrejin/Downloads/zolvex-deepclean/server/node_modules/cors/lib/index.js:199:9)\n    at corsMiddleware (/Users/rrejin/Downloads/zolvex-deepclean/server/node_modules/cors/lib/index.js:204:7)\n    at Layer.handle [as handle_request] (/Users/rrejin/Downloads/zolvex-deepclean/server/node_modules/express/lib/router/layer.js:95:5)\n    at trim_prefix (/Users/rrejin/Downloads/zolvex-deepclean/server/node_modules/express/lib/router/index.js:328:13)\n    at /Users/rrejin/Downloads/zolvex-deepclean/server/node_modules/express/lib/router/index.js:286:9\n    at router.process_params (/Users/rrejin/Downloads/zolvex-deepclean/server/node_modules/express/lib/router/index.js:346:12)\n    at next (/Users/rrejin/Downloads/zolvex-deepclean/server/node_modules/express/lib/router/index.js:280:10)\n    at internalNext (/Users/rrejin/Downloads/zolvex-deepclean/server/node_modules/helmet/index.cjs:558:6)\n    at xXssProtectionMiddleware (/Users/rrejin/Downloads/zolvex-deepclean/server/node_modules/helmet/index.cjs:338:3)\n    at internalNext (/Users/rrejin/Downloads/zolvex-deepclean/server/node_modules/helmet/index.cjs:556:6)\n    at xPoweredByMiddleware (/Users/rrejin/Downloads/zolvex-deepclean/server/node_modules/helmet/index.cjs:331:3)","timestamp":"2026-07-30 10:48:30"}
{"level":"info","message":"::ffff:127.0.0.1 - - [30/Jul/2026:05:18:30 +0000] \"GET /api/v1/admin/bookings HTTP/1.1\" 401 93 \"-\" \"-\"","service":"zolvex-backend","timestamp":"2026-07-30 10:48:30"}
{"ip":"::ffff:127.0.0.1","level":"error","message":"[GET] /api/v1/admin/services - 401: Authentication required. Please log in.","service":"zolvex-backend","stack":"Error: Authentication required. Please log in.\n    at authenticate (/Users/rrejin/Downloads/zolvex-deepclean/server/src/middleware/auth.js:18:13)\n    at Layer.handle [as handle_request] (/Users/rrejin/Downloads/zolvex-deepclean/server/node_modules/express/lib/router/layer.js:95:5)\n    at next (/Users/rrejin/Downloads/zolvex-deepclean/server/node_modules/express/lib/router/route.js:149:13)\n    at Route.dispatch (/Users/rrejin/Downloads/zolvex-deepclean/server/node_modules/express/lib/router/route.js:119:3)\n    at Layer.handle [as handle_request] (/Users/rrejin/Downloads/zolvex-deepclean/server/node_modules/express/lib/router/layer.js:95:5)\n    at /Users/rrejin/Downloads/zolvex-deepclean/server/node_modules/express/lib/router/index.js:284:15\n    at router.process_params (/Users/rrejin/Downloads/zolvex-deepclean/server/node_modules/express/lib/router/index.js:346:12)\n    at next (/Users/rrejin/Downloads/zolvex-deepclean/server/node_modules/express/lib/router/index.js:280:10)\n    at router.handle (/Users/rrejin/Downloads/zolvex-deepclean/server/node_modules/express/lib/router/index.js:175:3)\n    at router (/Users/rrejin/Downloads/zolvex-deepclean/server/node_modules/express/lib/router/index.js:47:12)\n    at Layer.handle [as handle_request] (/Users/rrejin/Downloads/zolvex-deepclean/server/node_modules/express/lib/router/layer.js:95:5)\n    at trim_prefix (/Users/rrejin/Downloads/zolvex-deepclean/server/node_modules/express/lib/router/index.js:328:13)\n    at /Users/rrejin/Downloads/zolvex-deepclean/server/node_modules/express/lib/router/index.js:286:9\n    at router.process_params (/Users/rrejin/Downloads/zolvex-deepclean/server/node_modules/express/lib/router/index.js:346:12)\n    at next (/Users/rrejin/Downloads/zolvex-deepclean/server/node_modules/express/lib/router/index.js:280:10)\n    at /Users/rrejin/Downloads/zolvex-deepclean/server/node_modules/express/lib/router/index.js:646:15\n    at next (/Users/rrejin/Downloads/zolvex-deepclean/server/node_modules/express/lib/router/index.js:265:14)\n    at router.handle (/Users/rrejin/Downloads/zolvex-deepclean/server/node_modules/express/lib/router/index.js:175:3)\n    at router (/Users/rrejin/Downloads/zolvex-deepclean/server/node_modules/express/lib/router/index.js:47:12)\n    at Layer.handle [as handle_request] (/Users/rrejin/Downloads/zolvex-deepclean/server/node_modules/express/lib/router/layer.js:95:5)\n    at trim_prefix (/Users/rrejin/Downloads/zolvex-deepclean/server/node_modules/express/lib/router/index.js:328:13)\n    at /Users/rrejin/Downloads/zolvex-deepclean/server/node_modules/express/lib/router/index.js:286:9\n    at router.process_params (/Users/rrejin/Downloads/zolvex-deepclean/server/node_modules/express/lib/router/index.js:346:12)\n    at next (/Users/rrejin/Downloads/zolvex-deepclean/server/node_modules/express/lib/router/index.js:280:10)\n    at router.handle (/Users/rrejin/Downloads/zolvex-deepclean/server/node_modules/express/lib/router/index.js:175:3)\n    at router (/Users/rrejin/Downloads/zolvex-deepclean/server/node_modules/express/lib/router/index.js:47:12)\n    at Layer.handle [as handle_request] (/Users/rrejin/Downloads/zolvex-deepclean/server/node_modules/express/lib/router/layer.js:95:5)\n    at trim_prefix (/Users/rrejin/Downloads/zolvex-deepclean/server/node_modules/express/lib/router/index.js:328:13)\n    at /Users/rrejin/Downloads/zolvex-deepclean/server/node_modules/express/lib/router/index.js:286:9\n    at router.process_params (/Users/rrejin/Downloads/zolvex-deepclean/server/node_modules/express/lib/router/index.js:346:12)\n    at next (/Users/rrejin/Downloads/zolvex-deepclean/server/node_modules/express/lib/router/index.js:280:10)\n    at next (/Users/rrejin/Downloads/zolvex-deepclean/server/src/middleware/rateLimiter.js:28:27)\n    at Layer.handle [as handle_request] (/Users/rrejin/Downloads/zolvex-deepclean/server/node_modules/express/lib/router/layer.js:95:5)\n    at trim_prefix (/Users/rrejin/Downloads/zolvex-deepclean/server/node_modules/express/lib/router/index.js:328:13)\n    at /Users/rrejin/Downloads/zolvex-deepclean/server/node_modules/express/lib/router/index.js:286:9\n    at router.process_params (/Users/rrejin/Downloads/zolvex-deepclean/server/node_modules/express/lib/router/index.js:346:12)\n    at next (/Users/rrejin/Downloads/zolvex-deepclean/server/node_modules/express/lib/router/index.js:280:10)\n    at logger (/Users/rrejin/Downloads/zolvex-deepclean/server/node_modules/morgan/index.js:170:5)\n    at Layer.handle [as handle_request] (/Users/rrejin/Downloads/zolvex-deepclean/server/node_modules/express/lib/router/layer.js:95:5)\n    at trim_prefix (/Users/rrejin/Downloads/zolvex-deepclean/server/node_modules/express/lib/router/index.js:328:13)\n    at /Users/rrejin/Downloads/zolvex-deepclean/server/node_modules/express/lib/router/index.js:286:9\n    at router.process_params (/Users/rrejin/Downloads/zolvex-deepclean/server/node_modules/express/lib/router/index.js:346:12)\n    at next (/Users/rrejin/Downloads/zolvex-deepclean/server/node_modules/express/lib/router/index.js:280:10)\n    at /Users/rrejin/Downloads/zolvex-deepclean/server/node_modules/express-mongo-sanitize/index.js:122:5\n    at Layer.handle [as handle_request] (/Users/rrejin/Downloads/zolvex-deepclean/server/node_modules/express/lib/router/layer.js:95:5)\n    at trim_prefix (/Users/rrejin/Downloads/zolvex-deepclean/server/node_modules/express/lib/router/index.js:328:13)\n    at /Users/rrejin/Downloads/zolvex-deepclean/server/node_modules/express/lib/router/index.js:286:9\n    at router.process_params (/Users/rrejin/Downloads/zolvex-deepclean/server/node_modules/express/lib/router/index.js:346:12)\n    at next (/Users/rrejin/Downloads/zolvex-deepclean/server/node_modules/express/lib/router/index.js:280:10)\n    at cookieParser (/Users/rrejin/Downloads/zolvex-deepclean/server/node_modules/cookie-parser/index.js:57:14)\n    at Layer.handle [as handle_request] (/Users/rrejin/Downloads/zolvex-deepclean/server/node_modules/express/lib/router/layer.js:95:5)\n    at trim_prefix (/Users/rrejin/Downloads/zolvex-deepclean/server/node_modules/express/lib/router/index.js:328:13)\n    at /Users/rrejin/Downloads/zolvex-deepclean/server/node_modules/express/lib/router/index.js:286:9\n    at router.process_params (/Users/rrejin/Downloads/zolvex-deepclean/server/node_modules/express/lib/router/index.js:346:12)\n    at next (/Users/rrejin/Downloads/zolvex-deepclean/server/node_modules/express/lib/router/index.js:280:10)\n    at urlencodedParser (/Users/rrejin/Downloads/zolvex-deepclean/server/node_modules/body-parser/lib/types/urlencoded.js:95:7)\n    at Layer.handle [as handle_request] (/Users/rrejin/Downloads/zolvex-deepclean/server/node_modules/express/lib/router/layer.js:95:5)\n    at trim_prefix (/Users/rrejin/Downloads/zolvex-deepclean/server/node_modules/express/lib/router/index.js:328:13)\n    at /Users/rrejin/Downloads/zolvex-deepclean/server/node_modules/express/lib/router/index.js:286:9\n    at router.process_params (/Users/rrejin/Downloads/zolvex-deepclean/server/node_modules/express/lib/router/index.js:346:12)\n    at next (/Users/rrejin/Downloads/zolvex-deepclean/server/node_modules/express/lib/router/index.js:280:10)\n    at jsonParser (/Users/rrejin/Downloads/zolvex-deepclean/server/node_modules/body-parser/lib/types/json.js:117:7)\n    at Layer.handle [as handle_request] (/Users/rrejin/Downloads/zolvex-deepclean/server/node_modules/express/lib/router/layer.js:95:5)\n    at trim_prefix (/Users/rrejin/Downloads/zolvex-deepclean/server/node_modules/express/lib/router/index.js:328:13)\n    at /Users/rrejin/Downloads/zolvex-deepclean/server/node_modules/express/lib/router/index.js:286:9\n    at router.process_params (/Users/rrejin/Downloads/zolvex-deepclean/server/node_modules/express/lib/router/index.js:346:12)\n    at next (/Users/rrejin/Downloads/zolvex-deepclean/server/node_modules/express/lib/router/index.js:280:10)\n    at cors (/Users/rrejin/Downloads/zolvex-deepclean/server/node_modules/cors/lib/index.js:188:7)\n    at /Users/rrejin/Downloads/zolvex-deepclean/server/node_modules/cors/lib/index.js:224:17\n    at originCallback (/Users/rrejin/Downloads/zolvex-deepclean/server/node_modules/cors/lib/index.js:214:15)\n    at /Users/rrejin/Downloads/zolvex-deepclean/server/node_modules/cors/lib/index.js:219:13\n    at optionsCallback (/Users/rrejin/Downloads/zolvex-deepclean/server/node_modules/cors/lib/index.js:199:9)\n    at corsMiddleware (/Users/rrejin/Downloads/zolvex-deepclean/server/node_modules/cors/lib/index.js:204:7)\n    at Layer.handle [as handle_request] (/Users/rrejin/Downloads/zolvex-deepclean/server/node_modules/express/lib/router/layer.js:95:5)\n    at trim_prefix (/Users/rrejin/Downloads/zolvex-deepclean/server/node_modules/express/lib/router/index.js:328:13)\n    at /Users/rrejin/Downloads/zolvex-deepclean/server/node_modules/express/lib/router/index.js:286:9\n    at router.process_params (/Users/rrejin/Downloads/zolvex-deepclean/server/node_modules/express/lib/router/index.js:346:12)\n    at next (/Users/rrejin/Downloads/zolvex-deepclean/server/node_modules/express/lib/router/index.js:280:10)\n    at internalNext (/Users/rrejin/Downloads/zolvex-deepclean/server/node_modules/helmet/index.cjs:558:6)\n    at xXssProtectionMiddleware (/Users/rrejin/Downloads/zolvex-deepclean/server/node_modules/helmet/index.cjs:338:3)\n    at internalNext (/Users/rrejin/Downloads/zolvex-deepclean/server/node_modules/helmet/index.cjs:556:6)\n    at xPoweredByMiddleware (/Users/rrejin/Downloads/zolvex-deepclean/server/node_modules/helmet/index.cjs:331:3)\n    at internalNext (/Users/rrejin/Downloads/zolvex-deepclean/server/node_modules/helmet/index.cjs:556:6)\n    at xPermittedCrossDomainPoliciesMiddleware (/Users/rrejin/Downloads/zolvex-deepclean/server/node_modules/helmet/index.cjs:324:3)\n    at internalNext (/Users/rrejin/Downloads/zolvex-deepclean/server/node_modules/helmet/index.cjs:556:6)\n    at xFrameOptionsMiddleware (/Users/rrejin/Downloads/zolvex-deepclean/server/node_modules/helmet/index.cjs:308:3)\n    at internalNext (/Users/rrejin/Downloads/zolvex-deepclean/server/node_modules/helmet/index.cjs:556:6)\n    at xDownloadOptionsMiddleware (/Users/rrejin/Downloads/zolvex-deepclean/server/node_modules/helmet/index.cjs:288:3)\n    at internalNext (/Users/rrejin/Downloads/zolvex-deepclean/server/node_modules/helmet/index.cjs:556:6)\n    at xDnsPrefetchControlMiddleware (/Users/rrejin/Downloads/zolvex-deepclean/server/node_modules/helmet/index.cjs:281:3)\n    at internalNext (/Users/rrejin/Downloads/zolvex-deepclean/server/node_modules/helmet/index.cjs:556:6)\n    at xContentTypeOptionsMiddleware (/Users/rrejin/Downloads/zolvex-deepclean/server/node_modules/helmet/index.cjs:273:3)\n    at internalNext (/Users/rrejin/Downloads/zolvex-deepclean/server/node_modules/helmet/index.cjs:556:6)\n    at strictTransportSecurityMiddleware (/Users/rrejin/Downloads/zolvex-deepclean/server/node_modules/helmet/index.cjs:266:3)\n    at internalNext (/Users/rrejin/Downloads/zolvex-deepclean/server/node_modules/helmet/index.cjs:556:6)\n    at referrerPolicyMiddleware (/Users/rrejin/Downloads/zolvex-deepclean/server/node_modules/helmet/index.cjs:234:3)\n    at internalNext (/Users/rrejin/Downloads/zolvex-deepclean/server/node_modules/helmet/index.cjs:556:6)\n    at originAgentClusterMiddleware (/Users/rrejin/Downloads/zolvex-deepclean/server/node_modules/helmet/index.cjs:209:3)\n    at internalNext (/Users/rrejin/Downloads/zolvex-deepclean/server/node_modules/helmet/index.cjs:556:6)\n    at crossOriginResourcePolicyMiddleware (/Users/rrejin/Downloads/zolvex-deepclean/server/node_modules/helmet/index.cjs:202:3)","timestamp":"2026-07-30 10:48:30"}
{"level":"info","message":"::ffff:127.0.0.1 - - [30/Jul/2026:05:18:30 +0000] \"GET /api/v1/admin/services HTTP/1.1\" 401 93 \"-\" \"-\"","service":"zolvex-backend","timestamp":"2026-07-30 10:48:30"}
{"ip":"::ffff:127.0.0.1","level":"error","message":"[GET] /api/v1/admin/analytics - 401: Authentication required. Please log in.","service":"zolvex-backend","stack":"Error: Authentication required. Please log in.\n    at authenticate (/Users/rrejin/Downloads/zolvex-deepclean/server/src/middleware/auth.js:18:13)\n    at Layer.handle [as handle_request] (/Users/rrejin/Downloads/zolvex-deepclean/server/node_modules/express/lib/router/layer.js:95:5)\n    at trim_prefix (/Users/rrejin/Downloads/zolvex-deepclean/server/node_modules/express/lib/router/index.js:328:13)\n    at /Users/rrejin/Downloads/zolvex-deepclean/server/node_modules/express/lib/router/index.js:286:9\n    at router.process_params (/Users/rrejin/Downloads/zolvex-deepclean/server/node_modules/express/lib/router/index.js:346:12)\n    at next (/Users/rrejin/Downloads/zolvex-deepclean/server/node_modules/express/lib/router/index.js:280:10)\n    at router.handle (/Users/rrejin/Downloads/zolvex-deepclean/server/node_modules/express/lib/router/index.js:175:3)\n    at router (/Users/rrejin/Downloads/zolvex-deepclean/server/node_modules/express/lib/router/index.js:47:12)\n    at Layer.handle [as handle_request] (/Users/rrejin/Downloads/zolvex-deepclean/server/node_modules/express/lib/router/layer.js:95:5)\n    at trim_prefix (/Users/rrejin/Downloads/zolvex-deepclean/server/node_modules/express/lib/router/index.js:328:13)\n    at /Users/rrejin/Downloads/zolvex-deepclean/server/node_modules/express/lib/router/index.js:286:9\n    at router.process_params (/Users/rrejin/Downloads/zolvex-deepclean/server/node_modules/express/lib/router/index.js:346:12)\n    at next (/Users/rrejin/Downloads/zolvex-deepclean/server/node_modules/express/lib/router/index.js:280:10)\n    at /Users/rrejin/Downloads/zolvex-deepclean/server/node_modules/express/lib/router/index.js:646:15\n    at next (/Users/rrejin/Downloads/zolvex-deepclean/server/node_modules/express/lib/router/index.js:265:14)\n    at router.handle (/Users/rrejin/Downloads/zolvex-deepclean/server/node_modules/express/lib/router/index.js:175:3)\n    at router (/Users/rrejin/Downloads/zolvex-deepclean/server/node_modules/express/lib/router/index.js:47:12)\n    at Layer.handle [as handle_request] (/Users/rrejin/Downloads/zolvex-deepclean/server/node_modules/express/lib/router/layer.js:95:5)\n    at trim_prefix (/Users/rrejin/Downloads/zolvex-deepclean/server/node_modules/express/lib/router/index.js:328:13)\n    at /Users/rrejin/Downloads/zolvex-deepclean/server/node_modules/express/lib/router/index.js:286:9\n    at router.process_params (/Users/rrejin/Downloads/zolvex-deepclean/server/node_modules/express/lib/router/index.js:346:12)\n    at next (/Users/rrejin/Downloads/zolvex-deepclean/server/node_modules/express/lib/router/index.js:280:10)\n    at /Users/rrejin/Downloads/zolvex-deepclean/server/node_modules/express/lib/router/index.js:646:15\n    at next (/Users/rrejin/Downloads/zolvex-deepclean/server/node_modules/express/lib/router/index.js:265:14)\n    at router.handle (/Users/rrejin/Downloads/zolvex-deepclean/server/node_modules/express/lib/router/index.js:175:3)\n    at router (/Users/rrejin/Downloads/zolvex-deepclean/server/node_modules/express/lib/router/index.js:47:12)\n    at Layer.handle [as handle_request] (/Users/rrejin/Downloads/zolvex-deepclean/server/node_modules/express/lib/router/layer.js:95:5)\n    at trim_prefix (/Users/rrejin/Downloads/zolvex-deepclean/server/node_modules/express/lib/router/index.js:328:13)\n    at /Users/rrejin/Downloads/zolvex-deepclean/server/node_modules/express/lib/router/index.js:286:9\n    at router.process_params (/Users/rrejin/Downloads/zolvex-deepclean/server/node_modules/express/lib/router/index.js:346:12)\n    at next (/Users/rrejin/Downloads/zolvex-deepclean/server/node_modules/express/lib/router/index.js:280:10)\n    at /Users/rrejin/Downloads/zolvex-deepclean/server/node_modules/express/lib/router/index.js:646:15\n    at next (/Users/rrejin/Downloads/zolvex-deepclean/server/node_modules/express/lib/router/index.js:265:14)\n    at router.handle (/Users/rrejin/Downloads/zolvex-deepclean/server/node_modules/express/lib/router/index.js:175:3)\n    at router (/Users/rrejin/Downloads/zolvex-deepclean/server/node_modules/express/lib/router/index.js:47:12)\n    at Layer.handle [as handle_request] (/Users/rrejin/Downloads/zolvex-deepclean/server/node_modules/express/lib/router/layer.js:95:5)\n    at trim_prefix (/Users/rrejin/Downloads/zolvex-deepclean/server/node_modules/express/lib/router/index.js:328:13)\n    at /Users/rrejin/Downloads/zolvex-deepclean/server/node_modules/express/lib/router/index.js:286:9\n    at router.process_params (/Users/rrejin/Downloads/zolvex-deepclean/server/node_modules/express/lib/router/index.js:346:12)\n    at next (/Users/rrejin/Downloads/zolvex-deepclean/server/node_modules/express/lib/router/index.js:280:10)\n    at /Users/rrejin/Downloads/zolvex-deepclean/server/node_modules/express/lib/router/index.js:646:15\n    at next (/Users/rrejin/Downloads/zolvex-deepclean/server/node_modules/express/lib/router/index.js:265:14)\n    at router.handle (/Users/rrejin/Downloads/zolvex-deepclean/server/node_modules/express/lib/router/index.js:175:3)\n    at router (/Users/rrejin/Downloads/zolvex-deepclean/server/node_modules/express/lib/router/index.js:47:12)\n    at Layer.handle [as handle_request] (/Users/rrejin/Downloads/zolvex-deepclean/server/node_modules/express/lib/router/layer.js:95:5)\n    at trim_prefix (/Users/rrejin/Downloads/zolvex-deepclean/server/node_modules/express/lib/router/index.js:328:13)\n    at /Users/rrejin/Downloads/zolvex-deepclean/server/node_modules/express/lib/router/index.js:286:9\n    at router.process_params (/Users/rrejin/Downloads/zolvex-deepclean/server/node_modules/express/lib/router/index.js:346:12)\n    at next (/Users/rrejin/Downloads/zolvex-deepclean/server/node_modules/express/lib/router/index.js:280:10)\n    at router.handle (/Users/rrejin/Downloads/zolvex-deepclean/server/node_modules/express/lib/router/index.js:175:3)\n    at router (/Users/rrejin/Downloads/zolvex-deepclean/server/node_modules/express/lib/router/index.js:47:12)\n    at Layer.handle [as handle_request] (/Users/rrejin/Downloads/zolvex-deepclean/server/node_modules/express/lib/router/layer.js:95:5)\n    at trim_prefix (/Users/rrejin/Downloads/zolvex-deepclean/server/node_modules/express/lib/router/index.js:328:13)\n    at /Users/rrejin/Downloads/zolvex-deepclean/server/node_modules/express/lib/router/index.js:286:9\n    at router.process_params (/Users/rrejin/Downloads/zolvex-deepclean/server/node_modules/express/lib/router/index.js:346:12)\n    at next (/Users/rrejin/Downloads/zolvex-deepclean/server/node_modules/express/lib/router/index.js:280:10)\n    at next (/Users/rrejin/Downloads/zolvex-deepclean/server/src/middleware/rateLimiter.js:28:27)\n    at Layer.handle [as handle_request] (/Users/rrejin/Downloads/zolvex-deepclean/server/node_modules/express/lib/router/layer.js:95:5)\n    at trim_prefix (/Users/rrejin/Downloads/zolvex-deepclean/server/node_modules/express/lib/router/index.js:328:13)\n    at /Users/rrejin/Downloads/zolvex-deepclean/server/node_modules/express/lib/router/index.js:286:9\n    at router.process_params (/Users/rrejin/Downloads/zolvex-deepclean/server/node_modules/express/lib/router/index.js:346:12)\n    at next (/Users/rrejin/Downloads/zolvex-deepclean/server/node_modules/express/lib/router/index.js:280:10)\n    at logger (/Users/rrejin/Downloads/zolvex-deepclean/server/node_modules/morgan/index.js:170:5)\n    at Layer.handle [as handle_request] (/Users/rrejin/Downloads/zolvex-deepclean/server/node_modules/express/lib/router/layer.js:95:5)\n    at trim_prefix (/Users/rrejin/Downloads/zolvex-deepclean/server/node_modules/express/lib/router/index.js:328:13)\n    at /Users/rrejin/Downloads/zolvex-deepclean/server/node_modules/express/lib/router/index.js:286:9\n    at router.process_params (/Users/rrejin/Downloads/zolvex-deepclean/server/node_modules/express/lib/router/index.js:346:12)\n    at next (/Users/rrejin/Downloads/zolvex-deepclean/server/node_modules/express/lib/router/index.js:280:10)\n    at /Users/rrejin/Downloads/zolvex-deepclean/server/node_modules/express-mongo-sanitize/index.js:122:5\n    at Layer.handle [as handle_request] (/Users/rrejin/Downloads/zolvex-deepclean/server/node_modules/express/lib/router/layer.js:95:5)\n    at trim_prefix (/Users/rrejin/Downloads/zolvex-deepclean/server/node_modules/express/lib/router/index.js:328:13)\n    at /Users/rrejin/Downloads/zolvex-deepclean/server/node_modules/express/lib/router/index.js:286:9\n    at router.process_params (/Users/rrejin/Downloads/zolvex-deepclean/server/node_modules/express/lib/router/index.js:346:12)\n    at next (/Users/rrejin/Downloads/zolvex-deepclean/server/node_modules/express/lib/router/index.js:280:10)\n    at cookieParser (/Users/rrejin/Downloads/zolvex-deepclean/server/node_modules/cookie-parser/index.js:57:14)\n    at Layer.handle [as handle_request] (/Users/rrejin/Downloads/zolvex-deepclean/server/node_modules/express/lib/router/layer.js:95:5)\n    at trim_prefix (/Users/rrejin/Downloads/zolvex-deepclean/server/node_modules/express/lib/router/index.js:328:13)\n    at /Users/rrejin/Downloads/zolvex-deepclean/server/node_modules/express/lib/router/index.js:286:9\n    at router.process_params (/Users/rrejin/Downloads/zolvex-deepclean/server/node_modules/express/lib/router/index.js:346:12)\n    at next (/Users/rrejin/Downloads/zolvex-deepclean/server/node_modules/express/lib/router/index.js:280:10)\n    at urlencodedParser (/Users/rrejin/Downloads/zolvex-deepclean/server/node_modules/body-parser/lib/types/urlencoded.js:95:7)\n    at Layer.handle [as handle_request] (/Users/rrejin/Downloads/zolvex-deepclean/server/node_modules/express/lib/router/layer.js:95:5)\n    at trim_prefix (/Users/rrejin/Downloads/zolvex-deepclean/server/node_modules/express/lib/router/index.js:328:13)\n    at /Users/rrejin/Downloads/zolvex-deepclean/server/node_modules/express/lib/router/index.js:286:9\n    at router.process_params (/Users/rrejin/Downloads/zolvex-deepclean/server/node_modules/express/lib/router/index.js:346:12)\n    at next (/Users/rrejin/Downloads/zolvex-deepclean/server/node_modules/express/lib/router/index.js:280:10)\n    at jsonParser (/Users/rrejin/Downloads/zolvex-deepclean/server/node_modules/body-parser/lib/types/json.js:117:7)\n    at Layer.handle [as handle_request] (/Users/rrejin/Downloads/zolvex-deepclean/server/node_modules/express/lib/router/layer.js:95:5)\n    at trim_prefix (/Users/rrejin/Downloads/zolvex-deepclean/server/node_modules/express/lib/router/index.js:328:13)\n    at /Users/rrejin/Downloads/zolvex-deepclean/server/node_modules/express/lib/router/index.js:286:9\n    at router.process_params (/Users/rrejin/Downloads/zolvex-deepclean/server/node_modules/express/lib/router/index.js:346:12)\n    at next (/Users/rrejin/Downloads/zolvex-deepclean/server/node_modules/express/lib/router/index.js:280:10)\n    at cors (/Users/rrejin/Downloads/zolvex-deepclean/server/node_modules/cors/lib/index.js:188:7)\n    at /Users/rrejin/Downloads/zolvex-deepclean/server/node_modules/cors/lib/index.js:224:17\n    at originCallback (/Users/rrejin/Downloads/zolvex-deepclean/server/node_modules/cors/lib/index.js:214:15)\n    at /Users/rrejin/Downloads/zolvex-deepclean/server/node_modules/cors/lib/index.js:219:13\n    at optionsCallback (/Users/rrejin/Downloads/zolvex-deepclean/server/node_modules/cors/lib/index.js:199:9)\n    at corsMiddleware (/Users/rrejin/Downloads/zolvex-deepclean/server/node_modules/cors/lib/index.js:204:7)\n    at Layer.handle [as handle_request] (/Users/rrejin/Downloads/zolvex-deepclean/server/node_modules/express/lib/router/layer.js:95:5)\n    at trim_prefix (/Users/rrejin/Downloads/zolvex-deepclean/server/node_modules/express/lib/router/index.js:328:13)","timestamp":"2026-07-30 10:48:30"}
{"level":"info","message":"::ffff:127.0.0.1 - - [30/Jul/2026:05:18:30 +0000] \"GET /api/v1/admin/analytics HTTP/1.1\" 401 93 \"-\" \"-\"","service":"zolvex-backend","timestamp":"2026-07-30 10:48:30"}
{"level":"info","message":"::ffff:127.0.0.1 - - [30/Jul/2026:05:18:30 +0000] \"GET /api/v1/admin/services HTTP/1.1\" 200 4913 \"-\" \"-\"","service":"zolvex-backend","timestamp":"2026-07-30 10:48:30"}
{"ip":"127.0.0.1","level":"error","message":"[GET] /api/v1/admin/bookings - 401: Invalid or expired access token","service":"zolvex-backend","stack":"Error: Invalid or expired access token\n    at authenticate (/Users/rrejin/Downloads/zolvex-deepclean/server/src/middleware/auth.js:23:13)\n    at Layer.handle [as handle_request] (/Users/rrejin/Downloads/zolvex-deepclean/server/node_modules/express/lib/router/layer.js:95:5)\n    at next (/Users/rrejin/Downloads/zolvex-deepclean/server/node_modules/express/lib/router/route.js:149:13)\n    at Route.dispatch (/Users/rrejin/Downloads/zolvex-deepclean/server/node_modules/express/lib/router/route.js:119:3)\n    at Layer.handle [as handle_request] (/Users/rrejin/Downloads/zolvex-deepclean/server/node_modules/express/lib/router/layer.js:95:5)\n    at /Users/rrejin/Downloads/zolvex-deepclean/server/node_modules/express/lib/router/index.js:284:15\n    at router.process_params (/Users/rrejin/Downloads/zolvex-deepclean/server/node_modules/express/lib/router/index.js:346:12)\n    at next (/Users/rrejin/Downloads/zolvex-deepclean/server/node_modules/express/lib/router/index.js:280:10)\n    at router.handle (/Users/rrejin/Downloads/zolvex-deepclean/server/node_modules/express/lib/router/index.js:175:3)\n    at router (/Users/rrejin/Downloads/zolvex-deepclean/server/node_modules/express/lib/router/index.js:47:12)","timestamp":"2026-07-30 10:49:00"}
{"ip":"127.0.0.1","level":"error","message":"[GET] /api/v1/admin/bookings - 401: Invalid or expired access token","service":"zolvex-backend","stack":"Error: Invalid or expired access token\n    at authenticate (/Users/rrejin/Downloads/zolvex-deepclean/server/src/middleware/auth.js:23:13)\n    at Layer.handle [as handle_request] (/Users/rrejin/Downloads/zolvex-deepclean/server/node_modules/express/lib/router/layer.js:95:5)\n    at next (/Users/rrejin/Downloads/zolvex-deepclean/server/node_modules/express/lib/router/route.js:149:13)\n    at Route.dispatch (/Users/rrejin/Downloads/zolvex-deepclean/server/node_modules/express/lib/router/route.js:119:3)\n    at Layer.handle [as handle_request] (/Users/rrejin/Downloads/zolvex-deepclean/server/node_modules/express/lib/router/layer.js:95:5)\n    at /Users/rrejin/Downloads/zolvex-deepclean/server/node_modules/express/lib/router/index.js:284:15\n    at router.process_params (/Users/rrejin/Downloads/zolvex-deepclean/server/node_modules/express/lib/router/index.js:346:12)\n    at next (/Users/rrejin/Downloads/zolvex-deepclean/server/node_modules/express/lib/router/index.js:280:10)\n    at router.handle (/Users/rrejin/Downloads/zolvex-deepclean/server/node_modules/express/lib/router/index.js:175:3)\n    at router (/Users/rrejin/Downloads/zolvex-deepclean/server/node_modules/express/lib/router/index.js:47:12)","timestamp":"2026-07-30 10:49:00"}
{"ip":"127.0.0.1","level":"error","message":"[PUT] /api/v1/admin/services/srv-001 - 500: Cast to ObjectId failed for value \"srv-001\" (type string) at path \"_id\" for model \"Service\"","service":"zolvex-backend","stack":"CastError: Cast to ObjectId failed for value \"srv-001\" (type string) at path \"_id\" for model \"Service\"\n    at SchemaObjectId.cast (/Users/rrejin/Downloads/zolvex-deepclean/server/node_modules/mongoose/lib/schema/objectId.js:253:11)\n    at SchemaType.applySetters (/Users/rrejin/Downloads/zolvex-deepclean/server/node_modules/mongoose/lib/schemaType.js:1288:12)\n    at SchemaType.castForQuery (/Users/rrejin/Downloads/zolvex-deepclean/server/node_modules/mongoose/lib/schemaType.js:1718:17)\n    at cast (/Users/rrejin/Downloads/zolvex-deepclean/server/node_modules/mongoose/lib/cast.js:390:32)\n    at Query.cast (/Users/rrejin/Downloads/zolvex-deepclean/server/node_modules/mongoose/lib/query.js:5060:12)\n    at Query._castConditions (/Users/rrejin/Downloads/zolvex-deepclean/server/node_modules/mongoose/lib/query.js:2374:10)\n    at model.Query._findOneAndUpdate (/Users/rrejin/Downloads/zolvex-deepclean/server/node_modules/mongoose/lib/query.js:3477:8)\n    at model.Query.exec (/Users/rrejin/Downloads/zolvex-deepclean/server/node_modules/mongoose/lib/query.js:4627:80)\n    at process.processTicksAndRejections (node:internal/process/task_queues:104:5)\n    at async /Users/rrejin/Downloads/zolvex-deepclean/server/src/controllers/serviceController.js:32:19","timestamp":"2026-07-30 10:54:51"}
{"ip":"127.0.0.1","level":"error","message":"[PUT] /api/v1/admin/services/srv-001 - 500: Cast to ObjectId failed for value \"srv-001\" (type string) at path \"_id\" for model \"Service\"","service":"zolvex-backend","stack":"CastError: Cast to ObjectId failed for value \"srv-001\" (type string) at path \"_id\" for model \"Service\"\n    at SchemaObjectId.cast (/Users/rrejin/Downloads/zolvex-deepclean/server/node_modules/mongoose/lib/schema/objectId.js:253:11)\n    at SchemaType.applySetters (/Users/rrejin/Downloads/zolvex-deepclean/server/node_modules/mongoose/lib/schemaType.js:1288:12)\n    at SchemaType.castForQuery (/Users/rrejin/Downloads/zolvex-deepclean/server/node_modules/mongoose/lib/schemaType.js:1718:17)\n    at cast (/Users/rrejin/Downloads/zolvex-deepclean/server/node_modules/mongoose/lib/cast.js:390:32)\n    at Query.cast (/Users/rrejin/Downloads/zolvex-deepclean/server/node_modules/mongoose/lib/query.js:5060:12)\n    at Query._castConditions (/Users/rrejin/Downloads/zolvex-deepclean/server/node_modules/mongoose/lib/query.js:2374:10)\n    at model.Query._findOneAndUpdate (/Users/rrejin/Downloads/zolvex-deepclean/server/node_modules/mongoose/lib/query.js:3477:8)\n    at model.Query.exec (/Users/rrejin/Downloads/zolvex-deepclean/server/node_modules/mongoose/lib/query.js:4627:80)\n    at process.processTicksAndRejections (node:internal/process/task_queues:104:5)\n    at async /Users/rrejin/Downloads/zolvex-deepclean/server/src/controllers/serviceController.js:32:19","timestamp":"2026-07-30 10:54:54"}
{"ip":"127.0.0.1","level":"error","message":"[PUT] /api/v1/admin/services/srv-001 - 500: Cast to ObjectId failed for value \"srv-001\" (type string) at path \"_id\" for model \"Service\"","service":"zolvex-backend","stack":"CastError: Cast to ObjectId failed for value \"srv-001\" (type string) at path \"_id\" for model \"Service\"\n    at SchemaObjectId.cast (/Users/rrejin/Downloads/zolvex-deepclean/server/node_modules/mongoose/lib/schema/objectId.js:253:11)\n    at SchemaType.applySetters (/Users/rrejin/Downloads/zolvex-deepclean/server/node_modules/mongoose/lib/schemaType.js:1288:12)\n    at SchemaType.castForQuery (/Users/rrejin/Downloads/zolvex-deepclean/server/node_modules/mongoose/lib/schemaType.js:1718:17)\n    at cast (/Users/rrejin/Downloads/zolvex-deepclean/server/node_modules/mongoose/lib/cast.js:390:32)\n    at Query.cast (/Users/rrejin/Downloads/zolvex-deepclean/server/node_modules/mongoose/lib/query.js:5060:12)\n    at Query._castConditions (/Users/rrejin/Downloads/zolvex-deepclean/server/node_modules/mongoose/lib/query.js:2374:10)\n    at model.Query._findOneAndUpdate (/Users/rrejin/Downloads/zolvex-deepclean/server/node_modules/mongoose/lib/query.js:3477:8)\n    at model.Query.exec (/Users/rrejin/Downloads/zolvex-deepclean/server/node_modules/mongoose/lib/query.js:4627:80)\n    at process.processTicksAndRejections (node:internal/process/task_queues:104:5)\n    at async /Users/rrejin/Downloads/zolvex-deepclean/server/src/controllers/serviceController.js:32:19","timestamp":"2026-07-30 10:54:54"}
{"ip":"127.0.0.1","level":"error","message":"[PUT] /api/v1/admin/services/srv-001 - 500: Cast to ObjectId failed for value \"srv-001\" (type string) at path \"_id\" for model \"Service\"","service":"zolvex-backend","stack":"CastError: Cast to ObjectId failed for value \"srv-001\" (type string) at path \"_id\" for model \"Service\"\n    at SchemaObjectId.cast (/Users/rrejin/Downloads/zolvex-deepclean/server/node_modules/mongoose/lib/schema/objectId.js:253:11)\n    at SchemaType.applySetters (/Users/rrejin/Downloads/zolvex-deepclean/server/node_modules/mongoose/lib/schemaType.js:1288:12)\n    at SchemaType.castForQuery (/Users/rrejin/Downloads/zolvex-deepclean/server/node_modules/mongoose/lib/schemaType.js:1718:17)\n    at cast (/Users/rrejin/Downloads/zolvex-deepclean/server/node_modules/mongoose/lib/cast.js:390:32)\n    at Query.cast (/Users/rrejin/Downloads/zolvex-deepclean/server/node_modules/mongoose/lib/query.js:5060:12)\n    at Query._castConditions (/Users/rrejin/Downloads/zolvex-deepclean/server/node_modules/mongoose/lib/query.js:2374:10)\n    at model.Query._findOneAndUpdate (/Users/rrejin/Downloads/zolvex-deepclean/server/node_modules/mongoose/lib/query.js:3477:8)\n    at model.Query.exec (/Users/rrejin/Downloads/zolvex-deepclean/server/node_modules/mongoose/lib/query.js:4627:80)\n    at process.processTicksAndRejections (node:internal/process/task_queues:104:5)\n    at async /Users/rrejin/Downloads/zolvex-deepclean/server/src/controllers/serviceController.js:32:19","timestamp":"2026-07-30 10:54:54"}
{"ip":"127.0.0.1","level":"error","message":"[PUT] /api/v1/admin/services/srv-001 - 500: Cast to ObjectId failed for value \"srv-001\" (type string) at path \"_id\" for model \"Service\"","service":"zolvex-backend","stack":"CastError: Cast to ObjectId failed for value \"srv-001\" (type string) at path \"_id\" for model \"Service\"\n    at SchemaObjectId.cast (/Users/rrejin/Downloads/zolvex-deepclean/server/node_modules/mongoose/lib/schema/objectId.js:253:11)\n    at SchemaType.applySetters (/Users/rrejin/Downloads/zolvex-deepclean/server/node_modules/mongoose/lib/schemaType.js:1288:12)\n    at SchemaType.castForQuery (/Users/rrejin/Downloads/zolvex-deepclean/server/node_modules/mongoose/lib/schemaType.js:1718:17)\n    at cast (/Users/rrejin/Downloads/zolvex-deepclean/server/node_modules/mongoose/lib/cast.js:390:32)\n    at Query.cast (/Users/rrejin/Downloads/zolvex-deepclean/server/node_modules/mongoose/lib/query.js:5060:12)\n    at Query._castConditions (/Users/rrejin/Downloads/zolvex-deepclean/server/node_modules/mongoose/lib/query.js:2374:10)\n    at model.Query._findOneAndUpdate (/Users/rrejin/Downloads/zolvex-deepclean/server/node_modules/mongoose/lib/query.js:3477:8)\n    at model.Query.exec (/Users/rrejin/Downloads/zolvex-deepclean/server/node_modules/mongoose/lib/query.js:4627:80)\n    at process.processTicksAndRejections (node:internal/process/task_queues:104:5)\n    at async /Users/rrejin/Downloads/zolvex-deepclean/server/src/controllers/serviceController.js:32:19","timestamp":"2026-07-30 10:54:55"}
{"ip":"127.0.0.1","level":"error","message":"[PUT] /api/v1/admin/services/srv-001 - 500: Cast to ObjectId failed for value \"srv-001\" (type string) at path \"_id\" for model \"Service\"","service":"zolvex-backend","stack":"CastError: Cast to ObjectId failed for value \"srv-001\" (type string) at path \"_id\" for model \"Service\"\n    at SchemaObjectId.cast (/Users/rrejin/Downloads/zolvex-deepclean/server/node_modules/mongoose/lib/schema/objectId.js:253:11)\n    at SchemaType.applySetters (/Users/rrejin/Downloads/zolvex-deepclean/server/node_modules/mongoose/lib/schemaType.js:1288:12)\n    at SchemaType.castForQuery (/Users/rrejin/Downloads/zolvex-deepclean/server/node_modules/mongoose/lib/schemaType.js:1718:17)\n    at cast (/Users/rrejin/Downloads/zolvex-deepclean/server/node_modules/mongoose/lib/cast.js:390:32)\n    at Query.cast (/Users/rrejin/Downloads/zolvex-deepclean/server/node_modules/mongoose/lib/query.js:5060:12)\n    at Query._castConditions (/Users/rrejin/Downloads/zolvex-deepclean/server/node_modules/mongoose/lib/query.js:2374:10)\n    at model.Query._findOneAndUpdate (/Users/rrejin/Downloads/zolvex-deepclean/server/node_modules/mongoose/lib/query.js:3477:8)\n    at model.Query.exec (/Users/rrejin/Downloads/zolvex-deepclean/server/node_modules/mongoose/lib/query.js:4627:80)\n    at process.processTicksAndRejections (node:internal/process/task_queues:104:5)\n    at async /Users/rrejin/Downloads/zolvex-deepclean/server/src/controllers/serviceController.js:32:19","timestamp":"2026-07-30 10:54:55"}
{"ip":"127.0.0.1","level":"error","message":"[PUT] /api/v1/admin/services/srv-001 - 500: Cast to ObjectId failed for value \"srv-001\" (type string) at path \"_id\" for model \"Service\"","service":"zolvex-backend","stack":"CastError: Cast to ObjectId failed for value \"srv-001\" (type string) at path \"_id\" for model \"Service\"\n    at SchemaObjectId.cast (/Users/rrejin/Downloads/zolvex-deepclean/server/node_modules/mongoose/lib/schema/objectId.js:253:11)\n    at SchemaType.applySetters (/Users/rrejin/Downloads/zolvex-deepclean/server/node_modules/mongoose/lib/schemaType.js:1288:12)\n    at SchemaType.castForQuery (/Users/rrejin/Downloads/zolvex-deepclean/server/node_modules/mongoose/lib/schemaType.js:1718:17)\n    at cast (/Users/rrejin/Downloads/zolvex-deepclean/server/node_modules/mongoose/lib/cast.js:390:32)\n    at Query.cast (/Users/rrejin/Downloads/zolvex-deepclean/server/node_modules/mongoose/lib/query.js:5060:12)\n    at Query._castConditions (/Users/rrejin/Downloads/zolvex-deepclean/server/node_modules/mongoose/lib/query.js:2374:10)\n    at model.Query._findOneAndUpdate (/Users/rrejin/Downloads/zolvex-deepclean/server/node_modules/mongoose/lib/query.js:3477:8)\n    at model.Query.exec (/Users/rrejin/Downloads/zolvex-deepclean/server/node_modules/mongoose/lib/query.js:4627:80)\n    at process.processTicksAndRejections (node:internal/process/task_queues:104:5)\n    at async /Users/rrejin/Downloads/zolvex-deepclean/server/src/controllers/serviceController.js:32:19","timestamp":"2026-07-30 10:55:03"}
{"ip":"127.0.0.1","level":"error","message":"[PUT] /api/v1/admin/services/srv-001 - 500: Cast to ObjectId failed for value \"srv-001\" (type string) at path \"_id\" for model \"Service\"","service":"zolvex-backend","stack":"CastError: Cast to ObjectId failed for value \"srv-001\" (type string) at path \"_id\" for model \"Service\"\n    at SchemaObjectId.cast (/Users/rrejin/Downloads/zolvex-deepclean/server/node_modules/mongoose/lib/schema/objectId.js:253:11)\n    at SchemaType.applySetters (/Users/rrejin/Downloads/zolvex-deepclean/server/node_modules/mongoose/lib/schemaType.js:1288:12)\n    at SchemaType.castForQuery (/Users/rrejin/Downloads/zolvex-deepclean/server/node_modules/mongoose/lib/schemaType.js:1718:17)\n    at cast (/Users/rrejin/Downloads/zolvex-deepclean/server/node_modules/mongoose/lib/cast.js:390:32)\n    at Query.cast (/Users/rrejin/Downloads/zolvex-deepclean/server/node_modules/mongoose/lib/query.js:5060:12)\n    at Query._castConditions (/Users/rrejin/Downloads/zolvex-deepclean/server/node_modules/mongoose/lib/query.js:2374:10)\n    at model.Query._findOneAndUpdate (/Users/rrejin/Downloads/zolvex-deepclean/server/node_modules/mongoose/lib/query.js:3477:8)\n    at model.Query.exec (/Users/rrejin/Downloads/zolvex-deepclean/server/node_modules/mongoose/lib/query.js:4627:80)\n    at process.processTicksAndRejections (node:internal/process/task_queues:104:5)\n    at async /Users/rrejin/Downloads/zolvex-deepclean/server/src/controllers/serviceController.js:32:19","timestamp":"2026-07-30 10:55:03"}
{"ip":"127.0.0.1","level":"error","message":"[PUT] /api/v1/admin/services/srv-001 - 500: Cast to ObjectId failed for value \"srv-001\" (type string) at path \"_id\" for model \"Service\"","service":"zolvex-backend","stack":"CastError: Cast to ObjectId failed for value \"srv-001\" (type string) at path \"_id\" for model \"Service\"\n    at SchemaObjectId.cast (/Users/rrejin/Downloads/zolvex-deepclean/server/node_modules/mongoose/lib/schema/objectId.js:253:11)\n    at SchemaType.applySetters (/Users/rrejin/Downloads/zolvex-deepclean/server/node_modules/mongoose/lib/schemaType.js:1288:12)\n    at SchemaType.castForQuery (/Users/rrejin/Downloads/zolvex-deepclean/server/node_modules/mongoose/lib/schemaType.js:1718:17)\n    at cast (/Users/rrejin/Downloads/zolvex-deepclean/server/node_modules/mongoose/lib/cast.js:390:32)\n    at Query.cast (/Users/rrejin/Downloads/zolvex-deepclean/server/node_modules/mongoose/lib/query.js:5060:12)\n    at Query._castConditions (/Users/rrejin/Downloads/zolvex-deepclean/server/node_modules/mongoose/lib/query.js:2374:10)\n    at model.Query._findOneAndUpdate (/Users/rrejin/Downloads/zolvex-deepclean/server/node_modules/mongoose/lib/query.js:3477:8)\n    at model.Query.exec (/Users/rrejin/Downloads/zolvex-deepclean/server/node_modules/mongoose/lib/query.js:4627:80)\n    at process.processTicksAndRejections (node:internal/process/task_queues:104:5)\n    at async /Users/rrejin/Downloads/zolvex-deepclean/server/src/controllers/serviceController.js:32:19","timestamp":"2026-07-30 10:55:03"}
{"ip":"127.0.0.1","level":"error","message":"[PUT] /api/v1/admin/services/srv-001 - 500: Cast to ObjectId failed for value \"srv-001\" (type string) at path \"_id\" for model \"Service\"","service":"zolvex-backend","stack":"CastError: Cast to ObjectId failed for value \"srv-001\" (type string) at path \"_id\" for model \"Service\"\n    at SchemaObjectId.cast (/Users/rrejin/Downloads/zolvex-deepclean/server/node_modules/mongoose/lib/schema/objectId.js:253:11)\n    at SchemaType.applySetters (/Users/rrejin/Downloads/zolvex-deepclean/server/node_modules/mongoose/lib/schemaType.js:1288:12)\n    at SchemaType.castForQuery (/Users/rrejin/Downloads/zolvex-deepclean/server/node_modules/mongoose/lib/schemaType.js:1718:17)\n    at cast (/Users/rrejin/Downloads/zolvex-deepclean/server/node_modules/mongoose/lib/cast.js:390:32)\n    at Query.cast (/Users/rrejin/Downloads/zolvex-deepclean/server/node_modules/mongoose/lib/query.js:5060:12)\n    at Query._castConditions (/Users/rrejin/Downloads/zolvex-deepclean/server/node_modules/mongoose/lib/query.js:2374:10)\n    at model.Query._findOneAndUpdate (/Users/rrejin/Downloads/zolvex-deepclean/server/node_modules/mongoose/lib/query.js:3477:8)\n    at model.Query.exec (/Users/rrejin/Downloads/zolvex-deepclean/server/node_modules/mongoose/lib/query.js:4627:80)\n    at process.processTicksAndRejections (node:internal/process/task_queues:104:5)\n    at async /Users/rrejin/Downloads/zolvex-deepclean/server/src/controllers/serviceController.js:32:19","timestamp":"2026-07-30 10:55:04"}
{"ip":"127.0.0.1","level":"error","message":"[PUT] /api/v1/admin/services/srv-001 - 500: Cast to ObjectId failed for value \"srv-001\" (type string) at path \"_id\" for model \"Service\"","service":"zolvex-backend","stack":"CastError: Cast to ObjectId failed for value \"srv-001\" (type string) at path \"_id\" for model \"Service\"\n    at SchemaObjectId.cast (/Users/rrejin/Downloads/zolvex-deepclean/server/node_modules/mongoose/lib/schema/objectId.js:253:11)\n    at SchemaType.applySetters (/Users/rrejin/Downloads/zolvex-deepclean/server/node_modules/mongoose/lib/schemaType.js:1288:12)\n    at SchemaType.castForQuery (/Users/rrejin/Downloads/zolvex-deepclean/server/node_modules/mongoose/lib/schemaType.js:1718:17)\n    at cast (/Users/rrejin/Downloads/zolvex-deepclean/server/node_modules/mongoose/lib/cast.js:390:32)\n    at Query.cast (/Users/rrejin/Downloads/zolvex-deepclean/server/node_modules/mongoose/lib/query.js:5060:12)\n    at Query._castConditions (/Users/rrejin/Downloads/zolvex-deepclean/server/node_modules/mongoose/lib/query.js:2374:10)\n    at model.Query._findOneAndUpdate (/Users/rrejin/Downloads/zolvex-deepclean/server/node_modules/mongoose/lib/query.js:3477:8)\n    at model.Query.exec (/Users/rrejin/Downloads/zolvex-deepclean/server/node_modules/mongoose/lib/query.js:4627:80)\n    at process.processTicksAndRejections (node:internal/process/task_queues:104:5)\n    at async /Users/rrejin/Downloads/zolvex-deepclean/server/src/controllers/serviceController.js:32:19","timestamp":"2026-07-30 10:55:04"}
{"ip":"127.0.0.1","level":"error","message":"[PUT] /api/v1/admin/services/srv-005 - 401: Authentication required. Please log in.","service":"zolvex-backend","stack":"Error: Authentication required. Please log in.\n    at authenticate (/Users/rrejin/Downloads/zolvex-deepclean/server/src/middleware/auth.js:18:13)\n    at Layer.handle [as handle_request] (/Users/rrejin/Downloads/zolvex-deepclean/server/node_modules/express/lib/router/layer.js:95:5)\n    at next (/Users/rrejin/Downloads/zolvex-deepclean/server/node_modules/express/lib/router/route.js:149:13)\n    at Route.dispatch (/Users/rrejin/Downloads/zolvex-deepclean/server/node_modules/express/lib/router/route.js:119:3)\n    at Layer.handle [as handle_request] (/Users/rrejin/Downloads/zolvex-deepclean/server/node_modules/express/lib/router/layer.js:95:5)\n    at /Users/rrejin/Downloads/zolvex-deepclean/server/node_modules/express/lib/router/index.js:284:15\n    at param (/Users/rrejin/Downloads/zolvex-deepclean/server/node_modules/express/lib/router/index.js:365:14)\n    at param (/Users/rrejin/Downloads/zolvex-deepclean/server/node_modules/express/lib/router/index.js:376:14)\n    at router.process_params (/Users/rrejin/Downloads/zolvex-deepclean/server/node_modules/express/lib/router/index.js:421:3)\n    at next (/Users/rrejin/Downloads/zolvex-deepclean/server/node_modules/express/lib/router/index.js:280:10)","timestamp":"2026-07-30 10:55:23"}
{"ip":"127.0.0.1","level":"error","message":"[PUT] /api/v1/admin/services/srv-005 - 500: Cast to ObjectId failed for value \"srv-005\" (type string) at path \"_id\" for model \"Service\"","service":"zolvex-backend","stack":"CastError: Cast to ObjectId failed for value \"srv-005\" (type string) at path \"_id\" for model \"Service\"\n    at SchemaObjectId.cast (/Users/rrejin/Downloads/zolvex-deepclean/server/node_modules/mongoose/lib/schema/objectId.js:253:11)\n    at SchemaType.applySetters (/Users/rrejin/Downloads/zolvex-deepclean/server/node_modules/mongoose/lib/schemaType.js:1288:12)\n    at SchemaType.castForQuery (/Users/rrejin/Downloads/zolvex-deepclean/server/node_modules/mongoose/lib/schemaType.js:1718:17)\n    at cast (/Users/rrejin/Downloads/zolvex-deepclean/server/node_modules/mongoose/lib/cast.js:390:32)\n    at Query.cast (/Users/rrejin/Downloads/zolvex-deepclean/server/node_modules/mongoose/lib/query.js:5060:12)\n    at Query._castConditions (/Users/rrejin/Downloads/zolvex-deepclean/server/node_modules/mongoose/lib/query.js:2374:10)\n    at model.Query._findOneAndUpdate (/Users/rrejin/Downloads/zolvex-deepclean/server/node_modules/mongoose/lib/query.js:3477:8)\n    at model.Query.exec (/Users/rrejin/Downloads/zolvex-deepclean/server/node_modules/mongoose/lib/query.js:4627:80)\n    at process.processTicksAndRejections (node:internal/process/task_queues:104:5)\n    at async /Users/rrejin/Downloads/zolvex-deepclean/server/src/controllers/serviceController.js:32:19","timestamp":"2026-07-30 10:55:32"}
{"level":"info","message":"🍃 MongoDB Connected: localhost/zolvex_deepclean","service":"zolvex-backend","timestamp":"2026-07-30 10:59:17"}
